行为树ID,显示名称,显示图片,"分类[ 0 = 全部 ,  1 =移动  ,  2 =  战斗 , 3 = 属性 ]",显示控制（0=默认全部可见 1=仅开发者可见 2=仅999渠道可见 9=都不显示）,,,,,,,,,,,,,,,,,,,,,,,,,,,,,,,,,,,
id,name,icon,subtab,display,,,,,,,,,,,,,,,,,,,,,,,,,,,,,,,,,,,
7369929886822842103_4,近战攻击,1001.png,3,9,,,,,,,,,,,,,,,,,,,,,,,,,,,,,,,,,,,
7373522751519997687_2,远程攻击,1001.png,3,9,,,,,,,,,,,,,,,,,,,,,,,,,,,,,,,,,,,
7369895144832384759_3,闲逛,1001.png,3,9,,,,,,,,,,,,,,,,,,,,,,,,,,,,,,,,,,,
7373875149291667191_4,飞行生物,1001.png,3,9,,,,,,,,,,,,,,,,,,,,,,,,,,,,,,,,,,,
7374701500999417591_1,幸存者,1001.png,3,9,,,,,,,,,,,,,,,,,,,,,,,,,,,,,,,,,,,
7375083864757911287_1,陌生幸存者,1001.png,3,9,,,,,,,,,,,,,,,,,,,,,,,,,,,,,,,,,,,
7375356019655589623_2,爬行生物,1001.png,3,9,,,,,,,,,,,,,,,,,,,,,,,,,,,,,,,,,,,
7376555552481754871_3,持盾生物,1001.png,3,9,,,,,,,,,,,,,,,,,,,,,,,,,,,,,,,,,,,
7377318085270454007_1,技能近战生物,1001.png,3,9,,,,,,,,,,,,,,,,,,,,,,,,,,,,,,,,,,,
7377589647462645495_3,毁灭日,1001.png,3,9,,,,,,,,,,,,,,,,,,,,,,,,,,,,,,,,,,,
7384996709406620182_1,大力士,1001.png,3,9,,,,,,,,,,,,,,,,,,,,,,,,,,,,,,,,,,,
7387597969234345719_1,小丑僵尸,1001.png,3,9,,,,,,,,,,,,,,,,,,,,,,,,,,,,,,,,,,,
7387672027355430647_1,清除障碍僵尸,1001.png,3,9,,,,,,,,,,,,,,,,,,,,,,,,,,,,,,,,,,,
7389192076411027191_1,擒抱僵尸,1001.png,3,9,,,,,,,,,,,,,,,,,,,,,,,,,,,,,,,,,,,
7389516552600305399_1,地勤指挥官,1001.png,3,9,,,,,,,,,,,,,,,,,,,,,,,,,,,,,,,,,,,
7391009165404815095_1,建筑僵尸,1001.png,3,9,,,,,,,,,,,,,,,,,,,,,,,,,,,,,,,,,,,
7392962129983979255_1,远程飞行僵尸,1001.png,3,9,,,,,,,,,,,,,,,,,,,,,,,,,,,,,,,,,,,
7395403027617683978_1,寻矿1,1001.png,3,9,,,,,,,,,,,,,,,,,,,,,,,,,,,,,,,,,,,
7400226653848214026_2,寻矿2,1001.png,3,9,,,,,,,,,,,,,,,,,,,,,,,,,,,,,,,,,,,
7437041701465374455_1,寒假demoboss,1001.png,3,9,,,,,,,,,,,,,,,,,,,,,,,,,,,,,,,,,,,
7440740510120820471_3,受伤逃跑,3006.png,1,0,,,,,,,,,,,,,,,,,,,,,,,,,,,,,,,,,,,
7440749469422599927_4,跟随玩家移动,3011.png,1,0,,,,,,,,,,,,,,,,,,,,,,,,,,,,,,,,,,,
7440734772044513015_1,近战攻击生物,3003.png,2,0,,,,,,,,,,,,,,,,,,,,,,,,,,,,,,,,,,,
7440737198701035255_2,近战攻击玩家,3010.png,2,0,,,,,,,,,,,,,,,,,,,,,,,,,,,,,,,,,,,
7440761289172598519_5,远程攻击生物,3003.png,2,0,,,,,,,,,,,,,,,,,,,,,,,,,,,,,,,,,,,
7440761357892075255_6,远程攻击玩家,3010.png,2,0,,,,,,,,,,,,,,,,,,,,,,,,,,,,,,,,,,,
7447781052440657655_1,闲逛,3011.png,1,0,,,,,,,,,,,,,,,,,,,,,,,,,,,,,,,,,,,
7449679290546536183_2,空中飞行,3011.png,3,0,,,,,,,,,,,,,,,,,,,,,,,,,,,,,,,,,,,
7449679380740849399_3,水中游泳,3011.png,3,0,,,,,,,,,,,,,,,,,,,,,,,,,,,,,,,,,,,
7449679123042811639_1,陆地行走,3011.png,3,0,,,,,,,,,,,,,,,,,,,,,,,,,,,,,,,,,,,
7450121848271683319_1,通用_被动攻击,3002.png,2,0,,,,,,,,,,,,,,,,,,,,,,,,,,,,,,,,,,,
7504942561729724151_1,羽蛇神,1001.png,3,9,,,,,,,,,,,,,,,,,,,,,,,,,,,,,,,,,,,
7304173362844684100_1,野人伍长,1001.png,3,9,,,,,,,,,,,,,,,,,,,,,,,,,,,,,,,,,,,
7322456723446389415_2,野人伍长,1001.png,3,9,,,,,,,,,,,,,,,,,,,,,,,,,,,,,,,,,,,
7314939174264255974_8,野人投矛伍长,1001.png,3,9,,,,,,,,,,,,,,,,,,,,,,,,,,,,,,,,,,,
7322456792165866151_3,野人投矛伍长,1001.png,3,9,,,,,,,,,,,,,,,,,,,,,,,,,,,,,,,,,,,
7316863044734957030_12,野人百夫长,1001.png,3,9,,,,,,,,,,,,,,,,,,,,,,,,,,,,,,,,,,,
7322457067043773095_4,野人百夫长,1001.png,3,9,,,,,,,,,,,,,,,,,,,,,,,,,,,,,,,,,,,
7306026262426564070_2,野人投矛百夫长,1001.png,3,9,,,,,,,,,,,,,,,,,,,,,,,,,,,,,,,,,,,
7322456594597370535_1,野人投矛百夫长,1001.png,3,9,,,,,,,,,,,,,,,,,,,,,,,,,,,,,,,,,,,
7310533358157313510_2,虚空蛋,1001.png,3,9,,,,,,,,,,,,,,,,,,,,,,,,,,,,,,,,,,,
7304173362844684100_1,虚空野人伍长,1001.png,3,9,,,,,,,,,,,,,,,,,,,,,,,,,,,,,,,,,,,
7316863044734957030_12,虚空野人百夫长,1001.png,3,9,,,,,,,,,,,,,,,,,,,,,,,,,,,,,,,,,,,
7314939174264255974_8,虚空野人投矛伍长,1001.png,3,9,,,,,,,,,,,,,,,,,,,,,,,,,,,,,,,,,,,
7306026262426564070_2,虚空野人投矛百夫长,1001.png,3,9,,,,,,,,,,,,,,,,,,,,,,,,,,,,,,,,,,,
7304499514071207748_4,虚空野萌宝,1001.png,3,9,,,,,,,,,,,,,,,,,,,,,,,,,,,,,,,,,,,
7306407079996831206_11,虚空使徒,1001.png,3,2,,,,,,,,,,,,,,,,,,,,,,,,,,,,,,,,,,,
7306443342405711334_13,野人破坏者,1001.png,3,9,,,,,,,,,,,,,,,,,,,,,,,,,,,,,,,,,,,
7306443342405711334_13,虚空野人破坏者,1001.png,3,9,,,,,,,,,,,,,,,,,,,,,,,,,,,,,,,,,,,
7541670016783761143_3,动物警戒,1001.png,2,0,,,,,,,,,,,,,,,,,,,,,,,,,,,,,,,,,,,
7541617712672030455_1,被吸引,1001.png,1,2,,,,,,,,,,,,,,,,,,,,,,,,,,,,,,,,,,,
7541681059144679159_5,睡觉,1001.png,1,2,,,,,,,,,,,,,,,,,,,,,,,,,,,,,,,,,,,
7541663574332817143_2,待机,1001.png,1,2,,,,,,,,,,,,,,,,,,,,,,,,,,,,,,,,,,,
7543248730797653751_8,狗_飞盘,3014.png,3,2,,,,,,,,,,,,,,,,,,,,,,,,,,,,,,,,,,,
7543203646525947639_4,狗_睡觉,3014.png,3,2,,,,,,,,,,,,,,,,,,,,,,,,,,,,,,,,,,,
7543187647772770039_2,狗_警戒,3014.png,3,2,,,,,,,,,,,,,,,,,,,,,,,,,,,,,,,,,,,
7541670016783761143_3,野狗_警戒玩家,3014.png,3,2,,,,,,,,,,,,,,,,,,,,,,,,,,,,,,,,,,,
7543244345636004535_7,狗_点击互动,3014.png,3,2,,,,,,,,,,,,,,,,,,,,,,,,,,,,,,,,,,,
7546550740309524215_2,小狗_跟随,3014.png,3,2,,,,,,,,,,,,,,,,,,,,,,,,,,,,,,,,,,,
7553966000345979402_1,小狗_待机闲逛,3014.png,3,2,,,,,,,,,,,,,,,,,,,,,,,,,,,,,,,,,,,
7546549305790447351_1,狗_空手互动,3014.png,3,2,,,,,,,,,,,,,,,,,,,,,,,,,,,,,,,,,,,
7546797399281244682_2,狗_待机闲逛,3014.png,3,2,,,,,,,,,,,,,,,,,,,,,,,,,,,,,,,,,,,
7550364159167175178_1,狗_被动攻击,3014.png,3,2,,,,,,,,,,,,,,,,,,,,,,,,,,,,,,,,,,,
7550523889000913418_2,小狗_胆小被打,3014.png,3,2,,,,,,,,,,,,,,,,,,,,,,,,,,,,,,,,,,,
7543175200957546231_1,兔_警戒,1002.png,3,2,,,,,,,,,,,,,,,,,,,,,,,,,,,,,,,,,,,
7543555819961584450_1,激光笔玩法,1002.png,3,2,,,,,,,,,,,,,,,,,,,,,,,,,,,,,,,,,,,
7543228428487245559_6,同类型追逐,1002.png,3,2,,,,,,,,,,,,,,,,,,,,,,,,,,,,,,,,,,,
7545437797318924810_1,野狗_待机闲逛,3014.png,3,2,,,,,,,,,,,,,,,,,,,,,,,,,,,,,,,,,,,
7545447619909130762_3,狗_护主,3014.png,3,2,,,,,,,,,,,,,,,,,,,,,,,,,,,,,,,,,,,
7545036021308342442_1,兔_受伤逃跑,1002.png,3,2,,,,,,,,,,,,,,,,,,,,,,,,,,,,,,,,,,,
7545387130589823146_2,兔_待机,1002.png,3,2,,,,,,,,,,,,,,,,,,,,,,,,,,,,,,,,,,,
7545419355729445034_5,兔_闲逛,1002.png,3,2,,,,,,,,,,,,,,,,,,,,,,,,,,,,,,,,,,,
7545440744666579114_6,兔_被吸引,1002.png,3,2,,,,,,,,,,,,,,,,,,,,,,,,,,,,,,,,,,,
7545441638019776682_7,兔_睡觉,1002.png,3,2,,,,,,,,,,,,,,,,,,,,,,,,,,,,,,,,,,,
7545443785503424682_8,兔_警戒行为,1002.png,3,2,,,,,,,,,,,,,,,,,,,,,,,,,,,,,,,,,,,
7545014098795174410_7,猪_逃跑,1002.png,3,2,,,,,,,,,,,,,,,,,,,,,,,,,,,,,,,,,,,
7545401577859717642_9,猪_掉落,1002.png,3,2,,,,,,,,,,,,,,,,,,,,,,,,,,,,,,,,,,,
7543896449520507402_3,猪_睡觉,1002.png,3,2,,,,,,,,,,,,,,,,,,,,,,,,,,,,,,,,,,,
7543896539714820618_5,猪_待机,1002.png,3,2,,,,,,,,,,,,,,,,,,,,,,,,,,,,,,,,,,,
7543896209002338826_1,猪_好奇,1002.png,3,2,,,,,,,,,,,,,,,,,,,,,,,,,,,,,,,,,,,
7545379244029778442_8,猪_拱地,1002.png,3,2,,,,,,,,,,,,,,,,,,,,,,,,,,,,,,,,,,,
7543901917013875210_6,猪_养殖,1002.png,3,2,,,,,,,,,,,,,,,,,,,,,,,,,,,,,,,,,,,
7543896470995343882_4,猪_吸引,1002.png,3,2,,,,,,,,,,,,,,,,,,,,,,,,,,,,,,,,,,,
7545767221310528010_2,狗_被吸引,3014.png,3,2,,,,,,,,,,,,,,,,,,,,,,,,,,,,,,,,,,,
7545760246283639306_16,小鸡-逃跑,1002.png,3,2,,,,,,,,,,,,,,,,,,,,,,,,,,,,,,,,,,,
7545758455282276874_15,小鸡-跟随,1002.png,3,2,,,,,,,,,,,,,,,,,,,,,,,,,,,,,,,,,,,
7545698025092422154_11,小鸡-被吸引,1002.png,3,2,,,,,,,,,,,,,,,,,,,,,,,,,,,,,,,,,,,
7545754851804715530_14,小鸡闲逛,1002.png,3,2,,,,,,,,,,,,,,,,,,,,,,,,,,,,,,,,,,,
7545751437305715210_12,小鸡-待机行为,1002.png,3,2,,,,,,,,,,,,,,,,,,,,,,,,,,,,,,,,,,,
7545322438792321546_6,鸡-乐器互动,1002.png,3,2,,,,,,,,,,,,,,,,,,,,,,,,,,,,,,,,,,,
7545318706465741322_2,鸡-被攻击逃跑,1002.png,3,2,,,,,,,,,,,,,,,,,,,,,,,,,,,,,,,,,,,
7545320982798408202_5,鸡-被碰撞逃跑,1002.png,3,2,,,,,,,,,,,,,,,,,,,,,,,,,,,,,,,,,,,
7545396419603995146_9,鸡-打盹,1002.png,3,2,,,,,,,,,,,,,,,,,,,,,,,,,,,,,,,,,,,
7545319062948026890_3,鸡-被吸引,1002.png,3,2,,,,,,,,,,,,,,,,,,,,,,,,,,,,,,,,,,,
7545385755200199178_8,鸡-打鸣,1002.png,3,2,,,,,,,,,,,,,,,,,,,,,,,,,,,,,,,,,,,
7545381245484538378_7,鸡-望向靠近玩家,1002.png,3,2,,,,,,,,,,,,,,,,,,,,,,,,,,,,,,,,,,,
7545753653508839946_13,鸡闲逛,1002.png,3,2,,,,,,,,,,,,,,,,,,,,,,,,,,,,,,,,,,,
7545319329235999242_4,鸡-待机行为,1002.png,3,2,,,,,,,,,,,,,,,,,,,,,,,,,,,,,,,,,,,
7545853000397363722_1,小猪_待机,1002.png,3,2,,,,,,,,,,,,,,,,,,,,,,,,,,,,,,,,,,,
7546070471771429386_1,野狗_被吸引,3014.png,3,2,,,,,,,,,,,,,,,,,,,,,,,,,,,,,,,,,,,
7546139729119166634_4,小兔-跟随,1002.png,3,2,,,,,,,,,,,,,,,,,,,,,,,,,,,,,,,,,,,
7546518459335327479_4,狗_跟随与自由移动,3014.png,3,2,,,,,,,,,,,,,,,,,,,,,,,,,,,,,,,,,,,
7545389981448018442_8,野猫 被动攻击,1002.png,3,2,,,,,,,,,,,,,,,,,,,,,,,,,,,,,,,,,,,
7547013388891593226_3,野猫_待机闲逛,1002.png,3,2,,,,,,,,,,,,,,,,,,,,,,,,,,,,,,,,,,,
7547010790436379146_1,野猫_被吸引,1002.png,3,2,,,,,,,,,,,,,,,,,,,,,,,,,,,,,,,,,,,
7545389921318476298_7,野猫_警戒玩家,1002.png,3,2,,,,,,,,,,,,,,,,,,,,,,,,,,,,,,,,,,,
7547012937920027146_2,猫_睡觉,1002.png,3,2,,,,,,,,,,,,,,,,,,,,,,,,,,,,,,,,,,,
7546238538136689162_17,猫_激光笔玩法,1002.png,3,2,,,,,,,,,,,,,,,,,,,,,,,,,,,,,,,,,,,
7545447499650046474_13,猫_黏人,1002.png,3,2,,,,,,,,,,,,,,,,,,,,,,,,,,,,,,,,,,,
7545447628499065354_14,猫_隐藏彩蛋,1002.png,3,2,,,,,,,,,,,,,,,,,,,,,,,,,,,,,,,,,,,
7545447744463182346_15,猫打闹,1002.png,3,2,,,,,,,,,,,,,,,,,,,,,,,,,,,,,,,,,,,
7547032020459723274_2,猫_跟随/自由移动,1002.png,3,2,,,,,,,,,,,,,,,,,,,,,,,,,,,,,,,,,,,
7547034124993698314_3,猫_被吸引,1002.png,3,2,,,,,,,,,,,,,,,,,,,,,,,,,,,,,,,,,,,
7547026351102892554_1,猫_空手互动,1002.png,3,2,,,,,,,,,,,,,,,,,,,,,,,,,,,,,,,,,,,
7547375209821510154_2,猫_待机闲逛,1002.png,3,2,,,,,,,,,,,,,,,,,,,,,,,,,,,,,,,,,,,
7552832017310685706_1,猫_被动攻击,1002.png,3,2,,,,,,,,,,,,,,,,,,,,,,,,,,,,,,,,,,,
7547383962964859402_1,小猫_跟随,1002.png,3,2,,,,,,,,,,,,,,,,,,,,,,,,,,,,,,,,,,,
7553977047001864714_2,小猫_待机闲逛,1002.png,3,2,,,,,,,,,,,,,,,,,,,,,,,,,,,,,,,,,,,
7549147729939667466_1,野猫_怕人,1002.png,3,2,,,,,,,,,,,,,,,,,,,,,,,,,,,,,,,,,,,
7546872287331106986_1,兔_看向玩家,1002.png,3,2,,,,,,,,,,,,,,,,,,,,,,,,,,,,,,,,,,,
7546886898809847978_3,兔_喂食互动,1002.png,3,2,,,,,,,,,,,,,,,,,,,,,,,,,,,,,,,,,,,
7546924149061206186_4,兔_吃饲料槽,1002.png,3,2,,,,,,,,,,,,,,,,,,,,,,,,,,,,,,,,,,,
7546843935251896842_2,猪_进食,1002.png,3,2,,,,,,,,,,,,,,,,,,,,,,,,,,,,,,,,,,,
7546859281170045450_3,小猪_跟随母亲,1002.png,3,2,,,,,,,,,,,,,,,,,,,,,,,,,,,,,,,,,,,
7546922490203740682_2,鸡-饲料槽,1002.png,3,2,,,,,,,,,,,,,,,,,,,,,,,,,,,,,,,,,,,
7546922825211189770_3,小鸡-饲料槽,1002.png,3,2,,,,,,,,,,,,,,,,,,,,,,,,,,,,,,,,,,,
7569428149899640567_1,迷你玩伴,1002.png,3,2,,,,,,,,,,,,,,,,,,,,,,,,,,,,,,,,,,,
7573578212588919306_1,仓鼠_惊吓彩蛋,3001.png,3,2,,,,,,,,,,,,,,,,,,,,,,,,,,,,,,,,,,,
7573578371502709258_3,仓鼠_胆小被打跑,3001.png,3,2,,,,,,,,,,,,,,,,,,,,,,,,,,,,,,,,,,,
7573578564776237578_4,仓鼠_饱了藏东西,3001.png,3,2,,,,,,,,,,,,,,,,,,,,,,,,,,,,,,,,,,,
7573578736574929418_5,野仓鼠_被吸引,3001.png,3,2,,,,,,,,,,,,,,,,,,,,,,,,,,,,,,,,,,,
7573578912668588554_6,仓鼠_睡觉,3001.png,3,2,,,,,,,,,,,,,,,,,,,,,,,,,,,,,,,,,,,
7573579320690481674_7,仓鼠_同类互动,3001.png,3,2,,,,,,,,,,,,,,,,,,,,,,,,,,,,,,,,,,,
7573579501079108106_8,仓鼠_找仓鼠轮,3001.png,3,2,,,,,,,,,,,,,,,,,,,,,,,,,,,,,,,,,,,
7573579591273421322_9,仓鼠_待机闲逛,3001.png,3,2,,,,,,,,,,,,,,,,,,,,,,,,,,,,,,,,,,,
7586609903574194698_1,野仓鼠_定时藏东西,3001.png,3,2,,,,,,,,,,,,,,,,,,,,,,,,,,,,,,,,,,,
7573580716554852874_11,仓鼠_被吸引,3001.png,3,2,,,,,,,,,,,,,,,,,,,,,,,,,,,,,,,,,,,
7573580948483086858_13,仓鼠_空手互动,3001.png,3,2,,,,,,,,,,,,,,,,,,,,,,,,,,,,,,,,,,,
7573580978547857930_14,仓鼠_跟随与自由,3001.png,3,2,,,,,,,,,,,,,,,,,,,,,,,,,,,,,,,,,,,
7573581618497985034_15,小仓鼠_跟随母亲,3001.png,3,2,,,,,,,,,,,,,,,,,,,,,,,,,,,,,,,,,,,
7593189999630096906_1,仓鼠_游泳行为,3001.png,3,2,,,,,,,,,,,,,,,,,,,,,,,,,,,,,,,,,,,
7593281276275071498_2,小仓鼠_待机闲逛,3001.png,3,2,,,,,,,,,,,,,,,,,,,,,,,,,,,,,,,,,,,
7573614187234990602_1,羊类_逃跑,1002.png,3,2,,,,,,,,,,,,,,,,,,,,,,,,,,,,,,,,,,,
7573614827185117706_2,羊类_吸引,1002.png,3,2,,,,,,,,,,,,,,,,,,,,,,,,,,,,,,,,,,,
7573614925969365514_3,羊类_睡觉,1002.png,3,2,,,,,,,,,,,,,,,,,,,,,,,,,,,,,,,,,,,
7573615222322108938_4,野羊_特性,1002.png,3,2,,,,,,,,,,,,,,,,,,,,,,,,,,,,,,,,,,,
7573615531559754250_5,野羊_待机,1002.png,3,2,,,,,,,,,,,,,,,,,,,,,,,,,,,,,,,,,,,
7573616905949288970_6,羊类_好奇,1002.png,3,2,,,,,,,,,,,,,,,,,,,,,,,,,,,,,,,,,,,
7573617425640331786_7,小野羊_跟随,1002.png,3,2,,,,,,,,,,,,,,,,,,,,,,,,,,,,,,,,,,,
7573618392007973386_8,野羊_临时坐骑,1002.png,3,2,,,,,,,,,,,,,,,,,,,,,,,,,,,,,,,,,,,
7574005128043174410_9,野羊_天赋,1002.png,3,2,,,,,,,,,,,,,,,,,,,,,,,,,,,,,,,,,,,
7574001017759472138_9,野牛_待机闲逛,1002.png,3,2,,,,,,,,,,,,,,,,,,,,,,,,,,,,,,,,,,,
7574001039234308618_10,野牛_受击反击,1002.png,3,2,,,,,,,,,,,,,,,,,,,,,,,,,,,,,,,,,,,
7574001056414177802_11,野牛_睡觉,1002.png,3,2,,,,,,,,,,,,,,,,,,,,,,,,,,,,,,,,,,,
7574003422941157898_12,野牛_被吸引,1002.png,3,2,,,,,,,,,,,,,,,,,,,,,,,,,,,,,,,,,,,
7574005806648007178_13,小野牛_跟随母,1002.png,3,2,,,,,,,,,,,,,,,,,,,,,,,,,,,,,,,,,,,
7574006957699242506_14,野牛_特殊吃草,1002.png,3,2,,,,,,,,,,,,,,,,,,,,,,,,,,,,,,,,,,,
7574008486707599882_15,野牛_进食饲料,1002.png,3,2,,,,,,,,,,,,,,,,,,,,,,,,,,,,,,,,,,,
7573970970168269322_5,绵羊-待机,1002.png,3,2,,,,,,,,,,,,,,,,,,,,,,,,,,,,,,,,,,,
7573972881428716042_6,绵羊-天赋,1002.png,3,2,,,,,,,,,,,,,,,,,,,,,,,,,,,,,,,,,,,
7573982888702515722_7,绵羊-特性,1002.png,3,2,,,,,,,,,,,,,,,,,,,,,,,,,,,,,,,,,,,
7573982983191796234_8,小绵羊-跟随,1002.png,3,2,,,,,,,,,,,,,,,,,,,,,,,,,,,,,,,,,,,
7574727027477624762_10,奶牛-吃草,1002.png,3,2,,,,,,,,,,,,,,,,,,,,,,,,,,,,,,,,,,,
7574708932780406714_4,奶牛-被吸引,1002.png,3,2,,,,,,,,,,,,,,,,,,,,,,,,,,,,,,,,,,,
7574727847816378298_11,奶牛-乐器互动,1002.png,3,2,,,,,,,,,,,,,,,,,,,,,,,,,,,,,,,,,,,
7574707094534404026_3,奶牛-被攻击逃跑,1002.png,3,2,,,,,,,,,,,,,,,,,,,,,,,,,,,,,,,,,,,
7574712012271957946_7,奶牛-睡觉,1002.png,3,2,,,,,,,,,,,,,,,,,,,,,,,,,,,,,,,,,,,
7574714292899592122_8,奶牛-饲料槽,1002.png,3,2,,,,,,,,,,,,,,,,,,,,,,,,,,,,,,,,,,,
7574717028793759674_9,奶牛-待机行为,1002.png,3,2,,,,,,,,,,,,,,,,,,,,,,,,,,,,,,,,,,,
7575021017657782948_7,野熊猫_被吸引,1002.png,3,2,,,,,,,,,,,,,,,,,,,,,,,,,,,,,,,,,,,
7575023452904239780_8,熊猫_睡觉,1002.png,3,2,,,,,,,,,,,,,,,,,,,,,,,,,,,,,,,,,,,
7575024075674497700_9,熊猫_待机动作加闲逛,1002.png,3,2,,,,,,,,,,,,,,,,,,,,,,,,,,,,,,,,,,,
7575024243178222244_10,熊猫_闲逛,1002.png,3,2,,,,,,,,,,,,,,,,,,,,,,,,,,,,,,,,,,,
7575091038509609636_1,熊猫_同类互动,1002.png,3,2,,,,,,,,,,,,,,,,,,,,,,,,,,,,,,,,,,,
7575091403581829796_2,熊猫_跟随与自由,1002.png,3,2,,,,,,,,,,,,,,,,,,,,,,,,,,,,,,,,,,,
7575092056416858788_3,熊猫_被吸引,1002.png,3,2,,,,,,,,,,,,,,,,,,,,,,,,,,,,,,,,,,,
7589169124262025738_5,熊猫_空手互动,1002.png,3,2,,,,,,,,,,,,,,,,,,,,,,,,,,,,,,,,,,,
7574941186100566538_2,野牛_护崽,1002.png,3,2,,,,,,,,,,,,,,,,,,,,,,,,,,,,,,,,,,,
7574863674825775626_1,小野牛_受击逃,1002.png,3,2,,,,,,,,,,,,,,,,,,,,,,,,,,,,,,,,,,,
7576210563684899338_4,野牛_结伴,1002.png,3,2,,,,,,,,,,,,,,,,,,,,,,,,,,,,,,,,,,,
7576636221713825527_2,通用村民_时间表,1002.png,3,2,,,,,,,,,,,,,,,,,,,,,,,,,,,,,,,,,,,
7576636019850362615_1,通用村民_闲逛,1002.png,3,2,,,,,,,,,,,,,,,,,,,,,,,,,,,,,,,,,,,
7576649183925124855_3,通用村民_被动,1002.png,3,2,,,,,,,,,,,,,,,,,,,,,,,,,,,,,,,,,,,
7579093410158483978_3,樵夫工作行为,1002.png,3,2,,,,,,,,,,,,,,,,,,,,,,,,,,,,,,,,,,,
7579089098011318794_2,商人工作行为,1002.png,3,2,,,,,,,,,,,,,,,,,,,,,,,,,,,,,,,,,,,
7578830115778337290_1,养殖工工作行为,1002.png,3,2,,,,,,,,,,,,,,,,,,,,,,,,,,,,,,,,,,,
7582569006068678211_1,农民工作行为,1002.png,3,2,,,,,,,,,,,,,,,,,,,,,,,,,,,,,,,,,,,
7584015933306060355_1,助手工作行为,1002.png,3,2,,,,,,,,,,,,,,,,,,,,,,,,,,,,,,,,,,,
7585463607867752003_1,建筑工工作行为,1002.png,3,2,,,,,,,,,,,,,,,,,,,,,,,,,,,,,,,,,,,
7584753009823596099_1,厨师工作行为,1002.png,3,2,,,,,,,,,,,,,,,,,,,,,,,,,,,,,,,,,,,
7579916386021939722_1,冰民工作行为,1002.png,3,2,,,,,,,,,,,,,,,,,,,,,,,,,,,,,,,,,,,
7579821755007506954_1,战士工作行为,1002.png,3,2,,,,,,,,,,,,,,,,,,,,,,,,,,,,,,,,,,,
7579887412172560906_2,渔民工作行为,1002.png,3,2,,,,,,,,,,,,,,,,,,,,,,,,,,,,,,,,,,,
7585116131128509418_2,无职业,1002.png,3,2,,,,,,,,,,,,,,,,,,,,,,,,,,,,,,,,,,,
7588105965237443082_3,通用小孩行为,1002.png,3,2,,,,,,,,,,,,,,,,,,,,,,,,,,,,,,,,,,,
7588172369726806538_1,猎人工作行为,1002.png,3,2,,,,,,,,,,,,,,,,,,,,,,,,,,,,,,,,,,,
7588805771028872771_1,倒班模板,1002.png,3,2,,,,,,,,,,,,,,,,,,,,,,,,,,,,,,,,,,,
7588883449807388227_1,无职业驯服行为,1002.png,3,2,,,,,,,,,,,,,,,,,,,,,,,,,,,,,,,,,,,
7579165084572719626_1,草原工作行为,1002.png,3,2,,,,,,,,,,,,,,,,,,,,,,,,,,,,,,,,,,,
7591495236599955011_1,沙漠村民工作行为,1002.png,3,2,,,,,,,,,,,,,,,,,,,,,,,,,,,,,,,,,,,
7592918103430497497_1,奶牛游泳,1002.png,3,2,,,,,,,,,,,,,,,,,,,,,,,,,,,,,,,,,,,
7594376597014807769_1,小奶牛游泳,1002.png,3,2,,,,,,,,,,,,,,,,,,,,,,,,,,,,,,,,,,,
7594450628366047754_1,猫抓鼠鼠,1002.png,3,2,,,,,,,,,,,,,,,,,,,,,,,,,,,,,,,,,,,
7594452135899568650_2,通用_躲避害怕对象,1002.png,3,2,,,,,,,,,,,,,,,,,,,,,,,,,,,,,,,,,,,
7599554553752337987_1,野生小恶魔,1002.png,3,2,,,,,,,,,,,,,,,,,,,,,,,,,,,,,,,,,,,
7600699390169988675_3,周年商人,1002.png,3,2,,,,,,,,,,,,,,,,,,,,,,,,,,,,,,,,,,,
7602153081980862019_1,大恶魔,1002.png,3,2,,,,,,,,,,,,,,,,,,,,,,,,,,,,,,,,,,,
7612570005466267203_1,驯服小恶魔,1002.png,3,2,,,,,,,,,,,,,,,,,,,,,,,,,,,,,,,,,,,
7615875694765021706_1,通用_护崽,3004.png,3,2,,,,,,,,,,,,,,,,,,,,,,,,,,,,,,,,,,,
7615876137146653194_2,野狼_假寐,3003.png,3,2,,,,,,,,,,,,,,,,,,,,,,,,,,,,,,,,,,,
7615876227340966410_3,通用_捕食,3004.png,3,2,,,,,,,,,,,,,,,,,,,,,,,,,,,,,,,,,,,
7615877588845599242_4,野狼_被动攻击,3003.png,3,2,,,,,,,,,,,,,,,,,,,,,,,,,,,,,,,,,,,
7615877606025468426_5,野狼_暗夜突袭,3003.png,3,2,,,,,,,,,,,,,,,,,,,,,,,,,,,,,,,,,,,
7615878516558535178_6,通用_警戒_未驯,3004.png,3,2,,,,,,,,,,,,,,,,,,,,,,,,,,,,,,,,,,,
7615880247430355466_7,通用_吸引_未驯,3004.png,3,2,,,,,,,,,,,,,,,,,,,,,,,,,,,,,,,,,,,
7615880578142837258_8,通用_睡觉,3004.png,3,2,,,,,,,,,,,,,,,,,,,,,,,,,,,,,,,,,,,
7615880960394926602_9,野狼_聚众,3003.png,3,2,,,,,,,,,,,,,,,,,,,,,,,,,,,,,,,,,,,
7615881664769563146_12,通用_待机闲逛,3004.png,3,2,,,,,,,,,,,,,,,,,,,,,,,,,,,,,,,,,,,
7616672247989672458_1,通用_跟随母亲,3004.png,3,2,,,,,,,,,,,,,,,,,,,,,,,,,,,,,,,,,,,
7617758174635891210_2,通用_出水都买,3004.png,3,2,,,,,,,,,,,,,,,,,,,,,,,,,,,,,,,,,,,
7617757981362362890_1,狼彩蛋_战狼,3003.png,3,2,,,,,,,,,,,,,,,,,,,,,,,,,,,,,,,,,,,
7617773207021427210_1,通用_护院,3004.png,3,2,,,,,,,,,,,,,,,,,,,,,,,,,,,,,,,,,,,
7617773859856456202_2,通用_吸引_驯服,3004.png,3,2,,,,,,,,,,,,,,,,,,,,,,,,,,,,,,,,,,,
7617774216338741770_3,通用_空手互动,3004.png,3,2,,,,,,,,,,,,,,,,,,,,,,,,,,,,,,,,,,,
7617774456856910346_4,通用_跟随与待机切换,3004.png,3,2,,,,,,,,,,,,,,,,,,,,,,,,,,,,,,,,,,,
7617775543483636234_5,通用_警戒_驯服,3004.png,3,2,,,,,,,,,,,,,,,,,,,,,,,,,,,,,,,,,,,
7618484256037149194_1,野狼_呼叫救援,3003.png,3,2,,,,,,,,,,,,,,,,,,,,,,,,,,,,,,,,,,,
7618886927401107011_2,活化生物跟随行为,3003.png,3,2,,,,,,,,,,,,,,,,,,,,,,,,,,,,,,,,,,,
7618885845069348419_1,活化生物通用行为,3003.png,3,2,,,,,,,,,,,,,,,,,,,,,,,,,,,,,,,,,,,
7621402226753280522_1,野狼_待机闲逛,3003.png,3,2,,,,,,,,,,,,,,,,,,,,,,,,,,,,,,,,,,,
7621405280475027978_2,狼_待机闲逛,3003.png,3,2,,,,,,,,,,,,,,,,,,,,,,,,,,,,,,,,,,,
7620293662334532045_2,扫把-被动行为,1002.png,3,2,,,,,,,,,,,,,,,,,,,,,,,,,,,,,,,,,,,
7619178259327760845_1,扫把-闲逛行为,1002.png,3,2,,,,,,,,,,,,,,,,,,,,,,,,,,,,,,,,,,,
7623631981499922893_1,扫把-活化表现,1002.png,3,2,,,,,,,,,,,,,,,,,,,,,,,,,,,,,,,,,,,
7639006941217298954_1,修狗法师行为,1002.png,3,2,,,,,,,,,,,,,,,,,,,,,,,,,,,,,,,,,,,
7639279083230075402_1,老村长投影行为,1002.png,3,2,,,,,,,,,,,,,,,,,,,,,,,,,,,,,,,,,,,
7641906643290031231_1,蘑菇国王工作行为,1002.png,3,2,,,,,,,,,,,,,,,,,,,,,,,,,,,,,,,,,,,
7642195774045952522_7,大法师驯服前互动行为,1002.png,3,2,,,,,,,,,,,,,,,,,,,,,,,,,,,,,,,,,,,
7642195769750985226_6,法术老村长工作行为,1002.png,3,2,,,,,,,,,,,,,,,,,,,,,,,,,,,,,,,,,,,
7642195769750985226_5,猫勾守卫者工作行为,1002.png,3,2,,,,,,,,,,,,,,,,,,,,,,,,,,,,,,,,,,,806
7642195769750985226_4,猪厨师工作行为,1002.png,3,2,,,,,,,,,,,,,,,,,,,,,,,,,,,,,,,,95,,,807
7642195769750985226_3,猫种植工作行为,1002.png,3,2,,,,,,,,,,,,,,,,,,,,,,,,,,,,,,,,,,,
7642195765456017930_2,皮皮猪工作行为,1002.png,3,2,,,,,,,,,,,,,,,,,,,,,,,,,,,,,,,,,,,
7642194764728637962_1,钓鱼猫工作行为,1002.png,3,2,,,,,,,,,,,,,,,,,,,,,,,,,,,,,,,,,,,
7642195774045952522_8,演奏猫工作行为,1002.png,3,2,,,,,,,,,,,,,,,,,,,,,,,,,,,,,,,,,,,
7642196156298041866_9,勾舞者工作行为,1002.png,3,2,,,,,,,,,,,,,,,,,,,,,,,,,,,,,,,,,,,
7641907278945191039_2,蘑菇商人工作行为,1002.png,3,2,,,,,,,,,,,,,,,,,,,,,,,,,,,,,,,,,,,
7641907536643228799_3,蘑菇法师工作行为,1002.png,3,2,,,,,,,,,,,,,,,,,,,,,,,,,,,,,,,,,,,
7642251997315335295_4,蘑菇战士工作行为,1002.png,3,2,,,,,,,,,,,,,,,,,,,,,,,,,,,,,,,,,,,
7642252100394550399_5,蘑菇乐手工作行为,1002.png,3,2,,,,,,,,,,,,,,,,,,,,,,,,,,,,,,,,,,,
7642252181998929023_6,蘑菇舞者工作行为,1002.png,3,2,,,,,,,,,,,,,,,,,,,,,,,,,,,,,,,,,,,
7642252263603307647_7,蘑菇村民工作行为,1002.png,3,2,,,,,,,,,,,,,,,,,,,,,,,,,,,,,,,,,,,
7634536083125713357_2,六一商人综合行为,1002.png,3,2,,,,,,,,,,,,,,,,,,,,,,,,,,,,,,,,,,,
7649288498070946969_2,草精灵战斗行为,1002.png,3,2,,,,,,,,,,,,,,,,,,,,,,,,,,,,,,,,,,,
7649364370815719946_1,被动_动物村民,1002.png,3,2,,,,,,,,,,,,,,,,,,,,,,,,,,,,,,,,,,,
7649364405175458314_2,时间表_动物村民,1002.png,3,2,,,,,,,,,,,,,,,,,,,,,,,,,,,,,,,,,,,
7651874134955137546_1,通_(无音)待机闲逛,1002.png,3,2,,,,,,,,,,,,,,,,,,,,,,,,,,,,,,,,,,,
7651877102777539082_2,通_随机音效,1002.png,3,2,,,,,,,,,,,,,,,,,,,,,,,,,,,,,,,,,,,
7651884253898086922_3,通_反击行为,1002.png,3,2,,,,,,,,,,,,,,,,,,,,,,,,,,,,,,,,,,,
7651895768705407498_4,通_主动攻击,1002.png,3,2,,,,,,,,,,,,,,,,,,,,,,,,,,,,,,,,,,,
7651918845564688906_1,呆呆菇行为,1002.png,3,2,,,,,,,,,,,,,,,,,,,,,,,,,,,,,,,,,,,
7651927800571501066_2,奇幻蛙行为,1002.png,3,2,,,,,,,,,,,,,,,,,,,,,,,,,,,,,,,,,,,
7651929157781166602_3,凝胶怪行为,1002.png,3,2,,,,,,,,,,,,,,,,,,,,,,,,,,,,,,,,,,,
7651941505812142602_4,星斑野猪行为,1002.png,3,2,,,,,,,,,,,,,,,,,,,,,,,,,,,,,,,,,,,
7652241556522408458_5,小星斑野猪行为,1002.png,3,2,,,,,,,,,,,,,,,,,,,,,,,,,,,,,,,,,,,
7652244975316376074_6,游侠猫行为,1002.png,3,2,,,,,,,,,,,,,,,,,,,,,,,,,,,,,,,,,,,
7652255098554292746_7,星尘精灵,1002.png,3,2,,,,,,,,,,,,,,,,,,,,,,,,,,,,,,,,,,,
7652305792053287434_8,独角兽行为树,1002.png,3,2,,,,,,,,,,,,,,,,,,,,,,,,,,,,,,,,,,,
7655638713444875843_1,虚空魔眼,3003.png,2,2,,,,,,,,,,,,,,,,,,,,,,,,,,,,,,,,,,,
7655639844168664223_1,一阶虚空boss,3003.png,2,2,,,,,,,,,,,,,,,,,,,,,,,,,,,,,,,,,,,
7656739864750073616_1,虚空魔眼小弟,1001.png,2,2,,,,,,,,,,,,,,,,,,,,,,,,,,,,,,,,,,,
7659343684378302986_2,被动_蘑菇村民,1001.png,2,2,,,,,,,,,,,,,,,,,,,,,,,,,,,,,,,,,,,
7659319503712426506_1,时间表_蘑菇村民,1001.png,2,2,,,,,,,,,,,,,,,,,,,,,,,,,,,,,,,,,,,
7659706192502987274_1,鱼_通用闲逛,1001.png,2,2,,,,,,,,,,,,,,,,,,,,,,,,,,,,,,,,,,,
7659623759195675146_14,被动_蘑菇法师,1001.png,2,2,,,,,,,,,,,,,,,,,,,,,,,,,,,,,,,,,,,
7654880281349855754_6,被动_胆小蘑菇村民,1001.png,2,2,,,,,,,,,,,,,,,,,,,,,,,,,,,,,,,,,,,
7657086885222685194_10,通用_蘑菇村民休闲,1001.png,2,2,,,,,,,,,,,,,,,,,,,,,,,,,,,,,,,,,,,
7661173729140933791_3,蚀化蘑菇国王行为,1001.png,2,2,,,,,,,,,,,,,,,,,,,,,,,,,,,,,,,,,,,
7661212209900427786_1,荧羽夜枭行为,1002.png,3,2,,,,,,,,,,,,,,,,,,,,,,,,,,,,,,,,,,,
7661226585155967498_2,荧羽夜枭_待机,1002.png,3,2,,,,,,,,,,,,,,,,,,,,,,,,,,,,,,,,,,,
7661299148628433418_3,临时坐骑销毁,1002.png,3,2,,,,,,,,,,,,,,,,,,,,,,,,,,,,,,,,,,,
7661571316411013642_4,食人花行为,1002.png,3,2,,,,,,,,,,,,,,,,,,,,,,,,,,,,,,,,,,,
7661585163385575946_5,蚀化生物行为,1002.png,3,2,,,,,,,,,,,,,,,,,,,,,,,,,,,,,,,,,,,
7661593405427816970_6,晶石巨像行为,1002.png,3,2,,,,,,,,,,,,,,,,,,,,,,,,,,,,,,,,,,,
7661601166433720842_8,蚀化法师行为,1002.png,3,2,,,,,,,,,,,,,,,,,,,,,,,,,,,,,,,,,,,
7661584584565079619_1,虚空小弟发呆,1002.png,3,2,,,,,,,,,,,,,,,,,,,,,,,,,,,,,,,,,,,
7660465818598915651_4,虚空发射,1002.png,3,2,,,,,,,,,,,,,,,,,,,,,,,,,,,,,,,,,,,
7660466252390612547_5,虚空小激光,1002.png,3,2,,,,,,,,,,,,,,,,,,,,,,,,,,,,,,,,,,,
7660466501498715715_6,虚空三连发,1002.png,3,2,,,,,,,,,,,,,,,,,,,,,,,,,,,,,,,,,,,
7660443003732639299_3,虚空小弟默认ai,1002.png,3,2,,,,,,,,,,,,,,,,,,,,,,,,,,,,,,,,,,,
7662371410836195007_1,虚空使徒新,1002.png,3,2,,,,,,,,,,,,,,,,,,,,,,,,,,,,,,,,,,,
7662723885917275839_1,虚空使大祭司新,1002.png,3,2,,,,,,,,,,,,,,,,,,,,,,,,,,,,,,,,,,,
7664523477214299839_1,城堡蚀化生物待机,1002.png,3,2,,,,,,,,,,,,,,,,,,,,,,,,,,,,,,,,,,,
7664803225614157503_1,虚空使徒祭司,1002.png,3,2,,,,,,,,,,,,,,,,,,,,,,,,,,,,,,,,,,,
7666334126904720963_2,皇冠蘑菇战士,1002.png,3,2,,,,,,,,,,,,,,,,,,,,,,,,,,,,,,,,,,,
7666134448580073994_2,动物村民互动行为2,1002.png,3,2,,,,,,,,,,,,,,,,,,,,,,,,,,,,,,,,,,,
7666197167987497482_4,人类法师互动行为,1002.png,3,2,,,,,,,,,,,,,,,,,,,,,,,,,,,,,,,,,,,
7666142677737413130_3,动物村民互动行为1,1002.png,3,2,,,,,,,,,,,,,,,,,,,,,,,,,,,,,,,,,,,
7666363344567147018_1,荧羽夜枭_被惊吓,1002.png,3,2,,,,,,,,,,,,,,,,,,,,,,,,,,,,,,,,,,,
