 ,名称[string],界面大类[整型](      1.AI事件 2.AI装饰器 3.AI组合 4.AI条件 5.AI动作 6.AI取值 7.AI变量),"界面子类[整型]【1通用，2游戏，3玩家，4生物，5方块，6道具，7变量，8控制，9自定义，10数学，11组，12计时器，13界面，14特效，15音频，16图文信息，17开发者，18赋值，19数据存储，21区域，22位置，23数值，24字符串，25布尔值，26生物类型，27排行榜，28表,29世界,30对象,32角色,34投掷物，35掉落物101搜索对象 , 102移动, 103攻击 ， 150 内部节点】",形状类型[数值](      1.AI事件 2.AI装饰器 3.AI组合 4.AI条件 5.AI动作 6.AI取值 7.AI变量 8.全局变量  9.AI根节点),简略显示[数值]【在库里是否缩略显示，1=是，0=否】,描述[string],图标[string],使用场景过滤[string],传参[string],左右值标记[整型]1可读0可读写,返回值[整型],参数1类型[string],参数1默认值[string],参数2类型,参数2默认值,参数3类型,参数3默认值,参数4类型,参数4默认值,参数5类型,参数5默认值,参数6类型,参数6默认值,参数7类型,参数7默认值,参数8类型,参数8默认值,显示控制（0=默认全部可见 1=仅开发者可见 2=仅999渠道可见 3=4位数迷你号可见  4 = 仅国内可见  5 = 仅海外可见 6 = 仅国内开发者可见 7 = 仅海外开发者可见 8 = 不显示）,积木间距值（间距值默认为60，超过60会开始变高）,说明,"生成规则[ 0 =lua ,1=c++]",真排序,节点版本控制：        0： 节点在全版本显示     .2： UGC2.0版本显示   3.  UGC3.0版本显示,备注
ID,Name,Type,Sort,BlockType,SimpleDisplay,Desc,Icon,SceneFilter,TranParam,LeftRightSign,ReturnValue,ParamType1,ParamDefault1,ParamType2,ParamDefault2,ParamType3,ParamDefault3,ParamType4,ParamDefault4,ParamType5,ParamDefault5,ParamType6,ParamDefault6,ParamType7,ParamDefault7,ParamType8,ParamDefault8,Display,HeightPx,Notes,GenerateType,NodeSort,VersionControl,
100001,此生物受到攻击,1,4,1,1,"当 受到攻击时,攻击者存储至%1",20,"1,1,0,1,1,0",,,47,1048|0|0,,,,,,,,,,,,,,,,,,9401001,,1,,
100002,此生物受到道具交互,1,4,1,1,"当 受到其他对象持有的%1交互时,交互者为%2,%3消耗道具",2,"1,1,0,1,1,0",,,,1028|1|0,2|200,1048|0|0,,1012|1|2,5|90001,,,,,,,,,,,,,9401002,,2,,
100003,当 接收广播,1,2,1,1,当 收到广播%1,5,"1,99,0,1,1,0",,,,1090|1|0,,,,,,,,,,,,,,,,,,9401003,1,3,,
100004,当生物听到周边音频,1,4,1,1,"当 听到以%1为中心周围%2格内%3时,音频位置为%4",17,"1,1,0,1,1,0",,,,1048|1|0,3|600101,1005|1|0,1|10,1046|1|0,,1002|0|0,,,,,,,,,,,100,9401004,,4,,
100005,此生物被玩家点击,1,4,1,1,"当 受到玩家点击时,玩家存储到%1",20,"1,1,0,1,1,0",,,,1018|0|0,,,,,,,,,,,,,,,,,,9401058,,5,,
100006,此生物友方被攻击,1,4,1,1,"当 周边%1格内友方被攻击时,攻击者存储到%2",20,"1,1,0,1,1,0",,,47,1005|1|0,1|10,1048|0|0,,,,,,,,,,,,,,,,9401059,,6,,
100007,此生物受到任意道具交互,1,4,1,1,"当 受到其他对象交互时,交互者为%1,交互道具为%2",2,"1,1,0,1,1,0",,,,1048|0|0,,1028|0|0,,,,,,,,,,,,,,2,,9401002,,2,,26寒假
100008,玩家道具事件,1,4,1,2,玩家%1道具时，范围%2格内触发，并存储到玩家变量%3,20,"1,1,0,1,1,0",,,,3027|1|0,5|3270002,1005|1|0,1|10,1018|0|0,,,,,,,,,,,,,,,,7,,
100401,此生物进行攻击,1,4,1,0,当 此生物 开始攻击,20,"0,2,0,1,0,0",,,,,,,,,,,,,,,,,,,,,,,,7,,
100402,此生物攻击命中,1,4,1,0,当 此生物 攻击命中目标,20,"0,2,0,1,0,0",,,,,,,,,,,,,,,,,,,,,,,,8,,
100403,此生物造成伤害,1,4,1,0,当 此生物 对目标造成伤害,20,"0,2,0,1,0,0",,,,,,,,,,,,,,,,,,,,,,,,9,,
100404,此生物击败目标,1,4,1,0,当 此生物 击败目标,20,"0,2,0,1,0,0",,,,,,,,,,,,,,,,,,,,,,,,10,,
100406,此生物属性改变,1,4,1,0,当 此生物 %1属性变化,11,"0,2,0,1,0,0",,,,1035|1|2,5|210001,,,,,,,,,,,,,,,,,,,11,,
100407,此生物发生碰撞,1,4,1,0,当 此生物 碰撞任意玩家/生物,16,"0,2,0,1,0,0",,,,,,,,,,,,,,,,,,,,,,,,12,,
100408,此生物获得状态,1,4,1,0,当 此生物 获得%1状态,21,"0,2,0,1,0,0",,,,1037|1|0,2|4001,,,,,,,,,,,,,,,,,,,13,,
100409,此生物失去状态,1,4,1,0,当 此生物 失去%1状态,21,"0,2,0,1,0,0",,,,1037|1|0,2|4001,,,,,,,,,,,,,,,,100,,,14,,
100410,此生物进入区域,1,4,1,0,当  此生物 进入%1,10,"1,0,0,1,1,0",,,,1001|1|0,,,,,,,,,,,,,,,,,,,,15,,
100411,此生物离开区域,1,4,1,0,当 此生物 离开%1,10,"1,0,0,1,1,0",,,,1001|1|0,,,,,,,,,,,,,,,,,100,,,16,,
100412,内部-当此生物上岸时,1,4,1,0,当此生物上岸时,10,"1,2,0,1,1,0",,,,1001|1|0,,,,,,,,,,,,,,,,2,100,,,23,,2026年4月
100413,内部-当指定生物类型组受到攻击时,1,4,1,0,当%1格内%2受到攻时，攻击者存储到%3对象,10,"1,2,0,1,1,0",,,,1005|1|0,1|10,1069|0|0,,1048|0|0,,,,,,,,,,,,2,100,,,23,,2026年4月
100414,内部-当指定生物类型受到攻击时,1,4,1,0,当%1格内%2受到攻时，攻击者存储到%3对象,10,"1,2,0,1,1,0",,,,1005|1|0,1|10,1032|1|0,2|3400,1048|0|0,,,,,,,,,,,,2,100,,,23,,2026年4月
100415,内部-左右键点击,1,4,1,0,当%1点击时，玩家存储到%2玩家 ,10,"1,2,0,1,1,0",,,,3156|1|0,,1018|0|0,,,,,,,,,,,,,,2,100,,,23,,2026年4月
100416,接收召集消息,1,2,1,1,当 接收到召集消息%1，发送者存储到%2对象,5,"1,99,0,1,1,0",,,,1005|1|0,1|1,1048|0|0,,,,,,,,,,,,,,2,,9401416,1,24,,
100421,当属性发生变化,1,4,1,1,当%1的%2的%3发生变化时,,"1,0,0,1,1,0",,,,1048|1|0,,3002|0|0,,3003|0|0,,,,,,,,,,,,8,,,,17,3,
103000,当主人受到攻击时,1,30,1,1,"当 主人受到攻击时,攻击者存储到%1",,"1,0,0,1,1,0",,,,1048|0|0,,,,,,,,,,,,,,,,,,,,18,,
103001,当指定对象被击败时(除自己外),1,30,1,1,"当%1被击败时,攻击者存储至%2",,"1,0,0,1,1,0",,,,1048|1|0,,1048|0|0,,,,,,,,,,,,,,,100,,,19,,
103002,当受到生物碰撞时,1,30,1,1,"当受到生物碰撞时,碰撞者存储到%1",,"1,0,0,1,1,0",,,,1031|0|0,,,,,,,,,,,,,,,,,,,,20,,
103003,当受到玩家碰撞时,1,30,1,1,"当受到玩家碰撞时,碰撞者存储到%1",,"1,0,0,1,1,0",,,,1018|0|0,,,,,,,,,,,,,,,,,100,,,21,,
103004,当周边有对象播放指定表情动作,1,30,1,1,"当%1格内有玩家播放%2动作,玩家存储到%3",,"1,0,0,1,1,0",,,,1005|1|0,1|10,1041|1|2,2|1,1018|0|0,,,,,,,,,,,,,,,,22,,
103005,当玩家输入指定字符串,1,30,1,1,当%1格内玩家输入指定%2，玩家存储到%3,,"1,0,0,1,1,0",,,,1005|1|0,1|10,1010|1|0,1|300198,1048|0|0,,,,,,,,,,,,2,,,,,,26寒假
103006,当子女被攻击时,1,30,1,1,当%1格内子女被攻击时，攻击者存储到%2,,"1,0,0,1,1,0",,,,1005|1|0,1|10,1048|0|0,,,,,,,,,,,,,,2,,,,,,26寒假
190002,接收大模型消息,1,2,1,1,"当 接收到大模型%1消息时,参数1%2,参数2%3,参数3%4,参数4%5",,"1,0,0,1,1,0",,,,1010|1|0,,1010|0|0,,1010|0|0,,1010|0|0,,1010|0|0,,,,,,,,2,,,,,,
200001,取反,2,1,2,1,以下节点返回值取反,,"1,1,0,1,1,0",,,,1048|1|0,,,,,,,,,,,,,,,,,,9401005,1,100,,
200002,仅执行一次,2,1,2,1,以下节点仅执行一次,,"1,1,0,1,1,0",,,,,,,,,,,,,,,,,,,,,,9401006,1,101,,
200003,循环,2,1,2,1,循环执行%1次,,"1,1,0,1,1,0",,,,1005|1|0,1|2,,,,,,,,,,,,,,,,,9401007,1,102,,
200004,总是返回成功,2,1,2,1,返回成功,,"1,1,0,1,1,0",,,,,,,,,,,,,,,,,,,,,,9401008,1,103,,
200005,总是返回失败,2,1,2,1,返回失败,,"1,1,0,1,1,0",,,,,,,,,,,,,,,,,,,,,,9401009,1,104,,
200006,每若干秒执行一次,2,1,2,2,每%1秒执行一次,,"1,1,0,1,1,0",,,,1005|1|0,1|1,,,,,,,,,,,,,,,,,9401060,1,105,,
300001,顺序执行,3,1,3,1,顺序执行%1,,"1,1,0,1,1,0",,,,1203|1|0,5|2030001,,,,,,,,,,,,,,,,,9401010,1,106,,
300002,选择执行,3,1,3,1,选择执行%1,,"1,1,0,1,1,0",,,,1203|1|0,5|2030001,,,,,,,,,,,,,,,,,9401011,1,107,,
300003,同时执行,3,1,3,1,同时执行%1%2,,"1,1,0,1,1,0",,,,1204|1|0,5|2040001,1205|1|0,5|2050003,,,,,,,,,,,,,,,9401012,1,108,,
400201,游戏时间,4,2,4,1,%1%2%3,12,"1,1,0,1,1,0",,,,1005|1|0,3|600205,1016|1|2,5|120001,1005|1|0,1|10,,,,,,,,,,,,100,9401013,,109,,
400202,天气判断,4,2,4,1,%1所处位置的天气%2%3,,"1,1,0,1,1,0",,1,13,1048|1|0,,1012|1|2,5|90001,1000|1|0,5|10003,,,,,,,,,,,8,,,,109,,26寒假
400203,位置处于区域判断,4,2,4,1,%1%2处于%3中,12,"1,1,0,1,1,0",,,,1002|1|0,,1012|1|2,5|90001,1001|1|0,,,,,,,,,,,,,,9401014,,200,,
400204,位置与位置之间的距离,4,2,4,1,%1%2%3,12,"1,1,0,1,1,0",,,,1005|1|0,3|600104,1016|1|2,5|120001,1005|1|0,1|1,,,,,,,,,,,,100,9401015,,201,,
400205,对象属性判断,0,0,0,1,%1%2%3,12,"1,1,0,1,1,0",,,,1005|1|0,3|600201,1016|1|2,5|120001,1005|1|0,1|10,,,,,,,,,,,,,,,202,,
400206,对象间队伍关系判断,4,2,4,1,%1与%2的队伍关系为%3,12,"1,1,0,1,1,0",,,,1048|1|0,,1048|1|0,,1206|1|2,5|2060002,,,,,,,,,,,,,9401017,,203,,
400207,对象是否存活,4,2,4,1,%1存活,12,"1,1,0,1,1,0",,,,1048|1|0,,,,,,,,,,,,,,,,,,9401016,,204,,
400208,对象类型判断,4,2,4,1,%1的类型%2%3,12,"1,1,0,1,1,0",,,,1048|1|0,3|600101,1016|1|2,5|120001,1106|1|0,,,,,,,,,,,,,,9401018,,205,,
400209,对象手持道具类型判断,4,6,4,1,%1手持道具类型%2%3,1,"1,1,0,1,1,0",,,,1048|1|0,3|600101,1016|1|2,5|120001,1028|1|0,2|200,,,,,,,,,,,,,,,206,,
400210,内部-是否为虚空之夜,4,2,4,1,当前是特殊夜晚,12,"1,1,0,1,1,0",,,,,,,,,,,,,,,,,,,,2,,,,207,,
400211,对象状态效果判断,4,2,4,1,%1%2处于%3中,12,"1,1,0,1,1,0",,,,1048|1|0,3|600101,1012|1|2,5|90001,1037|1|0,2|4001,,,,,,,,,,,,,9401061,,208,,
400212,对象队伍判断,4,2,4,1,%1队伍为%2,12,"1,1,0,1,1,0",,,,1048|1|0,3|600101,1207|1|0,,,,,,,,,,,,,,,,9401062,,209,,
400213,对象与对象之间的距离,4,2,4,1,%1%2%3,12,"1,1,0,1,1,0",,,,1005|1|0,3|600113,1016|1|2,5|120001,1005|1|0,1|1,,,,,,,,,,,,100,9401015,,210,,
400214,对象是否包含指定标签,4,2,4,1,%1%2包含%4%3,12,"1,1,0,1,1,0",,,,1048|1|0,3|600101,1012|1|2,5|90001,3149|1|0,,3147|0|2,5|4470002,,,,,,,,,2,,,,209,,
400230,区域是否存在,4,2,4,1,%1存在,12,"1,1,0,1,1,0",,,,1001|1|0,,,,,,,,,,,,,,,,,,9401016,,211,,
400311,玩家属性判断,4,3,4,1,%1%2%3,8,"1,1,0,1,1,0",,,,1005|1|0,3|600311,1016|1|2,5|120001,1005|1|0,1|10,,,,,,,,,,,,,9401019,,211,,
400312,周边是否有玩家存在,4,3,4,1,%1存在,8,"1,1,0,1,1,0",,,,1018|1|0,3|600312,,,,,,,,,,,,,,,,,9401020,,212,,
400313,玩家正在使用激光笔,4,3,4,1,%1正在使用激光笔,8,"1,1,0,1,1,0",,,,1018|1|0,,,,,,,,,,,,,,,,,,,,,,
400314,玩家是否在水中,4,3,4,1,%1在水中,8,"1,1,0,1,1,0",,,,1018|1|0,,,,,,,,,,,,,,,,2,,,,,,26寒假
400315,玩家是否第一次进入村庄,4,3,4,1,%1第一次进入村庄,8,"1,1,0,1,1,0",,,,1018|1|0,,,,,,,,,,,,,,,,2,,,,,,
400411,生物属性判断,4,4,4,1,%1%2%3,5,"1,1,0,1,1,0",,,,1005|1|0,3|600411,1016|1|2,5|120001,1005|1|0,1|10,,,,,,,,,,,,,9401021,,213,,
400412,周边是否有生物存在,4,4,4,1,%1存在,5,"1,1,0,1,1,0",,,,1031|1|0,3|600415,,,,,,,,,,,,,,,,,9401020,,214,,
400413,生物是否在水中,4,4,4,1,%1在水中,5,"1,1,0,1,1,0",,,,1031|1|0,,,,,,,,,,,,,,,,2,,,,,,26寒假
400421,生物是否处于持盾状态,4,4,4,1,%1处于持盾状态,5,"1,1,0,1,1,0",,,,1031|1|0,,,,,,,,,,,,,,,,,,,,215,,
400422,生物是否处于抱起状态,4,4,4,1,%1处于抱起状态,5,"1,1,0,1,1,0",,,,1031|1|0,,,,,,,,,,,,,,,,,,,,216,,
400423,生物是否处于跟随状态,4,4,4,1,%1处于跟随状态,5,"1,1,0,1,1,0",,,,1031|1|0,,,,,,,,,,,,,,,,,,,,216,,
400424,生物是否处于睡觉状态,4,4,4,1,%1处于睡觉状态,5,"1,1,0,1,1,0",,,,1031|1|0,,,,,,,,,,,,,,,,,,,,216,,
400480,内部-部位是否存活,4,4,4,1,%1部位处于存活状态,5,"1,1,0,1,1,0",,,,1005|1|0,1|1,,,,,,,,,,,,,,,2,,,,,,
400481,内部-生物是否在窝内,4,4,4,1,%1处于窝内,5,"1,1,0,1,1,0",,,,1031|1|0,,,,,,,,,,,,,,,,2,,,,,,26寒假
400501,周边是否存在特定方块,4,5,4,1,%1上有方块存在,2,"1,1,0,1,1,0",,,,1002|1|0,,,,,,,,,,,,,,,,,,9401022,,217,,
400502,位置处的方块类型判断,4,5,4,1,%1的方块类型为%2,2,"1,1,0,1,1,0",,,,1002|1|0,,1025|1|0,2|200,,,,,,,,,,,,,,,9401023,,218,,
400503,方块是否有指定标签,4,5,4,1,%1的方块%2包含%4%3,2,"1,1,0,1,1,0",,,,1002|1|0,,1012|1|2,5|90001,3149|1|0,,3147|0|2,5|4470002,,,,,,,,,2,,9401023,,218,,
400510,篝火是否正在燃烧,4,5,4,1,%1的篝火正在燃烧,2,"1,1,0,1,1,0",,,,1002|1|0,,,,,,,,,,,,,,,,,,,,,,
400520,石锅是否完成烹饪,4,5,4,1,%1的石锅完成烹饪,2,"1,1,0,1,1,0",,,,1002|1|0,,,,,,,,,,,,,,,,,,,,,,
400530,冶炼台内是否有指定道具,4,5,4,1,%1的冶炼台内有%2,2,"1,1,0,1,1,0",,,,1002|1|0,,1028|1|0,2|200,,,,,,,,,,,,,,,,,,,
400580,内部-周边若干个是否有建筑,4,5,4,1,周边%1格内有建筑,2,"1,1,0,1,1,0",,,,1005|1|0,1|20,,,,,,,,,,,,,,,2,,,,219,,
400581,内部-僵尸条件打断优化,4,5,4,1,%1%2%3,2,"1,1,0,1,1,0",,,,1048|1|0,3|600101,1048|1|0,3|600101,1005|1|0,,,,,,,,,,,,2,,,1,220,,
400582,内部-星尘之境传送祭坛任一点被激活,4,5,4,1,%1格内 祭坛任一点被激活,2,"1,1,0,1,1,0",,,,1005|1|0,1|10,,,,,,,,,,,,,,,2,,,,221,,
400583,内部-星尘之境传送祭坛全部点被激活,4,5,4,1,%1格内 祭坛全部点被激活,2,"1,1,0,1,1,0",,,,1005|1|0,1|10,,,,,,,,,,,,,,,2,,,,222,,
400584,内部-最近星尘之境遗迹已解锁,4,5,4,1,%1格内 最近星尘之境遗迹已解锁,2,"1,1,0,1,1,0",,,,1005|1|0,1|10,,,,,,,,,,,,,,,2,,,,223,,
400601,道具属性判断,0,6,0,1,%1%2%3,1,"1,1,0,1,1,0",,,,1005|1|0,3|600601,1016|1|2,5|120001,1005|1|0,,,,,,,,,,,,,,9401024,,221,,
400611,道具属性判断,0,6,0,1,%1%2%3,1,"1,1,0,1,1,0",,,,1005|1|0,3|600611,1016|1|2,5|120001,1005|1|0,,,,,,,,,,,,,,9401024,,222,,
400612,道具是否有标签,4,6,4,1,%1%2包含%4%3,1,"1,1,0,1,1,0",,,,1028|1|0,2|12012,1012|1|2,5|90001,3149|1|0,,3147|0|2,5|4470002,,,,,,,,,2,,,,222,,
400613,内部-道具是否在道具组内,4,6,4,1,%1对象手持道具类型在%2道具类型组,1,"1,1,0,1,1,0",,,,1048|1|0,3|600101,1068|0|0,,,,,,,,,,,,,,2,,,,222,,26.4
400620,背包内道具判断,4,6,4,1,背包内含有%1个%2,1,"1,1,0,1,1,0",,,,1005|1|0,1|1,1028|1|0,2|12012,,,,,,,,,,,,,,,,,222,,
400621,背包内合成道具材料判断,4,6,4,1,背包内含有合成%1的材料,1,"1,1,0,1,1,0",,,,1028|1|0,2|12012,,,,,,,,,,,,,,,,,,,222,,
400622,背包是否已满,4,6,4,1,%1的背包是否已满,1,"1,1,0,1,1,0",,,,1048|1|0,,,,,,,,,,,,,,,,2,,,,,,26寒假
401001,数值比较,4,10,4,1,%1%2%3,6,"1,1,0,1,1,0",,,,1005|1|0,1|0,1016|1|2,5|120001,1005|1|0,1|10,,,,,,,,,,,,,,,223,,
401002,布尔值比较,4,10,4,1,%1%2%3,6,"1,1,0,1,1,0",,,,1014|1|0,5|320001,1012|1|2,5|90001,1014|1|0,5|320001,,,,,,,,,,,,,,,224,,
401003,字符串比较,4,10,4,1,%1%2%3,6,"1,1,0,1,1,0",,,,1010|1|0,1|300198,1012|1|2,5|90001,1010|1|0,1|300198,,,,,,,,,,,,,,,225,,
401004,位置比较,4,10,4,1,%1%2%3,6,"1,1,0,1,1,0",,,,1002|1|0,,1016|1|2,5|120001,1002|1|0,,,,,,,,,,,,,,,,226,,
401005,对象比较,4,10,4,1,%1%2%3,6,"1,1,0,1,1,0",,,,1048|1|0,,1012|1|2,5|90001,1048|1|0,,,,,,,,,,,,,,,,227,,
401010,随机数,4,10,4,1,%1%2%3,6,"1,1,0,1,1,0",,,,1005|1|0,3|601001,1016|1|2,5|120001,1005|1|0,1|10,,,,,,,,,,,,,,,228,,
401201,计时器时间判断,4,12,4,1,%1%2%3,6,"1,1,0,1,1,0",,1,,1005|1|0,3|601201,1016|1|2,5|120001,1005|1|0,,,,,,,,,,,,,,,,229,,
401601,存在特定编号的图文信息,4,16,4,1,%1身上存在编号为%2的%3,3,"1,1,0,1,1,0",,1,,1048|1|0,,1005|1|0,1|1,1058|1|2,5|490001,,,,,,,,,,,,,,,230,,
403401,周边是否存在指定投掷物,4,34,4,1,%1存在,34,"1,1,0,1,1,0",,,,1044|1|0,3|603402,,,,,,,,,,,,,,,,,,,,,
403501,周边是否存在指定掉落物,4,35,4,1,%1存在,35,"1,1,0,1,1,0",,,,1030|1|0,3|600606,,,,,,,,,,,,,,,,,,,,,
500101,设置数值,5,18,5,1,设置%1为%2,6,"1,1,0,1,1,0",,,,1005|0|0,,1005|1|0,1|0,,,,,,,,,,,,,,,,,400,,
500102,设置字符串,5,18,5,1,设置%1为%2,6,"1,1,0,1,1,0",,,,1010|0|0,,1010|1|0,1|300198,,,,,,,,,,,,,,,,,401,,
500103,设置布尔值,5,18,5,1,设置%1为%2,6,"1,1,0,1,1,0",,,,1014|0|0,,1014|1|0,5|320002,,,,,,,,,,,,,,,,,402,,
500104,设置对象,5,18,5,1,设置%1为%2,6,"1,1,0,1,1,0",,,,1048|0|0,,1048|1|0,,,,,,,,,,,,,,,,,,403,,
500105,设置位置,5,18,5,1,设置%1为%2,6,"1,1,0,1,1,0",,,,1002|0|0,,1002|1|0,,,,,,,,,,,,,,,,,,404,,
500106,设置区域,5,18,5,1,设置%1为%2,6,"1,1,0,1,1,0",,,,1001|0|0,,1001|1|0,,,,,,,,,,,,,,,,,,405,,
500107,设置玩家,5,18,5,1,设置%1为%2,6,"1,1,0,1,1,0",,,,1018|0|0,,1018|1|0,,,,,,,,,,,,,,,,,,406,,
500108,设置生物,5,18,5,1,设置%1为%2,6,"1,1,0,1,1,0",,,,1031|0|0,,1031|1|0,,,,,,,,,,,,,,,,,,407,,
500110,设置方块类型,5,18,5,1,设置%1为%2,6,"1,1,0,1,1,0",,,,1025|0|0,,1025|1|0,2|200,,,,,,,,,,,,,,,,,408,,
500111,设置道具类型,5,18,5,1,设置%1为%2,6,"1,1,0,1,1,0",,,,1028|0|0,,1028|1|0,,,,,,,,,,,,,,,,,,409,,
500112,设置生物类型,5,18,5,1,设置%1为%2,6,"1,1,0,1,1,0",,,,1032|0|0,,1032|1|0,2|3400,,,,,,,,,,,,,,,,,410,,
500113,设置特效类型,5,18,5,1,设置%1为%2,6,"1,1,0,1,1,0",,,,1045|0|0,,1045|1|0,2|1024,,,,,,,,,,,,,,,,,411,,
500114,设置掉落物,5,18,5,1,设置%1为%2,6,"1,1,0,1,1,0",,,,1030|0|0,,1030|1|0,,,,,,,,,,,,,,,,,,411,,
500115,设置投掷物,5,18,5,1,设置%1为%2,6,"1,1,0,1,1,0",,,,1044|0|0,,1044|1|0,,,,,,,,,,,,,,,100,,,411,,
500130,设置组件属性,5,18,5,1,设置%1的%2的%3为%4,6,"1,1,0,1,1,0",,,,1048|1|0,,3002|0|0,,3003|0|0,,3007|0|0,,,,,,,,,,,,,,412,,
500131,执行对象的指令,5,1,5,1,执行%1的%2的%3,6,"1,1,0,1,1,0",,,,1048|1|0,,3002|0|0,,3004|0|0,,,,,,,,,,,,,,,,413,,
500150,内部-切换行为树,5,1,5,1,切换%1,6,"1,1,0,1,1,0",,,,1210|0|0,,,,,,,,,,,,,,,,2,,,,73,,
500151,内部-引用行为树,5,1,5,1,引用%1,6,"1,1,0,1,1,0",,,,1210|0|0,,,,,,,,,,,,,,,,2,,,1,74,,
500152,发送消息给大模型,5,1,5,1,发送消息%1给大模型,,"1,0,0,1,1,0",,,,1010|1|0,,,,,,,,,,,,,,,,2,,,,74,,
500201,内部-改变对象属性,0,0,0,1,使%1的%2%3%4,8,"1,1,0,1,1,0",,,,1048|1|0,,1020|1|2,5|140001,1120|1|2,5|840001,1005|1|0,1|0,,,,,,,,,2,,,,75,,
500202,等待时间,5,2,5,1,等待%1秒后，执行下一个节点,12,"1,1,0,1,1,0",,,,1005|1|0,1|1,,,,,,,,,,,,,,,,,9401027,1,420,,
500203,发送广播,5,2,5,1,发送广播%1,12,"1,1,0,1,1,0",,,,1090|1|0,,,,,,,,,,,,,,,,,,9401026,,421,,
500204,设置对象朝向,5,2,5,1,使%1朝向%2缓动时间%3秒,12,"1,1,0,1,1,0",,,,1048|1|0,3|600101,1002|1|0,,1005|1|0,1|1,,,,,,,,,,,,,9401025,,422,,
500205,设置对象队伍,5,2,5,1,设置%1的队伍为%2,12,"1,1,0,1,1,0",,,,1048|1|0,,1207|1|0,,,,,,,,,,,,,,,,9401028,,423,,
500206,改变外观,0,2,0,1,改变%1的外观为%2,12,"1,1,0,1,1,0",,,,1048|1|0,3|600101,1060|1|0,2|163,,,,,,,,,,,,,,,9401029,,424,,
500207,替换生物,0,2,0,1,"替换%1为%2,%3保留血量百分比",12,"1,1,0,1,1,0",,,,1048|1|0,,1032|1|2,2|3400,1012|1|2,5|90001,,,,,,,,,,,,,9401030,,425,,
500208,骑乘生物-弃用,0,2,0,1,骑乘%1,12,"1,1,0,1,1,0",,,,1048|1|0,,,,,,,,,,,,,,,,,,9401031,,426,,
500209,播放指定ID动画,5,4,5,1,"播放ID为%1的动画,持续%2秒,模式%3,结束后停止%4",5,"1,1,0,1,1,0",,,,1005|1|0,,1005|1|0,2|0,1102|0|0,700001,1012|1|2,5|90002,,,,,,,,,,,9401032,,427,3,
500210,弃用-搜寻时受到视线阻挡,5,2,5,1,%1搜寻目标时，%2受到视线阻挡,12,"1,1,0,1,1,0",,,,1048|1|0,,1012|1|2,5|90001,,,,,,,,,,,,,8,,9401032,,428,,
500211,内部-停止动画,5,2,5,1,使此生物停止播放ID为%1的动画,12,"1,1,0,1,1,0",,,,1005|1|0,,,,,,,,,,,,,,,,2,,9401032,,429,,
500301,改变玩家属性,0,3,0,1,使玩家%1的%2%3%4,8,"1,1,0,1,1,0",,,,1048|1|0,,1020|1|2,5|140001,1120|1|2,5|840001,1005|1|0,1|1,,,,,,,,,,,9401033,,500,,
500311,改变玩家属性,5,3,5,1,使%1的%2%3%4,8,"1,1,0,1,1,0",,,,1018|1|0,,1020|1|2,5|140001,1120|1|2,5|840001,1005|1|0,1|1,,,,,,,,,,,9401033,,501,,
500312,改变组内玩家的属性,5,3,5,1,使%1的%2%3%4,8,"1,1,0,1,1,0",,,,1019|1|0,,1020|1|2,5|140001,1120|1|2,5|840001,1005|1|0,1|1,,,,,,,,,,,9401033,,502,,
500320,对所有玩家显示聊天框信息,5,3,5,1,对所有玩家显示聊天框信息%1,8,"1,1,0,1,1,0",,,,1010|1|0,1|300198,,,,,,,,,,,,,,,2,,,,502,,
500400,设置行为树属性,5,4,5,1,设置%1的%2 %3为%4,5,"1,1,0,1,1,0",,,,1031|1|0,3|600400,1210|1|0,,3142|1|0,,3007|0|0,,,,,,,,,,,100,,,510,3,
500401,改变生物属性,0,4,0,1,使生物%1的%2%3%4,5,"1,1,0,1,1,0",,,,1048|1|0,,1035|1|2,5|140001,1120|1|2,5|840001,1005|1|0,1|1,,,,,,,,,,,9401034,,511,,
500410,设置生物位置,5,4,5,1,传送%1至%2,5,"1,1,0,1,1,0",,,,1031|1|0,3|600400,1002|1|0,,,,,,,,,,,,,,,,,,512,,
500411,改变生物属性,5,4,5,1,使%1的%2%3%4,5,"1,1,0,1,1,0",,,,1031|1|0,3|600400,1035|1|2,5|140001,1120|1|2,5|840001,1005|1|0,1|1,,,,,,,,,,,9401034,,511,,
500412,改变生物模型,5,4,5,1,改变%1的模型外观为%2,5,"1,1,0,1,1,0",,,,1031|1|0,3|600400,1060|1|0,2|163,,,,,,,,,,,,,,,9401029,,514,,
500413,替换生物,5,4,5,1,"替换%1为%2,%3保留血量百分比",5,"1,1,0,1,1,0",,,,1031|1|0,,1032|1|0,2|3400,1012|1|2,5|90001,,,,,,,,,,,,,9401030,,515,,
500414,骑乘生物,5,4,5,1,使此生物骑乘%1,5,"1,1,0,1,1,0",,,,1031|1|0,,,,,,,,,,,,,,,,,,9401031,,516,2,
500415,创建生物,5,4,5,1,在%1创建%2生物,5,"1,1,0,1,1,0",,,,1002|1|0,,1032|1|0,2|3400,,,,,,,,,,,,,,,,,517,,
500416,击败生物,5,4,5,1,击败%1,5,"1,1,0,1,1,0",,,,1031|1|0,,,,,,,,,,,,,,,,,,9401055,,518,,
500417,删除生物,5,4,5,1,删除%1,5,"1,1,0,1,1,0",,,,1031|1|0,,,,,,,,,,,,,,,,,,9401056,,519,,
500418,抱起生物,5,4,5,1,使此生物抱起%1,5,"1,1,0,1,1,0",,,,1031|1|0,,,,,,,,,,,,,,,,,,,,520,,
500419,放下抱起的生物,5,4,5,1,使此生物放下正在抱着的生物,5,"1,1,0,1,1,0",,,,,,,,,,,,,,,,,,,,,100,,,521,,
500420,设置生物死亡掉落,5,4,5,1,"设置此生物死亡时,%1%的概率,掉落%2个%3",5,"1,1,0,1,1,0",,,,1005|1|0,100,1005|1|0,100,1028|1|0,2|200,,,,,,,,,,,,,,,532,,
500421,使生物播放动画表情,5,4,5,1,使%1播放%2,5,"1,1,0,1,1,0",,,,1031|1|0,3|600400,1041|1|0,2|1,,,,,,,,,,,,,,,,,523,,
500422,改变组内生物的属性,5,4,5,1,使%1的%2%3%4,5,"1,1,0,1,1,0",,,,1033|1|0,,1020|1|2,5|140001,1120|1|2,5|840001,1005|1|0,1|1,,,,,,,,,,100,9401033,,512,,
500423,骑乘生物,5,4,5,1,使此生物骑乘%1，可控制%2，生物行为%3,5,"1,1,0,1,1,0",,,,1031|1|0,,1013|1|2,5|100002,1013|1|2,5|100002,,,,,,,,,,,,,,,525,3,
500424,取消生物主动骑乘,5,4,5,1,使此生物取消主动骑乘,5,"1,1,0,1,1,0",,,,,,,,,,,,,,,,,,,,,100,,,526,3,
500425,看向目标,5,4,5,1,"看向%1,持续%2秒",5,"1,1,0,1,1,0",,,,1048|1|0,,1005|1|0,1|5,,,,,,,,,,,,,,,,,527,,
500426,取消生物被动骑乘,5,4,5,1,使%1取消被骑乘状态,5,"1,1,0,1,1,0",,,,1031|1|0,,,,,,,,,,,,,,,,2,100,,,526,3,26寒假
500427,持续朝向对象,5,4,5,1,朝向 %1，持续 %2 秒,5,"1,1,0,1,1,0",,,,1048|1|0,,1005|1|0,1|1,,,,,,,,,,,,,2,,,,527,,
500430,设置当前移动方式,5,4,5,1,设置%1当前移动方式为%2,5,"1,1,0,1,1,0",,,,1031|1|0,3|600400,1211|1|0,5|2110001,,,,,,,,,,,,,2,,,,528,,
500431,设置血条显示与隐藏,5,4,5,1,设置%1的血条显示为%2,5,"1,1,0,1,1,0",,,,1031|1|0,3|600400,1013|1|2,5|100002,,,,,,,,,,,,,,,,,529,,
500432,弃用-设置搜寻时受到视线阻挡,5,4,5,1,%1搜寻目标时，%2受到视线阻挡,5,"1,1,0,1,1,0",,,,1031|1|0,3|600400,1012|1|2,5|90001,,,,,,,,,,,,,8,,9401032,,530,,
500433,设置生物飞行高度,5,4,5,1,"当%1可飞行时,飞行高度为%2",5,"1,1,0,1,1,0",,,,1031|1|0,3|600400,1005|1|0,1|10,,,,,,,,,,,,,,,,,531,,
500434,设置允许生物开门,5,4,5,1,"设置允许%1开门,%2随手关门",5,"1,1,0,1,1,0",,,,1031|1|0,3|600400,1012|1|2,5|90002,,,,,,,,,,,,,,100,,,532,,
500435,设置生物主人,5,4,5,1,设置%1的主人为%2,5,"1,1,0,1,1,0",,,,1031|1|0,3|600400,1048|1|0,,,,,,,,,,,,,,2,,,,528,,
500436,改变生物avatar,5,4,5,1,设置%1的%2为%3,5,"1,1,0,1,1,0",,,,1031|1|0,3|600400,3155|1|0,,3154|1|0,,,,,,,,,,,,2,,,,,,26寒假
500440,使生物向前跳跃,5,4,5,1,"使%1向前跳跃,跳跃高度%2格,跳跃距离%3格",5,"1,1,0,1,1,0",,,,1031|1|0,3|600400,1005|1|0,,1005|1|0,,,,,,,,,,,,,,,,533,,
500441,踢开生物,5,4,5,1,"距离%1%2格子时,以%3的力量踢开",5,"1,1,0,1,1,0",,,,1031|1|0,,1005|1|0,,1005|1|0,,,,,,,,,,,,,,,,534,,
500442,在地上睡觉,5,4,5,1,使%1睡%2秒,5,"1,1,0,1,1,0",,,,1031|1|0,3|600400,1005|1|0,,,,,,,,,,,,,,,100,,,537,,
500443,设置移动能力开关,5,4,5,1,设置%1移动能力%2为%3,5,"1,1,0,1,1,0",,,,1031|1|0,3|600400,3107|1|0,5|4070001,1013|1|2,5|100002,,,,,,,,,,,,,,,536,,
500444,设置当前移动方式,5,4,5,1,设置%1当前移动方式为%2,5,"1,1,0,1,1,0",,,,1031|1|0,3|600400,3106|1|0,5|4060001,,,,,,,,,,,,,,100,,,537,,
500445,在床上睡觉,5,4,5,1,去%1的床睡觉,5,"1,1,0,1,1,0",,,,1002|1|0,,,,,,,,,,,,,,,,,,,,537,,
500446,起床,5,4,5,1,起床,5,"1,1,0,1,1,0",,,,,,,,,,,,,,,,,,,,,,,,537,,
500449,向饲料槽放入饲料,5,4,5,1,将%1个%2道具放入%3格内最近的饲料槽,5,"1,1,0,1,1,0",,,,1005|1|0,1|1,1028|1|0,2|200,1005|1|0,1|20,,,,,,,,,,,2,,,,538,,26寒假
500450,去饲料槽进食,5,4,5,1,寻找%1格内的饲料槽进食,5,"1,1,0,1,1,0",,,,1005|1|0,1|1,,,,,,,,,,,,,,,2,,,,538,,
500451,找窝进行孵化,5,4,5,1,找%1格的窝进行孵化,5,"1,1,0,1,1,0",,,,1005|1|0,1|1,,,,,,,,,,,,,,,2,,,,539,,
500452,可爱动物-开始睡觉,5,4,5,1,内部-%1开始睡觉,5,"1,1,0,1,1,0",,,,1031|1|0,,,,,,,,,,,,,,,,2,,9401055,,518,,
500453,可爱动物-停止睡觉,5,4,5,1,内部-%1停止睡觉,5,"1,1,0,1,1,0",,,,1031|1|0,,,,,,,,,,,,,,,,2,,9401055,,518,,
500454,内部-生物进入窝,5,4,5,1,内部-%1进入%2的宠物窝,5,"1,1,0,1,1,0",,,,1031|1|0,,1002|1|0,,,,,,,,,,,,,,2,,9401055,,518,,26寒假
500455,内部-生物离开窝,5,4,5,1,内部-%1离开窝,5,"1,1,0,1,1,0",,,,1031|1|0,,,,,,,,,,,,,,,,2,,9401055,,518,,26寒假
500456,内部-生物与生物交互,5,4,5,1,内部-%1与%2交互,5,"1,1,0,1,1,0",,,,1031|1|0,,1031|1|0,,,,,,,,,,,,,,2,,9401055,,518,,26寒假
500501,挖掘方块,5,5,5,1,"靠近%1并挖掘,%2方块掉落,挖掘距离%3格",2,"1,1,0,1,1,0",,,,1002|1|0,,1013|1|2,5|100002,1005|1|0,1|5,,,,,,,,,,,,,,1,600,,
500502,与方块交互,0,5,0,1,与%1的方块进行交互,2,"1,1,0,1,1,0",,,,1002|1|0,,,,,,,,,,,,,,,,,,,,601,,
500503,破坏方块,5,5,5,1,"破坏%1位置的方块,%2方块掉落",2,"1,1,0,1,1,0",,,,1002|1|0,,1013|1|2,5|100002,,,,,,,,,,,,,,,9401035,,602,,
500504,放置方块,5,5,5,1,在%1放置%2，朝向为%3,2,"1,1,0,1,1,0",,,,1002|1|0,,1025|1|0,2|200,1003|1|2,5|20001,,,,,,,,,,,,,9401036,,603,,
500505,替换方块,5,5,5,1,替换在%1上的方块为%2，朝向%3,2,"1,1,0,1,1,0",,,,1002|1|0,,1025|1|0,2|200,1003|1|2,5|20001,,,,,,,,,,,,100,9401037,,604,,
500506,破坏区域内的方块,5,5,5,1,"破坏%1内的方块,间隔%2秒,%3方块掉落",2,"1,1,0,1,1,0",,,,1001|1|0,,1005|1|0,1|0,1013|1|2,5|100002,,,,,,,,,,,0,,9401037,,605,,
500507,挖掘区域内的方块,5,5,5,1,"挖掘%1内的方块,%2方块掉落,速度%3倍",2,"1,1,0,1,1,0",,,,1001|1|0,,1013|1|2,5|100002,1005|1|0,1|1,,,,,,,,,,,,,,1,606,,
500508,内部-搜寻并攻击建筑,5,5,5,1,"搜寻%1格内的建筑并靠近破坏,攻击间隔%2,伤害值%3,攻击距离%4",2,"1,1,0,1,1,0",,,,1005|1|0,,1005|1|0,1|1,1005|1|0,1|10,1005|1|0,1|2,,,,,,,,,2,,,,607,,
500509,使用道具与方块交互,5,5,5,1,使用%1道具与%2的方块交互,2,"1,1,0,1,1,0",,,,1028|1|0,2|200,1002|1|0,,,,,,,,,,,,,,2,,,,608,,
500520,在指定范围内播种种子,5,5,5,1,"在%1中心位置，长%2宽%3高%4,使用%5播种,播种间隔%6秒",2,"1,1,0,1,1,0",,,,1002|1|0,,1005|1|0,1|1,1005|1|0,1|1,1005|1|0,1|1,1028|1|0,2|200,1005|1|0,1|1,,,,,2,,,,,,26寒假
500525,在指定范围内耕种,5,5,5,1,"在%1中心位置,长%2宽%3高%4,使用含%5的道具耕地,耕地间隔%6秒",2,"1,1,0,1,1,0",,,,1002|1|0,,1005|1|0,1|1,1005|1|0,1|1,1005|1|0,1|1,3149|1|0,,1005|1|0,1|1,,,,,2,,,,,,26寒假
500530,在指定范围内采集,5,5,5,1,"在%1中心位置，长%2宽%3高%4,进行采集,采集间隔%5秒",2,"1,1,0,1,1,0",,,,1002|1|0,,1005|1|0,1|1,1005|1|0,1|1,1005|1|0,1|1,1005|1|0,1|1,,,,,,,2,,,,,,26寒假
500602,向箱子存入特定道具,5,6,5,1,将%1个%2存储到%3,1,"1,1,0,1,1,0",,,,1005|1|0,1|1,1028|1|0,2|200,1002|1|0,,,,,,,,,,,,,,9401038,,608,,
500603,拿出背包道具并放在手上,5,6,5,1,把背包内%1放在手上,1,"1,1,0,1,1,0",,,,1028|1|0,2|200,,,,,,,,,,,,,,,,,9401039,,700,,
500604,生成道具并直接放入背包,5,6,5,1,生成%1%2个并直接放入背包,1,"1,1,0,1,1,0",,,,1028|1|0,2|200,1005|1|0,1|1,,,,,,,,,,,,,,,9401040,,701,,
500605,拾取周边道具并放入背包,5,6,5,1,捡起周边%1格内的%2放入背包,1,"1,1,0,1,1,0",,,,1005|1|0,1|10,1028|1|0,2|200,,,,,,,,,,,,,,,9401041,,702,,
500606,生成道具并直接放在手上,5,6,5,1,生成%1并直接放在手上,1,"1,1,0,1,1,1",,,,1028|1|0,2|200,,,,,,,,,,,,,,,,,,,703,,
500607,使用道具,5,6,5,1,"使用%1,%2需要有此物品",1,"1,1,0,1,1,1",,,,1028|1|0,2|200,1012|1|2,5|90002,,,,,,,,,,,,,,100,,,709,,
500608,内部-幸存者拾道具,5,6,5,1,自动拾周边%1格道具,1,"1,1,0,1,1,0",,,,1005|1|0,,,,,,,,,,,,,,,,2,,,,704,,
500609,给予对象道具,5,6,5,1,"给予%1%2个%3,%4凭空产生",1,"1,1,0,1,1,0",,,,1048|1|0,,1005|1|0,1|1,1028|1|0,2|200,1012|1|2,5|90002,,,,,,,,,,100,,,710,,
500610,消耗对象道具,5,6,5,1,消耗%1%2个%3,1,"1,1,0,1,1,0",,,,1048|1|0,,1005|1|0,1|1,1028|1|0,2|200,,,,,,,,,,,,,,,710,,
500611,扔出道具,5,6,5,1,"扔出%1个%2,距离%3格,%4凭空产生",1,"1,1,0,1,1,0",,,,1005|1|0,1|1,1028|1|0,2|200,1005|1|0,1|1,1012|1|2,5|90002,,,,,,,,,,,,,706,,
500612,手持道具放入背包,5,6,5,1,将手持道具放入背包,1,"1,1,0,1,1,0",,,,,,,,,,,,,,,,,,,,,100,,,704,,
500613,装备指定道具,5,6,5,1,装备%1道具,1,"1,1,0,1,1,0",,,,1028|1|0,2|200,,,,,,,,,,,,,,,,100,,,704,,
500614,脱下装备,5,6,5,1,脱下%1的装备至背包中,1,"1,1,0,1,1,0",,,,1054|1|0,,,,,,,,,,,,,,,,,,,,705,,
500615,装备带指定标签的道具,5,6,5,1,装备包含%2%1道具,1,"1,1,0,1,1,0",,,,3149|1|0,,3147|0|2,5|4470002,,,,,,,,,,,,,2,100,,,704,,
500616,抢夺对象手持道具,5,6,5,1,抢夺%1手持道具，%2放到手上,1,"1,1,0,1,1,0",,,,1048|1|0,,1012|1|2,5|90002,,,,,,,,,,,,,2,100,,,704,,
500617,发送召集消息,5,2,5,1,向周围%1格内生物发送召集消息%2，发送冷却%3秒，接收冷却%4秒,12,"1,1,0,1,1,0",,,,1005|1|0,1|10,1005|1|0,1|1,1005|1|0,1|3,1005|1|0,1|15,,,,,,,,,2,,9401417,,705,,
500618,向对象发送召集消息,5,2,5,1,向%1发送召集消息%2，发送冷却%3秒，接收冷却%4秒,12,"1,1,0,1,1,0",,,,1048|1|0,,1005|1|0,1|1,1005|1|0,1|3,1005|1|0,1|15,,,,,,,,,2,,9401418,,706,,
500620,从箱子取出特定道具,5,6,5,1,从%1箱子取出%2个%3,1,"1,1,0,1,1,0",,,,1002|1|0,,1005|1|0,1|1,1028|1|0,2|200,,,,,,,,,,,,,,,609,,
500621,从箱子取出特定标签道具,5,6,5,1,从%1箱子取出%2个包含%4%3的道具,1,"1,1,0,1,1,0",,,,1002|1|0,,1005|1|0,1|1,3149|1|0,,3147|0|2,5|4470002,,,,,,,,,2,,,,610,,
500630,向箱子存入特定标签道具,5,6,5,1,向%1箱子存入%2个包含%4%3的道具,1,"1,1,0,1,1,0",,,,1002|1|0,,1005|1|0,1|1,3149|1|0,,3147|0|2,5|4470002,,,,,,,,,2,100,,,611,,
500631,背包内道具全部放入箱子,5,6,5,1,向%1箱子存入所有的背包道具,1,"1,1,0,1,1,0",,,,1002|1|0,,,,,,,,,,,,,,,,2,,,,,,26寒假
500650,随身合成道具,5,6,5,1,随身合成%1个%2,1,"1,1,0,1,1,0",,,,1005|1|0,1|1,1028|1|0,2|200,,,,,,,,,,,,,,,,,750,,
500651,在工作台合成道具,5,6,5,1,在%1工作台合成%2个%3,1,"1,1,0,1,1,0",,,,1002|1|0,,1005|1|0,1|1,1028|1|0,2|200,,,,,,,,,,,,100,,,751,,
500660,向冶炼台中填充道具,5,6,5,1,向%1冶炼台填充%2个%3,1,"1,1,0,1,1,0",,,,1002|1|0,,1005|1|0,1|1,1028|1|0,2|200,,,,,,,,,,,,,,,752,,
500661,从冶炼台中拿取燃料,5,6,5,1,从%1冶炼台中拿取燃料,1,"1,1,0,1,1,0",,,,1002|1|0,,,,,,,,,,,,,,,,,,,,753,,
500662,从冶炼台中拿取产物,5,6,5,1,从%1冶炼台中拿取产物,1,"1,1,0,1,1,0",,,,1002|1|0,,,,,,,,,,,,,,,,,,,,754,,
500663,从冶炼台中拿取原料,5,6,5,1,从%1冶炼台中拿取原料,1,"1,1,0,1,1,0",,,,1002|1|0,,,,,,,,,,,,,,,,,100,,,755,,
500670,获取石锅内食材,5,6,5,1,获取%1的石锅内的食材,1,"1,1,0,1,1,0",,,,1002|1|0,,,,,,,,,,,,,,,,,,,,760,,
500671,获取篝火内食材,5,6,5,1,获取%1的篝火内的食材,1,"1,1,0,1,1,0",,,,1002|1|0,,,,,,,,,,,,,,,,,,,,760,,
500680,向位置处蓝图工作台填充道具,5,6,5,1,向%1的蓝图工作台填充%2个%3道具,1,"1,1,0,1,1,0",,,,1002|1|0,,1005|1|0,1|1,1028|1|0,2|200,,,,,,,,,,,2,,,,770,,26寒假
500681,启动位置处蓝图的工作台,5,6,5,1,启动%1位置处的蓝图工作台,1,"1,1,0,1,1,0",,,,1002|1|0,,,,,,,,,,,,,,,,2,,,,770,,26寒假
501201,运行计时器,5,12,5,1,"启动%1,%2重置",12,"1,1,0,1,1,0",,,,1040|1|0,,1012|1|2,5|90002,,,,,,,,,,,,,,,,,800,,
501202,暂停计时器,5,12,5,1,暂停%1,12,"1,1,0,1,1,0",,,,1040|1|0,,,,,,,,,,,,,,,,,,,,801,,
501203,恢复计时器,5,12,5,1,恢复%1,12,"1,1,0,1,1,0",,,,1040|1|0,,,,,,,,,,,,,,,,,,,,802,,
501204,重置计时器,5,12,5,1,重置%1,12,"1,1,0,1,1,0",,,,1040|1|0,,,,,,,,,,,,,,,,,,,,803,,
501401,在指定位置播放特效,5,14,5,1,"在%1播放%2,缩放%3",7,"1,1,0,1,1,0",,,,1002|1|0,,1045|1|0,,1005|1|0,1|1,,,,,,,,,,,,,,,820,,
501402,在对象身上播放特效,5,14,5,1,"在%1身上播放%2,缩放%3,偏移%4,持续时长%5",7,"1,1,0,1,1,0",,,,1048|1|0,,1045|1|0,,1005|1|0,1|1,1002|1|0,,1005|1|0,1|1,,,,,,,,,,,822,,
501403,删除指定位置的特效,5,14,5,1,删除%1的%2特效,7,"1,1,0,1,1,0",,,,1002|1|0,,1045|1|0,,,,,,,,,,,,,,,,,,821,,
501404,删除对象身上的特效,5,14,5,1,删除%1身上的%2特效,7,"1,1,0,1,1,0",,,,1048|1|0,,1045|1|0,,,,,,,,,,,,,,,,,,823,,
501501,在位置处播放音效,5,15,5,1,"在%1播放%2,音量%3,循环%4",11,"1,1,0,1,1,0",,,,1002|1|0,,1046|1|0,,1005|1|0,1|100,1012|1|2,5|90002,,,,,,,,,,,,,830,,
501502,使对象播放音效,5,15,5,1,"使%1播放%2,音量%3,循环%4,%5关闭其他音效",11,"1,1,0,1,1,0",,,,1048|1|0,,1046|1|0,,1005|1|0,1|100,1012|1|2,5|90002,1012|1|2,5|90002,,,,,,,,,,,832,,
501511,关闭位置处音效,5,15,5,1,关闭%1正在播放的%2,11,"1,1,0,1,1,0",,,,1002|1|0,,1046|1|0,,,,,,,,,,,,,,,,,,831,,
501512,关闭对象身上音效,5,15,5,1,关闭%1正在播放的%2,11,"1,1,0,1,1,0",,,,1048|1|0,,1046|1|0,,,,,,,,,,,,,,,,,,833,,
501601,创建平面图文信息,5,16,5,1,在%1身上创建%2，向X轴偏移%3，Y轴偏移%4,3,"1,1,0,1,1,0",,,,1048|1|0,,1057|1|0,,1005|1|0,1|0,1005|1|0,1|100,,,,,,,,,,,,,840,,
501602,删除平面图文信息,5,16,5,1,删除%1身上编号为%2的%3,3,"1,1,0,1,1,0",,,,1048|1|0,,1005|1|0,1|1,1058|1|2,5|490001,,,,,,,,,,,,,,,841,,
501610,使玩家打开界面,5,16,5,1,使%1打开%2,3,"1,0,0,1,1,0",,,,1018|1|0,,1074|1|0,,,,,,,,,,,,,,,100,9401042,,842,,
503410,立即拾取投掷物,5,34,5,1,立即拾取%1,34,"1,1,0,1,1,0",,,,1044|1|0,,,,,,,,,,,,,,,,,,,,,,
503501,创建掉落物,5,35,5,1,"创建%1个%2,相对偏移%3",35,"1,1,0,1,1,0",,,,1005|1|0,1|1,1028|1|0,,1002|1|0,3|600105,,,,,,,,,,,,,,,,,
503502,拾取带指定标签的掉落物,5,35,5,1,拾取周边%1格包含%3%2的掉落物,34,"1,1,0,1,1,0",,,,1005|1|0,1|30,3149|1|0,,3147|0|2,5|4470002,,,,,,,,,,,2,,,,,,26寒假
510201,移动到指定位置,5,102,5,1,"移动到%1,速度%2倍,%3允许改变朝向",15,"1,1,0,1,1,0",,,,1002|1|0,,1005|1|0,1|1,1012|1|2,5|90001,,,,,,,,,,,,,9401042,,900,,
510202,随机位置移动,5,102,5,1,"以%1为中心在%2格内随机移动,速度%3倍,%4允许改变朝向。",15,"1,1,0,1,1,0",,,,1002|1|0,,1005|1|0,1|10,1005|1|0,1|1,1012|1|2,5|90001,,,,,,,,,,,9401043,,901,,
510203,跟随对象移动,5,102,5,1,"跟随%1移动,并保持%2格距离,速度%3倍,%4允许改变朝向",15,"1,1,0,1,1,0",,,,1048|1|0,,1005|1|0,1|2,1005|1|0,1|1,1012|1|2,5|90001,,,,,,,,,,,9401044,,902,,
510204,指定路线移动,5,102,5,1,"按照%1移动,速度%2倍,%3往返, 移动重启时%4从头开始",15,"1,1,0,1,1,0",,,,1062|1|0,,1005|1|0,1|1,1012|1|2,5|90001,1012|1|2,5|90001,,,,,,,,,,,9401045,,903,,
510205,远离位置移动,5,102,5,1,"远离%1移动,速度%2倍,远离时间%3秒,%4允许改变朝向",15,"1,1,0,1,1,0",,,,1002|1|0,,1005|1|0,1|1,1005|1|0,1|2,1012|1|2,5|90001,,,,,,,,,,,9401046,,904,,
510206,在区域中随机移动,5,102,5,1,"在%1内随机移动,速度%2倍,%3允许改变朝向",15,"1,1,0,1,1,0",,,,1001|1|0,,1005|1|0,1|1,1012|1|2,5|90001,1012|1|2,5|90001,,,,,,,,,,,9401047,,905,,
510208,朝指定方向移动,5,102,5,1,"朝%1移动,速度%2倍,移动时间%3秒",15,"1,1,0,1,1,0",,,,1047|1|0,5|350005,1005|1|0,1|1,1005|1|0,1|1,,,,,,,,,,,,,9401047,,905,,
510209,移动到对象前方,5,102,5,1,"移动到%1前方%2格,速度%3倍,%4允许移动中改变朝向",15,"1,1,0,1,1,0",,,,1048|1|0,,1005|1|0,1|1,1005|1|0,1|1,1012|1|2,5|90001,,,,,,,,,2,,9401048,,907,,
510210,绕圈,5,102,5,1,绕圈 围绕%1中心点 以半径%2格 绕圈，速度%3倍，圈数%4圈,15,"1,1,0,1,1,0",,,,1002|1|0,,1005|1|0,1|3,1005|1|0,1|1,1005|1|0,1|1,,,,,,,,,2,,,,908,,
510220,停止移动,5,102,5,1,使%1停止移动,15,"1,1,0,1,1,0",,,,1048|1|0,3|600101,,,,,,,,,,,,,,,,,,,906,,
510300,使用指定武器近战攻击,5,103,5,1,"使用%1近战攻击%2,攻击间隔%3秒,攻击距离%4格,追击速度%5倍",16,"1,1,0,1,1,0",,,,1028|1|0,,1048|1|0,,1005|1|0,1|1,1005|1|0,1|2,1005|1|0,1|1,,,,,,,,,9401050,,1000,,
510301,使用手持道具近战攻击,5,103,5,1,"近战攻击%1,攻击间隔%2秒,攻击距离%3格,追击速度%4倍",16,"1,1,0,1,1,0",,,,1048|1|0,,1005|1|0,1|1,1005|1|0,1|2,1005|1|0,1|1,,,,,,,,,,100,9401049,,1001,,
510302,使用投掷物攻击,5,103,5,1,"远程攻击%1,攻击间隔%2秒,攻击距离%3格,投掷%4,追击速度%5倍 ",16,"1,1,0,1,1,0",,,,1048|1|0,,1005|1|0,1|1,1005|1|0,1|2,1029|1|0,2|12052,1005|1|0,1|1,,,,,,,,,9401050,,1002,,
510303,使用武器发射投掷物,5,103,5,1,"使用%1装填%2攻击%3,攻击间隔%4秒,攻击距离%5格,追击速度%6倍",16,"1,1,0,1,1,0",,,,1028|1|0,,1029|1|0,2|12052,1048|1|0,,1005|1|0,1|2,1005|1|0,,1005|1|0,1|1,,,,,,,9401051,,1003,,
510304,使用武器进行蓄力攻击,5,103,5,1,"使用%1装填%2蓄力攻击%3,蓄力时间%4秒,攻击间隔%5秒,攻击距离%6格,追击速度%7倍",16,"1,1,0,1,1,0",,,,1028|1|0,,1029|1|0,2|12052,1048|1|0,,1005|1|0,1|2,1005|1|0,1|2,1005|1|0,1|2,1005|1|0,1|1,,,,,,,1004,,
510305,内部-使用武器进行N次连续攻击,5,103,5,1,"使用%1进行%2段攻击,攻击%3,攻击距离%4格",16,"1,1,0,1,1,0",,,,1028|1|0,,1005|1|0,1|1,1048|1|0,,1005|1|0,1|1,,,,,,,,,2,,,,1005,,
510306,内部-使用武器进行第N段攻击 ,5,103,5,1,"使用%1进行第%2段攻击,攻击%3,攻击距离%4格,结束时%5重置动画",16,"1,1,0,1,1,0",,,,1028|1|0,,1005|1|0,1|1,1048|1|0,,1005|1|0,1|1,1012|1|2,5|90001,,,,,,,2,,,,1006,,
510307,内部 - 瞄准目标使用爆炸技能,5,103,5,1,瞄准%1使用爆炸技能,16,"1,1,0,1,1,0",,,,1048|1|0,,,,,,,,,,,,,,,,2,,,,1007,,
510308,举起盾牌,5,103,5,1,使此生物举起%1,16,"1,1,0,1,1,0",,,,1028|1|0,,,,,,,,,,,,,,,,,,,,1008,,
510309,放下盾牌,5,103,5,1,使此生物放下盾牌,16,"1,1,0,1,1,0",,,,,,,,,,,,,,,,,,,,,100,,,1009,,
510310,给予对象状态效果,5,103,5,1,"给予%1%2效果,永久持续%3,持续%4秒",16,"1,1,0,1,1,0",,,,1048|1|0,,1037|1|0,2|4001,1014|1|0,5|320002,1005|1|0,1|0,,,,,,,,,,,9401052,,1010,,
510311,移除对象状态效果,5,103,5,1,移除%1的%2效果,16,"1,1,0,1,1,0",,,,1048|1|0,,1037|1|0,2|4001,,,,,,,,,,,,,,,9401053,,1011,,
510312,替换对象状态效果,5,103,5,1,"将%1身上的%2替换为%3,永久持续%4,持续%5秒",16,"1,1,0,1,1,0",,,,1048|1|0,,1037|1|0,2|4001,1037|1|0,2|8001,1014|1|0,5|320002,1005|1|0,1|0,,,,,,,,100,9401054,,1012,,
510313,内部-使用枪械攻击,5,103,5,1,"使用%1攻击%2,攻击距离%3",16,"1,1,0,1,1,0",,,,1028|1|0,,1048|1|0,,1005|1|0,1|5,,,,,,,,,,,2,,,,1013,,
510320,击败对象,0,103,0,1,击败%1,16,"1,1,0,1,1,0",,,,1048|1|0,,,,,,,,,,,,,,,,30,,9401055,,1014,,
510321,删除对象,0,103,0,1,删除%1,1,"1,1,0,1,1,0",,,,1048|1|0,,,,,,,,,,,,,,,,31,100,9401056,,1015,,
510330,抱起对象,0,103,0,1,使此生物抱起%1,1,"1,1,0,1,1,0",,,,1048|1|0,,,,,,,,,,,,,,,,40,,,,1016,,
510331,放下抱起的对象,0,103,0,1,使此生物放下抱起的对象,1,"1,1,0,1,1,0",,,,1048|1|0,,,,,,,,,,,,,,,,41,100,,,1017,,
510340,内部-使用指定目标类型技能,5,103,5,1,"对%1使用%2技能,%3自动转向",16,"1,1,0,1,1,0",,,,1048|1|0,,1010|1|0,,1013|1|2,5|100001,,,,,,,,,,,2,,,,1018,,
510341,内部-使用指定位置类型技能,5,103,5,1,"对%1使用%2技能,%3自动转向",16,"1,1,0,1,1,0",,,,1002|1|0,,1010|1|0,,1013|1|2,5|100001,,,,,,,,,,,2,,,,1019,,
510342,设置水中悬浮开启与关闭,5,4,5,1,设置%1水中悬浮为%2,5,"1,1,0,1,1,0",,,,1031|1|0,3|600400,1013|1|2,5|100002,,,,,,,,,,,,,,,,,1020,,
510343,设置生物飞行曲线编号,5,4,5,1,"设置%1飞行曲线编号为%2",5,"1,1,0,1,1,0",,,,1031|1|0,3|600400,1005|1|0,1|0,,,,,,,,,,,,,,,,,1021,,
600101,此对象,6,1,6,1,此对象,5,"1,1,0,1,1,0",,1,47,,,,,,,,,,,,,,,,,,100,9401057,,1100,,
600102,队伍关系,6,1,6,1,%1关系,12,"1,1,0,1,1,0",,1,208,1206|1|2,5|2060001,,,,,,,,,,,,,,,,,,,1101,,
600103,实际队伍,6,1,6,1,%1队伍,12,"1,1,0,1,1,0",,1,208,1207|1|2,5|2070001,,,,,,,,,,,,,,,,,,,1102,,
600104,位置与位置的距离,6,1,6,1,%1与%2的距离,12,"1,1,0,1,1,0",,1,6,1002|1|0,,1002|1|0,,,,,,,,,,,,,,,,,,1103,,
600105,指定坐标位置,6,1,6,1,坐标值 X%1Y%2Z%3的位置,12,"1,1,0,1,1,0",,1,3,1005|1|0,1|0,1005|1|0,1|1,1005|1|0,1|1,,,,,,,,,,,,,,,1104,,
600106,位置的坐标值,6,1,6,0,%1的%2坐标值,12,"1,1,0,1,1,0",,1,6,1002|1|0,,1006|1|2,5|40001,,,,,,,,,,,,,,,,,1105,,
600107,内部-月亮坐标,6,1,6,1,月亮坐标,,"1,1,0,1,1,0",,1,3,,,,,,,,,,,,,,,,,2,,,,1106,,
600108,位置偏移（不改变原位置）,6,1,6,1,%1沿坐标轴偏移（%2，%3，%4）,,"1,1,0,1,1,0",,1,3,1002|1|0,,1005|1|0,1|1,1005|1|0,1|1,1005|1|0,1|1,,,,,,,,,,,,,1107,,
600109,对象生成位置,6,2,6,1,%1生成位置,12,"1,1,0,1,1,0",,1,3,1048|1|0,,,,,,,,,,,,,,,,,,,,1108,,
600110,对象当前位置,6,2,6,1,%1当前位置,,"1,1,0,1,1,0",,1,3,1048|1|0,,,,,,,,,,,,,,,,,,,,1109,,
600111,弃用-区域内空闲位置（像素坐标）——弃用,6,1,6,1,%1内空闲位置(像素坐标),,"1,1,0,1,1,0",,1,3,1001|1|0,,,,,,,,,,,,,,,,8,,,,1110,,
600112,区域内空闲位置,6,1,6,1,%1内空闲位置,,"1,1,0,1,1,0",,1,3,1001|1|0,,,,,,,,,,,,,,,,,100,,,1111,,
600113,对象与对象的距离,6,1,6,1,%1与%2的距离,12,"1,1,0,1,1,0",,1,6,1048|1|0,,1048|1|0,,,,,,,,,,,,,,,,,1,1112,,
600114,字符串转位置,6,1,6,1,%1转化为坐标,12,"1,1,0,1,1,0",,1,3,1010|1|0,,,,,,,,,,,,,,,,2,,,,1104,,
600115,区域内可落脚点位置,6,1,6,1,%1内可落脚点位置,,"1,1,0,1,1,0",,1,3,1001|1|0,,,,,,,,,,,,,,,,,100,,,1157,,
600130,位置转化为区域,6,1,6,1,以%1为中心点，尺寸为（%2，%3，%4）的区域,,"1,1,0,1,1,0",,1,2,1002|1|0,,1005|1|0,1|5,1005|1|0,1|5,1005|1|0,1|5,,,,,,,,,,,,,1113,,
600131,像素坐标转化方块坐标,6,1,6,1,%1(像素坐标)转化为%2(方块坐标）,,"1,1,0,1,1,0",,1,3,1002|1|0,,,,,,,,,,,,,,,,,,,,1114,,
600132,方块坐标转化像素坐标,6,1,6,1,%1(方块坐标)转化为%2(像素坐标）,,"1,1,0,1,1,0",,1,3,1002|1|0,,,,,,,,,,,,,,,,,100,,,1115,,
600140,字符串拼接,6,1,6,1,%1和%2,,"1,1,0,1,1,0",,1,11,1010|1|0,1|1010008,1010|1|0,1|300198,,,,,,,,,,,,,,,,,1150,,
600142,字符串转化为数值,6,1,6,1,%1转化为数值,,"1,1,0,1,1,0",,1,6,1010|1|0,1|300142,,,,,,,,,,,,,,,,,,,1151,,
600144,截取字符串,6,1,6,1,截取%1的%2- %3位文本,,"1,1,0,1,1,0",,1,11,1010|1|0,1|300144,1005|1|0,1|1,1005|1|0,1|2,,,,,,,,,,,,,,,1152,,
600145,分割字符串,6,1,6,1,分割%1，分割符为%2，截取分割后的第%3段,,"1,1,0,1,1,0",,1,11,1010|1|0,1|300144,1010|1|0,1|300143,1005|1|0,1|1,,,,,,,,,,,,,,,1153,,
600146,数值转化为字符串,6,1,6,1,%1转化为字符串,,"1,1,0,1,1,0",,1,11,1005|1|0,1|1,,,,,,,,,,,,,,,,,,,1154,,
600150,获取组件属性,6,1,6,1,获取%1的%2的%3,,"1,1,0,1,1,0",,1,307,1048|1|0,,3002|0|0,,3003|0|0,,,,,,,,,,,,,,,,1155,,
600151,返回对象的指令执行结果,6,1,6,1,返回值：执行%1的%2的%3,,"1,1,0,1,1,0",,1,307,1048|1|0,,3002|0|0,,3004|0|0,,,,,,,,,,,,,,,,1156,,
600201,对象属性,0,0,0,1,%1的%2,,"1,1,0,1,1,0",,1,6,1048|1|0,,1020|1|2,,,,,,,,,,,,,,,,,,1170,,
600202,对象的队伍,6,2,6,1,%1的队伍,12,"1,1,0,1,1,0",,1,207,1048|1|0,,,,,,,,,,,,,,,,,,,,1171,,
600203,对象的ID,6,2,6,1,%1的ID,12,"1,1,0,1,1,0",,1,11,1048|1|0,,,,,,,,,,,,,,,,,,,,1172,,
600204,指定ID的对象,6,2,6,1,%1ID的对象,12,"1,1,0,1,1,0",,1,47,1010|1|0,,,,,,,,,,,,,,,,,,,,1173,,
600205,当前游戏时间,6,2,6,1,当前游戏时间,12,"1,1,0,1,1,0",,1,6,,,,,,,,,,,,,,,,,,,,,1180,,
600206,内部-当前武器攻击连段攻击次数,6,2,6,1,%1武器的连段攻击次数,1,"1,1,0,1,1,0",,1,6,1028|1|0,,,,,,,,,,,,,,,,2,,,,1181,,
600207,对象身上的光照强度,6,2,6,1,%1身上的光照强度,12,"1,1,0,1,1,0",,1,6,1048|1|0,,,,,,,,,,,,,,,,,,,,1182,,
600210,装备栏槽位,6,2,6,1,装备栏%1,,-1,,1,53,1091|1|0,1|1,,,,,,,,,,,,,,,,,,,1601,,
600300,玩家对象,6,3,6,1,%1对象,,"1,1,0,1,1,0",,1,47,1018|1|0,,,,,,,,,,,,,,,,,,,,1190,,
600303,内部-获取幸存者主人,6,3,6,1,获取%1的主人,,"1,1,0,1,1,0",,1,17,1048|1|0,3|600101,,,,,,,,,,,,,,,2,,,,1191,,
600304,内部-获取饱食度,6,3,6,1,获取%1的饱食度,,"1,1,0,1,1,0",,1,6,1048|1|0,3|600101,,,,,,,,,,,,,,,2,,,,1192,,
600305,内部-获取濒死状态,6,3,6,1,获取%1的是否濒死,,"1,1,0,1,1,0",,1,13,1048|1|0,3|600101,,,,,,,,,,,,,,,2,,,,1193,,
600306,对象转玩家,6,3,6,1,%1玩家,8,"1,1,0,1,1,0",,1,17,1048|1|0,,,,,,,,,,,,,,,,,,,,1194,,
600309,玩家的名字,6,3,6,1,%1名字,8,"1,1,0,1,1,0",,1,11,1018|1|0,,,,,,,,,,,,,,,,,,,,1195,,
600310,玩家的迷你号,6,3,6,1,%1迷你号,8,"1,1,0,1,1,0",,1,11,1018|1|0,,,,,,,,,,,,,,,,,,,,1196,,
600311,玩家属性,6,3,6,1,%1的%2,8,"1,1,0,1,1,0",,1,6,1018|1|0,,1020|1|2,5|140001,,,,,,,,,,,,,,100,,,1197,,
600312,寻找最近玩家,6,101,6,1,以%1为参照物，寻找%2%3格内%4的最近玩家。视线阻挡：%5，路径阻挡：%6,,"1,1,0,1,1,0",,1,17,1048|1|0,3|600101,1209|1|2,5|2090001,1005|1|0,1|5,1208|1|0,3|600102,1013|1|2,5|100001,1013|1|2,5|100001,,,,,,,,,1210,,
600313,寻找周边所有玩家,6,101,6,1,以%1为参照物，寻找%2%3格内%4玩家。视线阻挡：%5，路径阻挡：%6,,"1,1,0,1,1,0",,1,18,1048|1|0,3|600101,1209|1|2,5|2090001,1005|1|0,1|10,1208|1|0,3|600102,1013|1|2,5|100001,1013|1|2,5|100001,,,,,,,,,1211,,
600314,获取周边玩家数量,6,101,6,1,以%1为参照物，寻找%2%3格内%4玩家数量。视线阻挡：%5，路径阻挡：%6,,"1,1,0,1,1,0",,1,6,1048|1|0,3|600101,1209|1|2,5|2090001,1005|1|0,1|10,1208|1|0,3|600102,1013|1|2,5|100001,1013|1|2,5|100001,,,,,,,,,1212,,
600315,弃用-寻找区域内所有玩家,6,101,6,1,以%1为参照物，寻找%2内%3的所有玩家,,"1,1,0,1,1,0",,1,18,1048|1|0,3|600101,1001|1|0,,1208|1|0,3|600102,1106|1|0,5|730001,,,,,,,,,8,,,,1213,,
600316,寻找最近特定状态玩家,6,101,6,1,"以%1为参照物，寻找%2%3格内%4处于%5的最近玩家,视线阻挡：%6，路径阻挡：%7",,"1,1,0,1,1,0",,1,17,1048|1|0,3|600101,1209|1|2,5|2090001,1005|1|0,1|5,1208|1|0,3|600102,1037|1|0,2|4001,1013|1|2,5|100001,1013|1|2,5|100001,,,,,,,1214,,
600318,寻找手持指定道具类型的玩家,6,101,6,1,"以%1为参照物，寻找%2%3格内%4手持%5的最近玩家,视线阻挡：%6，路径阻挡：%7",,"1,1,0,1,1,0",,1,17,1048|1|0,3|600101,1209|1|2,5|2090001,1005|1|0,1|5,1208|1|0,3|600102,1028|1|0,2|200,1013|1|2,5|100001,1013|1|2,5|100001,,,,,,,1216,,
600319,寻找手持指定道具分类的玩家,6,101,6,1,"以%1为参照物，寻找%2%3格内%4手持%5的最近玩家,视线阻挡：%6，路径阻挡：%7",,"1,1,0,1,1,0",,1,17,1048|1|0,3|600101,1209|1|2,5|2090001,1005|1|0,1|5,1208|1|0,3|600102,3141|1|2,5|4410000,1013|1|2,5|100001,1013|1|2,5|100001,,,,100,,,1217,,
600320,寻找有指定标签的玩家,6,101,6,1,以%1为参照物，寻找%2%3格内%4最近包含%8%5的玩家。视线阻挡：%6，路径阻挡：%7,5,"1,1,0,1,1,0",,1,17,1048|1|0,3|600101,1209|1|2,5|2090001,1005|1|0,1|10,1208|1|0,3|600102,3149|1|0,,1013|1|2,5|100001,1013|1|2,5|100001,3147|0|2,5|4470002,2,,,,1307,,
600321,寻找手持指定道具类型组的玩家,6,101,6,1,"以%1为参照物，寻找%2%3格内%4手持%5的最近玩家,视线阻挡：%6，路径阻挡：%7",,"1,1,0,1,1,0",,1,17,1048|1|0,3|600101,1209|1|2,5|2090001,1005|1|0,1|5,1208|1|0,3|600102,1068|1|0,,1013|1|2,5|100001,1013|1|2,5|100001,,,2,,,,1216,,26寒假
600350,摄像机中心点,6,3,6,1,%1的摄像机中心点坐标,,"1,1,0,1,1,0",,1,3,1018|1|0,,,,,,,,,,,,,,,,,,,,1215,,
600400,此生物,6,4,6,1,此生物,5,"1,1,0,1,1,0",,1,30,,,,,,,,,,,,,,,,,,100,9401057,,1300,,
600401,获取行为树属性值,6,4,6,1,获取%1的%2 %3,5,"1,1,0,1,1,0",,1,,1031|1|0,3|600400,1210|1|0,,3142|1|0,,,,,,,,,,,,,100,,,1300,,
600402,字符串转生物类型,6,6,6,1,%1转生物类型,5,"1,1,0,1,1,0",,1,31,1010|1|0,,,,,,,,,,,,,,,,2,,,,1501,,
600406,生物对象,6,4,6,1,%1对象,,"1,1,0,1,1,0",,1,47,1031|1|0,,,,,,,,,,,,,,,,,,,,1301,,
600407,对象转生物,6,4,6,1,%1生物,,"1,1,0,1,1,0",,1,30,1048|1|0,,,,,,,,,,,,,,,,,,,,1302,,
600408,获取生物主人攻击目标,6,4,6,1,%1的主人的攻击目标,5,"1,1,0,1,1,0",,1,47,1031|1|0,,,,,,,,,,,,,,,,2,,,,1305,3,26寒假
600409,获取生物主人,6,4,6,1,%1的主人,5,"1,1,0,1,1,0",,1,47,1031|1|0,,,,,,,,,,,,,,,,2,,,,1305,3,
600410,获取生物母亲,6,4,6,1,%1的母亲,5,"1,1,0,1,1,0",,1,47,1031|1|0,,,,,,,,,,,,,,,,2,,,,1305,3,
600411,生物属性,6,4,6,1,%1的%2,5,"1,1,0,1,1,0",,1,6,1031|1|0,3|600400,1035|1|2,5|210001,,,,,,,,,,,,,,,,,1303,,
600412,特定生物类型,6,4,6,1,%1类型生物,5,"1,1,0,1,1,0",,1,105,1032|1|2,2|3400,,,,,,,,,,,,,,,,,,,1304,,
600413,获取生物类型,6,4,6,1,%1的生物类型,5,"1,1,0,1,1,0",,1,31,1031|1|0,,,,,,,,,,,,,,,,,,,,1305,,
600414,寻找生物,6,101,6,1,以%1为参照物，寻找%2%3格内%4最近的生物。视线阻挡：%5，路径阻挡：%6,5,"1,1,0,1,1,0",,1,30,1048|1|0,3|600101,1209|1|2,5|2090001,1005|1|0,1|10,1208|1|0,3|600102,1013|1|2,5|100001,1013|1|2,5|100001,,,,,,,,,1306,,
600415,寻找特定生物,6,101,6,1,以%1为参照物，寻找%2%3格内%4最近的%5。视线阻挡：%6，路径阻挡：%7,5,"1,1,0,1,1,0",,1,30,1048|1|0,3|600101,1209|1|2,5|2090001,1005|1|0,1|10,1208|1|0,3|600102,1032|1|0,2|3400,1013|1|2,5|100001,1013|1|2,5|100001,,,,,,,1307,,
600416,寻找周边所有特定生物,6,101,6,1,以%1为参照物，寻找%2%3格内%4%5。视线阻挡：%6，路径阻挡：%7,,"1,1,0,1,1,0",,1,32,1048|1|0,3|600101,1209|1|2,5|2090001,1005|1|0,1|10,1208|1|0,3|600102,1032|1|0,2|3400,1013|1|2,5|100001,1013|1|2,5|100001,,,,,,,1307,,
600417,获取周边生物数量,6,101,6,1,以%1为参照物，寻找%2%3格内%4%5数量。视线阻挡：%6，路径阻挡：%7,,"1,1,0,1,1,0",,1,6,1048|1|0,3|600101,1209|1|2,5|2090001,1005|1|0,1|10,1208|1|0,3|600102,1032|1|0,2|3400,1013|1|2,5|100001,1013|1|2,5|100001,,,,,,,1307,,
600418,弃用-寻找区域内生物,6,101,6,1,以%1为参照物，寻找区域%2内%3所有的%4,,"1,1,0,1,1,0",,1,32,1048|1|0,3|600101,1001|1|0,,1208|1|0,3|600102,1032|1|0,2|3400,,,,,,,,,8,,,,1307,,
600419,寻找指定状态的生物,6,101,6,1,以%1为参照物，寻找%2%3格内%4最近%5的生物。视线阻挡：%6，路径阻挡：%7,5,"1,1,0,1,1,0",,1,30,1048|1|0,3|600101,1209|1|2,5|2090001,1005|1|0,1|10,1208|1|0,3|600102,1037|1|0,2|4001,1013|1|2,5|100001,1013|1|2,5|100001,,,,,,,1307,,
600420,寻找指定状态的特定生物,6,101,6,1,以%1为参照物，寻找%2%3格内%4最近%5的%6。视线阻挡：%7，路径阻挡：%8,5,"1,1,0,1,1,0",,1,30,1048|1|0,3|600101,1209|1|2,5|2090001,1005|1|0,1|10,1208|1|0,3|600102,1037|1|0,2|4001,1032|1|0,2|3400,1013|1|2,5|100001,1013|1|2,5|100001,,,,,1312,,
600421,寻找手持指定道具类型的生物,6,101,6,1,"以%1为参照物，寻找%2%3格内%4最近手持%5的生物,视线阻挡：%6，路径阻挡：%7",,"1,1,0,1,1,0",,1,30,1048|1|0,3|600101,1209|1|2,5|2090001,1005|1|0,1|5,1208|1|0,3|600102,1028|1|0,2|200,1013|1|2,5|100001,1013|1|2,5|100001,,,,,,,1313,,
600422,寻找手持指定道具分类的生物,6,101,6,1,"以%1为参照物，寻找%2%3格内%4手持%5的最近生物,视线阻挡：%6，路径阻挡：%7",,"1,1,0,1,1,0",,1,30,1048|1|0,3|600101,1209|1|2,5|2090001,1005|1|0,1|5,1208|1|0,3|600102,3141|1|2,5|4410000,1013|1|2,5|100001,1013|1|2,5|100001,,,,100,,,1314,,
600423,寻找指定类型组的生物,6,101,6,1,以%1为参照物，寻找%2%3格内%4最近的%5。视线阻挡：%6，路径阻挡：%7,5,"1,1,0,1,1,0",,1,30,1048|1|0,3|600101,1209|1|2,5|2090001,1005|1|0,1|10,1208|1|0,3|600102,1069|1|0,,1013|1|2,5|100001,1013|1|2,5|100001,,,,,,,1307,,
600424,寻找掉落道具的生物,6,101,6,1,以%1为参照物，寻找%2%3格内%4掉落%5的生物。视线阻挡：%6，路径阻挡：%7,5,"1,1,0,1,1,0",,1,30,1048|1|0,3|600101,1209|1|2,5|2090001,1005|1|0,1|10,1208|1|0,3|600102,1028|1|0,,1013|1|2,5|100001,1013|1|2,5|100001,,,,,,,1307,,
600425,寻找有指定标签的生物,6,101,6,1,以%1为参照物，寻找%2%3格内%4最近包含%8%5的生物。视线阻挡：%6，路径阻挡：%7,5,"1,1,0,1,1,0",,1,30,1048|1|0,3|600101,1209|1|2,5|2090001,1005|1|0,1|10,1208|1|0,3|600102,3149|1|0,,1013|1|2,5|100001,1013|1|2,5|100001,3147|0|2,5|4470002,2,,,,1307,,
600426,寻找手持指定道具类型组的生物,6,101,6,1,"以%1为参照物，寻找%2%3格内%4最近手持%5的生物,视线阻挡：%6，路径阻挡：%7",,"1,1,0,1,1,0",,1,30,1048|1|0,3|600101,1209|1|2,5|2090001,1005|1|0,1|5,1208|1|0,3|600102,1068|1|0,,1013|1|2,5|100001,1013|1|2,5|100001,,,2,,,,1313,,26寒假
600501,寻找最近方块位置,6,101,6,1,"以%1为参照物,寻找最近的%2格内%3的位置。视线阻挡：%4，路径阻挡：%5",2,"1,1,0,1,1,0",,1,3,1048|1|0,3|600101,1005|1|0,1|10,1025|1|0,,1013|1|2,5|100001,1013|1|2,5|100001,,,,,,,,100,,,1401,,
600502,寻找掉落道具的方块,6,101,6,1,寻找%1格内掉落%2的方块。路径阻挡：%3,5,"1,1,0,1,1,0",,1,3,1005|1|0,1|10,1028|1|0,2|200,1013|1|2,5|100001,,,,,,,,,,,,,,,1401,,
600503,字符串转方块类型,6,5,6,1,%1的方块类型,2,"1,1,0,1,1,0",,1,24,1010|1|0,,,,,,,,,,,,,,,,2,,,,1402,,
600504,寻找含有指定道具的箱子位置,6,101,6,1,寻找%1格内含有%2的箱子位置。路径阻挡：%3,2,"1,1,0,1,1,0",,1,3,1005|1|0,1|10,1028|1|0,2|200,1013|1|2,5|100001,,,,,,,,,,,,,,,1402,,
600505,寻找最近带标签的方块位置,6,101,6,1,"以%1为参照物,寻找最近的%2格内包含%6%3的方块位置。视线阻挡：%4，路径阻挡：%5",2,"1,1,0,1,1,0",,1,3,1048|1|0,3|600101,1005|1|0,1|10,3149|1|0,,1013|1|2,5|100001,1013|1|2,5|100001,3147|0|2,5|4470002,,,,,2,100,,,1401,,
600506,寻找含有指定标签的箱子位置,6,101,6,1,寻找%1格内包含%4%2道具的箱子位置。路径阻挡：%3,2,"1,1,0,1,1,0",,1,3,1005|1|0,1|10,3149|1|0,,1013|1|2,5|100001,3147|0|2,5|4470002,,,,,,,,,2,,,,1402,,26寒假
600510,位置的光照强度,6,5,6,1,%1的光照强度,2,"1,1,0,1,1,0",,1,6,1002|1|0,,,,,,,,,,,,,,,,,,,,1402,,
603400,投掷物对象,6,34,6,1,%1对象,,"1,1,0,1,1,0",,1,47,1044|1|0,,,,,,,,,,,,,,,,,,,,1403,,
603401,对象转投掷物,6,34,6,1,%1转投掷物类型,,"1,1,0,1,1,0",,1,43,1048|1|0,,,,,,,,,,,,,,,,,,,,,,
603402,寻找最近指定类型投掷物,6,101,6,1,以%1为参照物，寻找%2%3格内%4最近的%5。视线阻挡：%6，路径阻挡：%7,,"1,1,0,1,1,0",,1,43,1048|1|0,3|600101,1209|1|2,5|2090001,1005|1|0,1|10,1208|1|0,3|600102,1029|1|0,,1013|1|2,5|100001,1013|1|2,5|100001,,,,,,,,,
603500,掉落物对象,6,35,6,1,%1对象,,"1,1,0,1,1,0",,1,47,1030|1|0,,,,,,,,,,,,,,,,,,,,1404,,
603501,对象转掉落物,6,35,6,1,%1转掉落物,,"1,1,0,1,1,0",,1,29,1048|1|0,,,,,,,,,,,,,,,,,,,,,,
600601,弃用-内部-道具属性,6,6,6,1,道具:%1的%2,1,"1,1,0,1,1,0",,1,6,1048|1|0,,1099|1|0,5|680001,,,,,,,,,,,,,8,,,,1405,,
600602,特定道具类型,6,6,6,1,%1类型道具,1,"1,1,0,1,1,0",,1,105,1028|1|0,,,,,,,,,,,,,,,,,,,,1501,,
600603,拥有的道具数量,6,6,6,1,%1拥有的%2的数量,1,"1,1,0,1,1,0",,1,6,1048|1|0,3|600101,1028|1|0,2|200,,,,,,,,,,,,,,,,,1502,,
600604,获得对象道具类型,0,6,0,1,%1的道具类型,1,"1,1,0,1,1,0",,1,27,1048|1|0,,,,,,,,,,,,,,,,,,,,1503,,
600605,拥有含指定标签的道具数量,6,6,6,1,%1包含%3%2的道具数量,1,"1,1,0,1,1,0",,1,6,1048|1|0,3|600101,3149|1|0,,3147|0|2,5|4470002,,,,,,,,,,,2,,,,1502,,26寒假
600606,寻找最近的特定掉落物,6,101,6,1,以%1为参照物，寻找%2%3格内最近的%4。视线阻挡：%5，路径阻挡：%6,1,"1,1,0,1,1,0",,1,29,1048|1|0,3|600101,1209|1|2,5|2090001,1005|1|0,1|10,1028|1|0,2|200,1013|1|2,5|100001,1013|1|2,5|100001,,,,,,100,,,1504,,
600607,字符串转道具类型,6,6,6,1,%1转类型道具,1,"1,1,0,1,1,0",,1,27,1010|1|0,,,,,,,,,,,,,,,,2,,,,1501,,
600608,寻找最近的带标签的掉落物,6,101,6,1,以%1为参照物，寻找%2%3格内最近包含%7%4的掉落物。视线阻挡：%5，路径阻挡：%6,1,"1,1,0,1,1,0",,1,29,1048|1|0,3|600101,1209|1|2,5|2090001,1005|1|0,1|10,3149|1|0,,1013|1|2,5|100001,1013|1|2,5|100001,3147|0|2,5|4470002,,,2,,,,1504,,
600611,道具属性,0,6,0,1,道具:%1的%2,1,"1,1,0,1,1,0",,1,6,1048|1|0,,1099|1|0,5|680001,,,,,,,,,,,,,,,,,1505,,
600612,手持的道具类型,6,6,6,1,%1手持的道具类型,1,"1,1,0,1,1,0",,1,27,1048|1|0,,,,,,,,,,,,,,,,,100,,,1506,,
600613,冶炼目标道具所需原料的类型,6,6,6,1,冶炼%1所需原料,1,"1,1,0,1,1,0",,1,27,1028|1|0,,,,,,,,,,,,,,,,,,,,1507,,
600620,建造蓝图所缺少的材料,6,6,6,1,建造%1位置的蓝图所缺的方块材料,1,"1,1,0,1,1,0",,1,27,1002|1|0,,,,,,,,,,,,,,,,2,,,,1508,,26寒假
600621,建造蓝图所缺少的材料个数,6,6,6,1,建造%1位置的蓝图所缺的%2材料个数,1,"1,1,0,1,1,0",,,6,1002|1|0,,1028|1|0,,,,,,,,,,,,,,2,,,,1509,,26寒假
600622,合成指定道具缺少的道具类型,6,6,6,1,合成%1道具缺少的道具类型,1,"1,1,0,1,1,0",,1,27,1028|1|0,,,,,,,,,,,,,,,,2,,,,1510,,26寒假
600623,合成指定道具缺少道具个数,6,6,6,1,合成%1缺少%2材料的个数,1,"1,1,0,1,1,0",,,6,1028|1|0,,1028|1|0,,,,,,,,,,,,,,2,,,,1511,,26寒假
601001,随机数,6,10,6,0,生成随机整数:%1至%2,6,"1,1,0,1,1,0",,1,6,1005|1|0,1|1,1005|1|0,1|10,,,,,,,,,,,,,,,,,1601,,
601002,高级四则运算,6,10,6,0,%1%2%3,6,"1,1,0,1,1,0",,1,6,1005|1|0,1|0,1017|1|2,5|130001,1005|1|0,1|0,,,,,,,,,,,,,,,1602,,
601004,取整,6,10,6,0,%1%2,,"1,1,0,1,1,0",,1,6,1009|1|2,5|70002,1005|1|0,1|1,,,,,,,,,,,,,,,,,1603,,
601005,绝对值,6,10,6,0,%1的绝对值,,"1,1,0,1,1,0",,1,6,1005|1|0,1|-1,,,,,,,,,,,,,,,,,,,1604,,
601006,整除,6,10,6,0,%1整除%2,,"1,1,0,1,1,0",,1,6,1005|1|0,1|1,1005|1|0,1|1,,,,,,,,,,,,,,,,,1605,,
601007,取余,6,10,6,0,%1Mod%2,,"1,1,0,1,1,0",,1,6,1005|1|0,1|1,1005|1|0,1|1,,,,,,,,,,,,,,,,,1606,,
601008,最大值,6,10,6,0,%1与%2的%3,,"1,1,0,1,1,0",,1,6,1005|1|0,1|1,1005|1|0,1|10,1015|1|2,5|110001,,,,,,,,,,,,,,,1607,,
601009,幂运算,6,10,6,0,%1的%2次幂,,"1,1,0,1,1,0",,1,6,1005|1|0,1|2,1005|1|0,1|2,,,,,,,,,,,,,,,,,1608,,
601010,开方,6,10,6,0,%1开%2次方,,"1,1,0,1,1,0",,1,6,1005|1|0,1|4,1005|1|0,1|2,,,,,,,,,,,,,,,,,1609,,
601011,固定底对数函数,6,10,6,0,%1%2,,"1,1,0,1,1,0",,1,6,1008|1|2,5|60001,1005|1|0,1|10,,,,,,,,,,,,,,,,,1610,,
601012,任意底对数函数,6,10,6,0,Log%1%2,,"1,1,0,1,1,0",,1,6,1005|1|0,1|1,1005|1|0,1|1,,,,,,,,,,,,,,,,,1611,,
601013,三角函数,6,10,6,0,%1%2%3,,"1,1,0,1,1,0",,1,6,1043|1|2,5|330001,1005|1|0,1|30,1007|1|2,5|50001,,,,,,,,,,,,,,,1612,,
601014,角度与弧度转换,6,10,6,0,将%1转换为%2,,"1,1,0,1,1,0",,1,6,1005|1|0,1|90,1007|1|2,5|50001,,,,,,,,,,,,,,,,,1613,,
601101,位置组中指定编号的位置,6,11,6,1,%1中编号为%2的位置,6,"1,1,0,1,1,0",,0,3,1062|0|0,,1005|1|0,1|1,,,,,,,,,,,,,,,,,1614,,
601102,位置组中的随机位置,6,11,6,1,%1中的随机位置,6,"1,1,0,1,1,0",,1,3,1062|0|0,,,,,,,,,,,,,,,,,,,,1615,,
601103,数值组中指定编号的数值,6,11,6,1,%1中编号为%2的数值,6,"1,1,0,1,1,0",,0,6,1064|0|0,,1005|1|0,1|1,,,,,,,,,,,,,,,,,1616,,
601104,数值组中的随机数值,6,11,6,1,%1中的随机数值,6,"1,1,0,1,1,0",,1,6,1064|0|0,,,,,,,,,,,,,,,,,,,,1617,,
601105,区域组中指定编号的区域,6,11,6,1,%1中编号为%2的区域,6,"1,1,0,1,1,0",,0,2,1063|0|0,,1005|1|0,1|1,,,,,,,,,,,,,,,,,1618,,
601106,区域组中的随机区域,6,11,6,1,%1中的随机区域,6,"1,1,0,1,1,0",,1,2,1063|0|0,,,,,,,,,,,,,,,,,,,,1619,,
601107,对象组中指定编号的对象,6,11,6,1,%1中编号为%2的对象,6,"1,1,0,1,1,0",,0,47,1201|0|0,,1005|1|0,1|1,,,,,,,,,,,,,,,,,1620,,
601108,对象组中的随机对象,6,11,6,1,%1中的随机对象,6,"1,1,0,1,1,0",,1,47,1201|0|0,,,,,,,,,,,,,,,,,,,,1621,,
601109,玩家组中指定编号的玩家,6,11,6,1,%1中编号为%2的玩家,6,"1,1,0,1,1,0",,0,17,1019|1|0,,1005|1|0,1|1,,,,,,,,,,,,,,,,,1622,,
601110,玩家组中的随机玩家,6,11,6,1,%1中的随机玩家,6,"1,1,0,1,1,0",,1,17,1019|1|0,,,,,,,,,,,,,,,,,,,,1623,,
601111,生物组中指定编号的生物,6,11,6,1,%1中编号为%2的生物,6,"1,1,0,1,1,0",,0,30,1033|1|0,,1005|1|0,1|1,,,,,,,,,,,,,,,,,1624,,
601112,生物组中的随机生物,6,11,6,1,%1中的随机生物,6,"1,1,0,1,1,0",,1,30,1033|1|0,,,,,,,,,,,,,,,,,,,,1625,,
601113,字符串组中指定编号的字符串,6,11,6,1,%1中编号为%2的字符串,6,"1,1,0,1,1,0",,0,11,1065|0|0,,1005|1|0,1|1,,,,,,,,,,,,,,,,,1626,,
601114,字符串组中的随机字符串,6,11,6,1,%1中的随机字符串,6,"1,1,0,1,1,0",,1,11,1065|0|0,,,,,,,,,,,,,,,,,,,,1627,,
601115,生物类型组中指定编号的生物类型,6,11,6,1,%1中编号为%2的生物类型,6,"1,1,0,1,1,0",,0,31,1069|0|0,,1005|1|0,1|1,,,,,,,,,,,,,,,,,1627,,
601116,生物类型组中的随机生物类型,6,11,6,1,%1中的随机生物类型,6,"1,1,0,1,1,0",,1,31,1069|0|0,,,,,,,,,,,,,,,,,,,,1627,,
601117,道具类型组中指定编号的道具类型,6,11,6,1,%1中编号为%2的道具类型,6,"1,1,0,1,1,0",,0,27,1068|0|0,,1005|1|0,1|1,,,,,,,,,,,,,2,,,,1628,,26寒假
601118,道具类型组中的随机道具类型,6,11,6,1,%1中的随机道具类型,6,"1,1,0,1,1,0",,1,27,1068|0|0,,,,,,,,,,,,,,,,2,,,,1628,,26寒假
601119,音效组中的随机音效,6,11,6,1,%1中的随机音效类型,6,"1,1,0,1,1,0",,1,45,3078|0|0,,,,,,,,,,,,,,,,2,,,,1629,,26.4
601115,弃用-获取对象组件属性,6,11,6,1,%1%2内的%3,6,"1,1,0,1,1,0",,1,,,,,,,,,,,,,,,,,,8,,,,1628,,
601201,计时器时间,6,12,6,1,%1的时间,,"1,1,0,1,1,0",,1,6,1040|1|0,,,,,,,,,,,,,,,,,,,,1702,,
601401,文字板,6,16,6,1,内容为%1的文字板，字体大小%2，不透明度%3%，编号%4,,"1,1,0,1,1,0",,1,56,1010|1|0,1|300142,1005|1|0,1|16,1005|1|0,1|1,1005|1|0,1|1,,,,,,,,,,,,,1703,,
601402,漂浮文字,6,16,6,1,内容为%1的漂浮文字，字体大小%2，编号%3,,"1,1,0,1,1,0",,1,56,1010|1|0,1|300142,1005|1|0,1|100,1005|1|0,1|1, ,,,,,,,,,,,,,,1704,,
601403,进度条,6,16,6,1,当前值%1、最大值%2的进度条，颜色%3，编号%4,,"1,1,0,1,1,0",,1,56,1005|1|0,1|100,1005|1|0,1|100,1056|1|0,1|0xF44336,1005|1|0,1|1,,,,,,,,,,,,,1705,,
601404,图片,6,16,6,1,图片为%1，大小为%2倍，不透明度为%3%，编号为%4,,"1,1,0,1,1,0",,1,56,1076|1|0,,1005|1|0,1|1,1005|1|0,1|100,1005|1|0,1|1,,,,,,,,,,,,,1706,,
601405,气泡板,6,16,6,1,内容为%1，编号为%2的气泡板,,"1,1,0,1,1,0",,1,56,1010|1|0,,1005|1|0,1|1,,,,,,,,,,,,,2,,,,1706,,26寒假
601410,道具类型的图标,6,16,6,0,%1的图标,,"1,1,0,1,1,0",,1,75,1028|1|0,2|12005,,,,,,,,,,,,,,,,,,,1707,,
601411,生物的图标,6,16,6,0,%1的图标,,"1,1,0,1,1,0",,1,75,1031|1|0,,,,,,,,,,,,,,,,,,,,1708,,
601412,生物类型的图标,6,16,6,0,%1的图标,,"1,1,0,1,1,0",,1,75,1032|1|0,2|3400,,,,,,,,,,,,,,,,,,,1709,,
601413,状态的图标,6,16,6,0,%1的图标,,"1,1,0,1,1,0",,1,75,1037|1|0,2|4001,,,,,,,,,,,,,,,,,,,1710,,
601414,方块类型的图标,6,16,6,0,%1的图标,,"1,1,0,1,1,0",,1,75,1025|1|0,2|200,,,,,,,,,,,,,,,,,,,1711,,
601415,玩家当前角色图标,6,16,6,0,当前%1角色的图标,,"1,1,0,1,1,0",,1,75,1018|1|0,,,,,,,,,,,,,,,,,,,,1712,,
601416,获取玩家快捷栏图标,6,16,6,0,%1快捷栏为%2的图标,,"1,1,0,1,1,0",,1,75,1018|1|0,,1005|1|0,1|1,,,,,,,,,,,,,,,,,1713,,
601417,生物类型的外观,6,4,6,1,%1的外观,5,"1,1,0,1,1,0",,1,59,1032|1|0,2|3400,,,,,,,,,,,,,,,2,,,,1714,,
601418,方块类型的外观,6,5,6,1,%1的外观,5,"1,1,0,1,1,0",,1,59,1025|1|0,2|200,,,,,,,,,,,,,,,2,,,,1715,,
602201,位置到位置的方向,6,22,6,1,%1到%2的方向,,"1,1,0,1,1,0",,1,46,1002|1|0,,1002|1|0,,,,,,,,,,,,,,,,,,,,
602202,玩家准心所指的方向,6,22,6,1,%1准心所指的方向,,"1,1,0,1,1,0",,1,46,1018|1|0,,,,,,,,,,,,,,,,,,,,,,
602203,射线打到的位置,6,22,6,1,从%1向%2发射%3格的射线打到的%4的位置,,"1,1,0,1,1,0",,1,3,1002|1|0,,1047|1|0,5|350005,1005|1|0,1|10,1157|1|2,5|1560001,,,,,,,,,,,,,,,
602204,激光笔打到的位置,6,22,6,1,%1激光笔打到的位置,,"1,1,0,1,1,0",,1,3,1018|1|0,,,,,,,,,,,,,,,,,,,,,,
610101,弃用-获取对象位置,6,2,6,1,获取%1位置,,"1,1,0,1,1,0",,1,3,1048|1|0,,,,,,,,,,,,,,,,8,,,,1714,,
610102,弃用-寻找最近对象,6,101,6,1,以%1为参照物，寻找%2%3格内%4最近的%5,,"1,1,0,1,1,0",,1,47,1048|1|0,3|600101,1209|1|2,5|2090001,1005|1|0,1|10,1208|1|0,3|600102,1106|1|0,5|730001,,,,,,,8,,,,1715,,
610103,弃用-寻找周边对象,6,101,6,1,以%1为参照物，寻找%2%3格内%4%5,,"1,1,0,1,1,0",,1,201,1048|1|0,3|600101,1209|1|2,5|2090001,1005|1|0,1|10,1208|1|0,3|600102,1106|1|0,5|730001,,,,,,,8,,,,1716,,
610104,弃用-获取周边对象数量,6,101,6,1,以%1为参照物，寻找%2%3格内%4%5数量,,"1,1,0,1,1,0",,1,6,1048|1|0,3|600101,1209|1|2,5|2090001,1005|1|0,1|10,1208|1|0,3|600102,1106|1|0,5|730001,,,,,,,8,,,,1717,,
610105,弃用-寻找区域内所有对象,6,101,6,1,以%1为参照物，寻找区域%2内%3的所有%4,,"1,1,0,1,1,0",,1,201,1048|1|0,3|600101,1001|1|0,,1208|1|0,3|600102,1106|1|0,5|730001,,,,,,,,,8,,,,1718,,
610106,寻找最近对象,6,101,6,1,以%1为参照物，寻找%2%3格内%4最近的对象。视线阻挡：%5，路径阻挡：%6,,"1,1,0,1,1,0",,1,47,1048|1|0,3|600101,1209|1|2,5|2090001,1005|1|0,1|10,1208|1|0,3|600102,1013|1|2,5|100001,1013|1|2,5|100001,,,,,,,,,1719,,
610107,寻找指定状态的对象,6,101,6,1,以%1为参照物，寻找%2%3格内%4最近%5的对象。视线阻挡：%6，路径阻挡：%7,5,"1,1,0,1,1,0",,1,47,1048|1|0,3|600101,1209|1|2,5|2090001,1005|1|0,1|10,1208|1|0,3|600102,1037|1|0,2|4001,1013|1|2,5|100001,1013|1|2,5|100001,,,,,,,1720,,
610108,寻找手持指定道具类型的对象,6,101,6,1,"以%1为参照物，寻找%2%3格内%4最近手持%5的对象,视线阻挡：%6，路径阻挡：%7",,"1,1,0,1,1,0",,1,47,1048|1|0,3|600101,1209|1|2,5|2090001,1005|1|0,1|5,1208|1|0,3|600102,1028|1|0,2|200,1013|1|2,5|100001,1013|1|2,5|100001,,,,,,,1721,,
610109,寻找手持指定道具分类的对象,6,101,6,1,"以%1为参照物，寻找%2%3格内%4手持%5的最近对象,视线阻挡：%6，路径阻挡：%7",,"1,1,0,1,1,0",,1,47,1048|1|0,3|600101,1209|1|2,5|2090001,1005|1|0,1|5,1208|1|0,3|600102,3141|1|2,5|4410000,1013|1|2,5|100001,1013|1|2,5|100001,,,,,,,1722,,
610110,寻找最近带标签的对象,6,101,6,1,以%1为参照物，寻找%2%3格内%4最近包含%8%5的对象。视线阻挡：%6，路径阻挡：%7,5,"1,1,0,1,1,0",,1,47,1048|1|0,3|600101,1209|1|2,5|2090001,1005|1|0,1|10,1208|1|0,3|600102,3149|1|0,,1013|1|2,5|100001,1013|1|2,5|100001,3147|0|2,5|4470002,2,,,,1715,,
610111,寻找手持指定道具类型组的对象,6,101,6,1,"以%1为参照物，寻找%2%3格内%4最近手持%5的对象,视线阻挡：%6，路径阻挡：%7",,"1,1,0,1,1,0",,1,47,1048|1|0,3|600101,1209|1|2,5|2090001,1005|1|0,1|5,1208|1|0,3|600102,1068|1|0,,1013|1|2,5|100001,1013|1|2,5|100001,,,2,,,,1721,,26寒假
615001,内部-获取主基地位置,6,101,6,1,获取主基地位置,12,"1,1,0,1,1,0",,1,3,,,,,,,,,,,,,,,,,2,,,,1723,,
615002,内部-气泡板-获取指定ID配置,6,2,6,1,获取%1ID的气泡内容,,"1,1,0,1,1,0",,1,56,1005|1|0,1|1,,,,,,,,,,,,,,,2,,,,5000,,26寒假
615003,内部-气泡板-随机获取指定组配置,6,2,6,1,获取%1组的随机气泡内容,,"1,1,0,1,1,0",,1,56,1005|1|0,1|1,,,,,,,,,,,,,,,2,,,,5001,,26寒假
615004,内部-获取当前工作区域,6,2,6,1,获取%1的工作区域中心,,"1,1,0,1,1,0",,1,3,1031|1|0,3|600400,,,,,,,,,,,,,,,2,,,,5002,,26寒假
615005,内部-获取村庄图腾位置,6,2,6,1,获取%1的村庄图腾位置,,"1,1,0,1,1,0",,1,3,1031|1|0,3|600400,,,,,,,,,,,,,,,2,,,,5003,,26寒假
615006,内部-获取剩余睡觉时间,6,2,6,1,获取剩余睡觉时间,,"1,1,0,1,1,0",,1,6,,,,,,,,,,,,,,,,,2,,,,5003,,26寒假
615007,内部-获取村庄内食物位置,6,2,6,1,获取%1村庄内食物位置,,"1,1,0,1,1,0",,1,3,1031|1|0,3|600400,,,,,,,,,,,,,,,2,,,,5003,,26寒假
615008,内部-获取村庄含特定道具的箱子位置,6,2,6,1,获取%1村庄内含有%2道具的箱子位置,,"1,1,0,1,1,0",,1,3,1031|1|0,3|600400,1028|1|0,,,,,,,,,,,,,,2,,,,,,26寒假
615009,内部-获取村民床的位置,6,2,6,1,获取%1村庄内床的位置,,"1,1,0,1,1,0",,1,3,1031|1|0,3|600400,,,,,,,,,,,,,,,2,,,,,,26寒假
615010,内部-获取生物窝的位置,6,2,6,1,寻找%1%2格内空窝的位置,,"1,1,0,1,1,0",,1,3,1031|1|0,3|600400,1005|1|0,1|20,,,,,,,,,,,,,2,,,,,,26寒假
700003,行为树变量（数值）,7,101,7,0,,,"1,1,0,1,1,0",,,6,,,,,,,,,,,,,,,,,,,,,,,
700020,行为树变量（数值组）,7,101,7,0,,,"1,1,0,1,1,0",,,63,,,,,,,,,,,,,,,,,,,,,,,
700004,行为树变量（字符串）,7,102,7,0,,,"1,1,0,1,1,0",,,11,,,,,,,,,,,,,,,,,,,,,,,
700021,行为树变量（字符串组）,7,102,7,0,,,"1,1,0,1,1,0",,,64,,,,,,,,,,,,,,,,,,,,,,,
700009,行为树变量（玩家）,7,103,7,0,,,"1,1,0,1,1,0",,,17,,,,,,,,,,,,,,,,,,,,,,,
700010,行为树变量（玩家组）,7,103,7,0,,,"1,1,0,1,1,0",,,18,,,,,,,,,,,,,,,,,,,,,,,
700013,行为树变量（生物）,7,104,7,0,,,"1,1,0,1,1,0",,,30,,,,,,,,,,,,,,,,,,,,,,,
700015,行为树变量（生物组）,7,104,7,0,,,"1,1,0,1,1,0",,,32,,,,,,,,,,,,,,,,,,,,,,,
700006,行为树变量（对象）,7,105,7,0,,,"1,1,0,1,1,0",,,47,,,,,,,,,,,,,,,,,,,,,,,
700008,行为树变量（对象组）,7,105,7,0,,,"1,1,0,1,1,0",,,201,,,,,,,,,,,,,,,,,,,,,,,
700005,行为树变量（布尔值）,7,107,7,0,,,"1,1,0,1,1,0",,,13,,,,,,,,,,,,,,,,,,,,,,,
700022,行为树变量（布尔值组）,7,107,7,0,,,"1,1,0,1,1,0",,,65,,,,,,,,,,,,,,,,,,,,,,,
700002,行为树变量（位置）,7,108,7,0,,,"1,1,0,1,1,0",,,3,,,,,,,,,,,,,,,,,,,,,,,
700018,行为树变量（位置组）,7,108,7,0,,,"1,1,0,1,1,0",,,61,,,,,,,,,,,,,,,,,,,,,,,
700001,行为树变量（区域）,7,109,7,0,,,"1,1,0,1,1,0",,,2,,,,,,,,,,,,,,,,,,,,,,,
700019,行为树变量（区域组）,7,109,7,0,,,"1,1,0,1,1,0",,,62,,,,,,,,,,,,,,,,,,,,,,,
700028,行为树变量（投掷物）,7,111,7,0,,,"1,1,0,1,1,0",,,43,,,,,,,,,,,,,,,,,,,,,,,
700029,行为树变量（投掷物组）,7,111,7,0,,,"1,1,0,1,1,0",,,360,,,,,,,,,,,,,,,,,,,,,,,
700031,行为树变量（掉落物),7,112,7,0,变量模板（掉落物),,"1,1,0,1,1,0",,0,29,,,,,,,,,,,,,,,,,,,,,,,
700032,行为树变量（掉落物组),7,112,7,0,变量模板（掉落物组),,"1,1,0,1,1,0",,0,361,,,,,,,,,,,,,,,,,,,,,,,
700011,行为树变量（方块类型）,7,113,7,0,,,"1,1,0,1,1,0",,,24,,,,,,,,,,,,,,,,,,,,,,,
700023,行为树变量（方块类型组）,7,113,7,0,,,"1,1,0,1,1,0",,,66,,,,,,,,,,,,,,,,,,,,,,,
700012,行为树变量（道具类型）,7,114,7,0,,,"1,1,0,1,1,0",,,27,,,,,,,,,,,,,,,,,,,,,,,
700024,行为树变量（道具类型组）,7,114,7,0,,,"1,1,0,1,1,0",,,67,,,,,,,,,,,,,,,,,,,,,,,
700014,行为树变量（生物类型）,7,115,7,0,,,"1,1,0,1,1,0",,,31,,,,,,,,,,,,,,,,,,,,,,,
700025,行为树变量（生物类型组）,7,115,7,0,,,"1,1,0,1,1,0",,,68,,,,,,,,,,,,,,,,,,,,,,,
700017,行为树变量（特效类型）,7,117,7,0,,,"1,1,0,1,1,0",,,44,,,,,,,,,,,,,,,,,,,,,,,
700027,行为树变量（特效类型组）,7,117,0,0,,,"1,1,0,1,1,0",,,70,,,,,,,,,,,,,,,,,,,,,,,
700016,行为树变量（计时器）,7,120,7,0,,,"1,1,0,1,1,0",,,39,,,,,,,,,,,,,,,,,,,,,,,
700026,行为树变量（计时器组）,7,120,7,0,,,"1,1,0,1,1,0",,,69,,,,,,,,,,,,,,,,,,,,,,,
700033,行为树变量（音效),7,121,7,0,变量模板（音效),,"1,1,0,1,1,0",,,45,,,,,,,,,,,,,,,,,,,,,,,
700034,行为树变量（音效组),7,121,7,0,变量模板（音效组),,"1,1,0,1,1,0",,,378,,,,,,,,,,,,,,,,,,,,,,3,
708003,全局变量模板（数值）,7,101,8,0,,,"1,1,0,1,1,0",,,6,,,,,,,,,,,,,,,,,,,,,,,
708017,全局变量模板（数值组）,7,101,8,0,,,"1,1,0,1,1,0",,,63,,,,,,,,,,,,,,,,,,,,,,,
708004,全局变量模板（字符串）,7,102,8,0,,,"1,1,0,1,1,0",,,11,,,,,,,,,,,,,,,,,,,,,,,
708018,全局变量模板（字符串组）,7,102,8,0,,,"1,1,0,1,1,0",,,64,,,,,,,,,,,,,,,,,,,,,,,
708006,全局变量模板（玩家）,7,103,8,0,,,"1,1,0,1,1,0",,,17,,,,,,,,,,,,,,,,,,,,,,,
708007,全局变量模板（玩家组）,7,103,8,0,,,"1,1,0,1,1,0",,,18,,,,,,,,,,,,,,,,,,,,,,,
708010,全局变量模板（生物）,7,104,8,0,,,"1,1,0,1,1,0",,,30,,,,,,,,,,,,,,,,,,,,,,,
708012,全局变量模板（生物组）,7,104,8,0,,,"1,1,0,1,1,0",,,32,,,,,,,,,,,,,,,,,,,,,,,
708005,全局变量模板（布尔值）,7,107,8,0,,,"1,1,0,1,1,0",,,13,,,,,,,,,,,,,,,,,,,,,,,
708019,全局变量模板（布尔值组）,7,107,8,0,,,"1,1,0,1,1,0",,,65,,,,,,,,,,,,,,,,,,,,,,,
708002,全局变量模板（位置）,7,108,8,0,,,"1,1,0,1,1,0",,,3,,,,,,,,,,,,,,,,,,,,,,,
708015,全局变量模板（位置组）,7,108,8,0,,,"1,1,0,1,1,0",,,61,,,,,,,,,,,,,,,,,,,,,,,
708001,全局变量模板（区域）,7,109,8,0,,,"1,1,0,1,1,0",,,2,,,,,,,,,,,,,,,,,,,,,,,
708016,全局变量模板（区域组）,7,109,8,0,,,"1,1,0,1,1,0",,,62,,,,,,,,,,,,,,,,,,,,,,,
708025,全局变量模板（投掷物）,7,111,8,0,,,"1,1,0,1,1,0",,,43,,,,,,,,,,,,,,,,,,,,,,3,
708026,全局变量模板（投掷物组）,7,111,8,0,,,"1,1,0,1,1,0",,,360,,,,,,,,,,,,,,,,,,,,,,3,
708027,全局变量模板（掉落物),7,112,8,0,变量模板（掉落物),,"1,1,0,1,1,0",,0,29,,,,,,,,,,,,,,,,,,,,,,3,
708028,全局变量模板（掉落物组),7,112,8,0,变量模板（掉落物组),,"1,1,0,1,1,0",,0,361,,,,,,,,,,,,,,,,,,,,,,3,
708008,全局变量模板（方块类型）,7,113,8,0,,,"1,1,0,1,1,0",,,24,,,,,,,,,,,,,,,,,,,,,,,
708020,全局变量模板（方块类型组）,7,113,8,0,,,"1,1,0,1,1,0",,,66,,,,,,,,,,,,,,,,,,,,,,,
708009,全局变量模板（道具类型）,7,114,8,0,,,"1,1,0,1,1,0",,,27,,,,,,,,,,,,,,,,,,,,,,,
708021,全局变量模板（道具类型组）,7,114,8,0,,,"1,1,0,1,1,0",,,67,,,,,,,,,,,,,,,,,,,,,,,
708011,全局变量模板（生物类型）,7,115,8,0,,,"1,1,0,1,1,0",,,31,,,,,,,,,,,,,,,,,,,,,,,
708022,全局变量模板（生物类型组）,7,115,8,0,,,"1,1,0,1,1,0",,,68,,,,,,,,,,,,,,,,,,,,,,,
708014,全局变量模板（特效类型）,7,117,8,0,,,"1,1,0,1,1,0",,,44,,,,,,,,,,,,,,,,,,,,,,,
708024,全局变量模板（特效类型组）,7,117,8,0,,,"1,1,0,1,1,0",,,70,,,,,,,,,,,,,,,,,,,,,,,
708013,全局变量模板（计时器）,7,120,8,0,,,"1,1,0,1,1,0",,,39,,,,,,,,,,,,,,,,,,,,,,,
708023,全局变量模板（计时器组）,7,120,8,0,,,"1,1,0,1,1,0",,,69,,,,,,,,,,,,,,,,,,,,,,,
708029,全局变量模板（图片),7,118,8,0,变量模板（图片),,"1,1,0,1,1,0",,0,75,,,,,,,,,,,,,,,,,,,,,,3,
708030,全局变量模板（图片组),7,118,8,0,变量模板（图片组),,"1,1,0,1,1,0",,0,437,,,,,,,,,,,,,,,,,,,,,,3,
708031,全局变量模板（状态),7,119,8,0,变量模板（状态),,"1,1,0,1,1,0",,0,36,,,,,,,,,,,,,,,,,,,,,,3,
708032,全局变量模板（状态组),7,119,8,0,变量模板（状态组),,"1,1,0,1,1,0",,0,359,,,,,,,,,,,,,,,,,,,,,,3,
708033,变量模板（音效),7,121,8,0,变量模板（音效),,"1,1,0,1,1,0",,0,45,,,,,,,,,,,,,,,,,,,,,,3,
708034,变量模板（音效组),7,121,8,0,变量模板（音效组),,"1,1,0,1,1,0",,0,378,,,,,,,,,,,,,,,,,,,,,,3,
