组件ID,组件名字,备注,组件图标,组件所属类型（实体 0 ， 生物 1， 角色2， 世界 3，空对象4，方块5，UI6，道具7，状态8，配方11，熔炼13）,选择器组件一级分类(1基础 2玩法 3效果 4自定义),选择器组件二级分类（1通用 2物理）,组件LUA文件,排序ID,组件编辑类型（0 = 开发者不可访问的脚本 （实例化的组件，但通过接口获取获取不到） ， 1=官方触发器（可查看触发器实现），2=官方内部脚本（不可查看代码），3=官方外部脚本(可查看代码） ，101=开发者脚本，102，开发者触发器，103=开发者lua）,手动添加组件时能否增删（0=不可增删 1=可增删   仅影响选择器，实际运行时是可以动态添加）,预置上的属性界面分类 1 基础 2 玩法 3 行为 4 世界 5 规则 6 界面 7 数据,运行时权限（0|0=第一位代表是否能动态增删，第二位代表能否动态访问、执行指令 1|0会被识别成0|0）,组件支持运行的环境：第一位代表编辑模式，第二位代表运行模式（创造、冒险都属于运行模式）,组件属性可见范围    0、1、空=全部可见， 2=全部不可见  ，3=999渠道可见，4=白名单内用户可见（版本号Component_ShowRange）
ID,NameId,Note,Icon,Filter,FirstType,SecondType,ScriptPath,SortId,Source,SelectorSwitch,EditType,TriggePurview,Environment,ShowRange
78000000,307000,物理,icons_component/physics,0,1,1,Physics,1,2,1,1,1|1,,
78000001,307001,模型,icons_component/avatar,"0,1,2,5,7",1,1,Model,2,2,1,1,1|1,,
78000002,307002,变换,icons_component/transform,"0,1,2",1,1,Transform,3,2,0,1,0|1,,
78000005,307005,运动器,icons_component/motion,0,1,1,ActionGroup,4,2,1,2,0|0,,
78000012,300535,反弹,icons_component/rebound,0,1,1,Rebound,5,2,1,2,1|1,,
78000013,307061,特效,icons_component/effect,"0,14,15,16,17",1,1,Effect,6,2,1,1,1|1,,
78000014,307078,音效,icons_component/sound,"0,14,15,16,17",1,1,Sound,7,2,1,1,1|1,,
78000015,3128,道具,icons_component/item,7,1,1,ItemEdit,8,2,0,2,0|0,,
78000016,4488,枪械,icons_component/item,7,1,1,OldGunEdit,9,2,0,2,0|0,,
78000017,4479,方块,icons_component/block,5,1,1,BlockEdit,10,2,0,2,0|0,,
78000018,4155,生物,icons_component/sound,1,1,1,MonsterEdit,11,2,0,2,0|0,,
78000019,3526,工具,icons_component/tool,7,1,1,ToolEdit,12,2,0,2,0|0,,
78000020,4485,弓,icons_component/bow,7,1,1,BowEdit,13,2,0,2,0|0,,
78000021,4489,食物,icons_component/food,7,1,1,FoodEdit,14,2,0,2,0|0,,
78000022,21754,包裹,icons_component/sound,7,1,1,PackEdit,15,2,0,2,0|0,,
78000023,4486,弹药/投掷物,icons_component/projectile,7,1,1,ProjectileEdit,16,2,0,2,0|0,,
78000024,3013,装备,icons_component/equip,7,1,1,EquipEdit,17,2,0,2,0|0,,
78000025,4488,枪械,icons_component/gun,7,1,1,GunEdit,18,2,0,2,0|0,,
78000026,4804,生物,icons_component/sound,1,1,1,FightEdit,19,2,0,2,0|0,,
78000027,307151,行为树,icons_component/ai,1,1,1,BTree,20,2,0,3,0|0,,
78000028,9403106,路障,icons_component/sound,5,1,1,Roadblock,21,2,0,3,0|0,,
78000029,100935,页面设置,icons_component/ui,6,1,1,UIProjectSet,22,2,0,1,0|0,,
78000030,9550,状态,icons_component/status,8,1,1,StatusEdit,23,2,0,1,0|0,,
78000031,9550,状态,icons_component/status,"1,2",1,1,Status,24,2,0,0,0|0,1|1,
78000032,9403110,生物装备组件,icons_component/sound,1,1,1,EquipGridContainer,25,2,0,2,1|1,,3
78000033,9403111,生物格子组件,icons_component/sound,"0,1",1,1,GridContainer,26,2,0,2,1|1,,3
78000034,4479,方块材质,icons_component/sound,5,1,1,BlockMaterial,27,2,0,1,0|0,,
78000054,1231,配方,icons_component/crafting,11,1,1,CraftingEdit,28,2,0,1,0|0,,
78000055,80316,氧气,icons_component/oxygen,"1,2",1,1,Oxygen,29,2,0,2,0|0,,
78000101,305400,基础环境,icons_component/basicEnvironment,3,1,1,WorldRuleBaseSetting,30,2,0,4,0|1,,
78000102,15384,环境,icons_component/skyBox,3,1,1,WorldRuleSkybox,31,2,0,4,0|1,,
78000103,305402,滤镜,icons_component/filters,3,1,1,WorldRuleFilter,32,2,0,4,0|1,,
78000104,305403,声音,icons_component/sound,3,1,1,WorldRuleSound,33,2,0,4,0|1,,
78000105,305404,生成生物,icons_component/generatingOrganism,3,1,1,WorldRuleMobGen,34,2,0,4,0|0,,
78000106,305405,开局设定,icons_component/openingSettings,3,1,1,WorldRuleStartMode,35,2,0,5,0|0,,
78000107,305406,重生设定,icons_component/rebirthSetting,3,1,1,WorldRuleRebirth,36,2,0,5,0|0,,
78000108,305407,HUD 界面,icons_component/hud,3,1,1,WorldRuleHUDUI,37,2,0,6,0|0,,
78000109,305408,场景界面,icons_component/sceneInterface,3,1,1,WorldRuleSceneUI,38,2,0,6,0|0,,
78000110,305409,数据保存,icons_component/dataSaving,3,1,1,WorldRuleSaveData,39,2,0,7,0|0,,
78000111,305410,地图重置,icons_component/mapReset,3,1,1,WorldRuleResetMap,40,2,0,7,0|0,,
78000056,9403123,移动,icons_component/move,"1,2",1,1,Move,41,2,0,2,0|1,,
78000057,1230,熔炼,icons_component/furnace,13,1,1,FurnaceEdit,42,2,0,1,0|0,,
78000058,9403124,掉落,icons_component/dropItem,"1,2",1,1,DropItem,43,2,0,2,0|1,,
78000059,9403163,权限控制,icons_component/baseState,"1,2",1,1,BaseState,44,2,0,3,0|1,,
78000060,4804,战斗,icons_component/fight,"1,2",1,1,Fight,45,2,0,2,0|1,,
78000061,9403145,玩家控制,icons_component/playerController,2,1,1,PlayerController,46,2,0,3,0|1,,
78000112,4300,生命,icons_component/hp,"1,2",1,1,HP,47,2,0,2,0|1,,
78000113,300607,碰撞,icons_component/collider,"1,2",1,1,Collider,48,2,0,1,0|1,,
78000114,305212,区域,icons_component/area,0,1,1,Area,49,2,0,2,0|1,,
78000115,14523,位置,icons_component/position,0,1,1,Position,50,2,0,2,0|0,,
78000062,186,使用,icons_component/use,7,1,1,UseEdit,51,2,1,2,0|0,,
78000063,4414,耐久度,icons_component/durability,7,1,1,DurabilityEdit,52,2,0,2,0|0,,
78000064,307222,手持,icons_component/handle,7,1,1,HandleEdit,53,2,1,2,0|0,,
78000065,4488,枪械,icons_component/gun,7,1,1,GunEdit,54,2,0,2,0|0,,
78000066,9403171,骑乘,icons_component/ride,1,1,1,Ride,55,2,1,2,1|1,,
78000067,9403401,喂食,icons_component/ride,1,1,1,Feed,56,2,1,2,1|0,,3
78000068,9407401,繁殖,icons_component/dropItem,1,2,1,Reproduction,57,2,1,2,1|0,,3
78000069,9407501,交互,icons_component/dropItem,1,2,1,Interact,58,2,1,2,1|0,,3
78000070,9403351,成长,icons_component/ride,1,1,1,Grow,59,2,1,2,1|0,,3
78000071,9403301,驯服,icons_component/ride,1,1,1,Tame,60,2,1,2,1|0,,3
78000072,9403201,睡觉,icons_component/ride,1,1,1,Sleep,61,2,1,2,1|0,,3
78000073,9408401,村民组件,icons_component/ride,1,1,1,Villager,62,2,1,2,1|1,0|1,3
78000116,305447,战斗规则,icons_component/openingSettings,3,1,1,WorldRuleFightSetting,63,2,0,5,0|0,,
78000117,305448,特殊设定,icons_component/openingSettings,3,1,1,WorldRuleSpecialSetting,64,2,1,5,0|1,,
78000118,305449,物理规则,icons_component/openingSettings,3,1,1,WorldRulePhysicalSetting,65,2,1,5,0|1,,
78000119,305450,游戏模式,icons_component/openingSettings,3,1,1,WorldRuleCloudSetting,66,2,1,7,0|1,,
78000120,294,背包组件,icons_component/backpack,2,1,1,BackpackComponent,67,2,1,2,0|1,,
78000121,1053,生存组件,icons_component/survive,2,1,1,SurviveComponent,68,2,1,2,0|1,,
78000122,9409500,城镇组件,icons_component/city,3,1,1,CityGen,69,2,1,4,0|1,,
78000123,9410100,箱子组件,icons_component/box,5,1,1,BoxRefresh,70,2,1,2,0|0,,
78000124,9410201,生成建筑,icons_component/city,3,1,1,WorldRuleBuildingGen,71,2,1,4,0|0,,
78000125,9411001,随机外观,icons_component/avatar,1,1,1,MobOutfitGen,72,2,1,1,1|1,1|1,3
78000126,9411004,标签,icons_component/Tag,"0,1,2,5,7,8,11,13",1,1,Tag,73,2,1,1,1|1,1|1,
78000127,9411023,作物,icons_component/block,5,1,1,Cropblock,74,2,1,2,0|0,1|1,3
78000128,307365,模组设置,icons_component/modSettings,3,1,1,WorldRuleModImportSetting,75,2,0,5,0|0,,
78000129,9411006,村庄,icons_component/city,5,1,1,VillageArea,76,2,1,2,0|0,,3
78000130,9411007,坐卧家具,icons_component/block,5,1,1,SitAndLie,77,2,1,2,0|0,1|1,3
78000131,9411008,储物箱,icons_component/block,5,1,1,Chest,78,2,1,2,0|0,1|1,3
78000132,9411009,灯光,icons_component/block,5,1,1,LightingFurniture,79,2,1,2,0|0,1|1,3
78000133,9411010,常规门,icons_component/block,5,1,1,Door,80,2,1,2,0|0,1|1,3
78000134,9411011,栅栏门,icons_component/block,5,1,1,DoorFence,81,2,1,2,0|0,1|1,3
78000135,9411012,窗户,icons_component/block,5,1,1,Window,82,2,1,2,0|0,1|1,3
78000136,9411013,花盆,icons_component/block,5,1,1,FlowerPot,83,2,1,2,0|0,1|1,3
78000137,9411014,横向拼接,icons_component/block,5,1,1,HorizontalConnection,84,2,1,2,0|0,1|1,3
78000138,9411015,纵向拼接,icons_component/block,5,1,1,VerticalConnection,85,2,1,2,0|0,1|1,3
78000139,9411016,方块堆叠组件,icons_component/block,5,1,1,BlockStackingComp,86,2,1,2,0|0,1|1,3
78000140,9411017,食物展示容器组件,icons_component/block,5,1,1,FoodDisplayComp,87,2,1,2,0|0,1|1,3
78000141,9411018,食物方块食用组件,icons_component/block,5,1,1,BlockEatComp,88,2,1,2,0|0,1|1,3
78000142,9411019,方块状态组件,icons_component/block,5,1,1,BlockStateEdit,89,2,1,2,0|0,,3
78000143,9411020,商人商店组件,icons_component/item,1,1,1,NPCShop,90,2,1,2,0|0,,3
78000144,9411021,子模型组件,icons_component/block,5,1,1,BlockSubMeshEdit,91,2,1,2,0|0,,3
78000145,9411022,攀藤架组件,icons_component/block,5,1,1,TrellisBlock,92,2,1,2,0|0,1|1,3
78000146,9411023,切换子模型组件,icons_component/block,5,1,1,ChangeSubMesh,93,2,1,2,0|0,1|1,3
78000147,9411101,生物刷新,icons_component/block,5,2,1,GenerateBlock,94,2,1,2,0|0,1|1,3
78000148,9411102,种植,icons_component/block,1,2,1,Plant,95,2,1,2,1|1,0|1,3
78000149,9411024,洒水器组件,icons_component/block,5,1,1,AutoSprinklerBlock,96,2,1,2,0|0,1|1,3
78000150,9411025,随机装扮,icons_component/avatar,1,1,1,RandOutfit,97,2,1,1,1|1,1|1,3
78000151,9411103,手持特效组件,icons_component/effect,"7,5",1,1,ItemEffect,98,2,1,1,0|0,1|1,
78000153,9411105,放置特效组件,icons_component/effect,5,1,1,BlockPlaceEffect,99,2,1,1,0|0,1|1,3
78000154,301396,背包展示平台标签,icons_component/openingSettings,3,1,1,WorldRuleBackPackPlatformTab,100,2,1,5,0|1,,
78000155,9411106,生物版本清除,icons_component/openingSettings,1,2,1,StayVersion,101,2,1,1,1|1,1|1,3
78000156,9411026,铭刻台组件,icons_component/block,5,1,1,InscriptionTable,102,2,1,2,0|0,1|1,3
78000157,9411160,贴图切换组件,icons_component/block,1,1,1,TextureSwitcher,103,2,1,2,1|1,1|1,3
78000158,9411170,魔法扫帚飞行组件,icons_component/ride,1,1,1,BroomFly,56,2,1,2,1|0,1|1,3
78000159,300581,高级运动器,icons_component/motion,0,1,1,MotionGroup,104,2,1,2,1|1,,2
78000160,9416177,相机设置,icons_component/openingSettings,3,1,1,WorldRuleCameraSetting,102,2,1,5,0|1,,
78000161,8502,技能,icons_component/status,"1,2",1,1,Skill,24,2,0,0,0|0,1|1,0
78000162,9411171,流星雨组件,icons_component/openingSettings,19,1,1,PlanetMeteorShower,105,2,1,4,0|1,1|1,3
78000163,9411172,流星方块组件,icons_component/block,5,2,1,MeteorBlock,106,2,1,2,0|0,1|1,3
78000164,9411173,流星神像组件,icons_component/block,5,2,1,MeteorStatueBlock,107,2,1,2,0|0,1|1,3
78000165,300948,植物碰撞发光,icons_component/block,5,2,1,CollideGlowBlock,108,2,1,2,0|0,1|1,3
78000166,300949,坠落弹跳,icons_component/block,5,2,1,BouncePad,109,2,1,2,0|0,1|1,3
78000167,300950,方块召唤生物,icons_component/block,5,2,1,SummonMobBlock,110,2,1,2,0|0,1|1,3
78000168,300951,放置随机模型,icons_component/block,5,2,1,RandomModelBlock,111,2,1,2,0|0,1|1,3
78000169,300952,交互方块添加BUFF,icons_component/block,5,2,1,SkillTrapBlock,112,2,1,2,0|0,1|1,3
78000170,300953,放置时模型变化,icons_component/block,5,2,1,FaceSubMeshBlock,113,2,1,2,0|0,1|1,3
78000171,300954,踩中音乐方块,icons_component/block,5,2,1,StepMusicBlock,114,2,1,2,0|0,1|1,3
78000172,300955,随机宝箱,icons_component/block,5,2,1,RandomChestBlock,115,2,1,2,0|0,1|1,3
78000173,300956,方块动画,icons_component/block,5,2,1,BlockAnimComp,116,2,1,2,0|0,1|1,3
78000174,9405001,人型Boss过渡演出,icons_component/motion,1,1,1,HumanoidTransition,56,2,1,2,1|0,1|1,3
78000175,9405023,巨型Boss过渡演出,icons_component/motion,1,1,1,GiantBossTransition,57,2,1,2,1|0,1|1,3
78000176,9416300,生物编组组件,icons_component/motion,1,1,1,BossGroup,58,2,1,2,1|1,1|1,3
78000177,9417000,地形寻找组件,icons_component/block,1,2,1,TerrainFinder,59,2,1,2,1|1,0|1,3
78000178,309967,星球基础配置,icons_component/openingSettings,19,1,1,PlanetBaseSetting,116,2,0,4,0|0,1|1,0
78000179,309968,星球站点配置,icons_component/openingSettings,19,1,1,PlanetStationSetting,117,2,0,4,0|0,1|1,0
78000180,305400,星球基础环境,icons_component/basicEnvironment,19,1,1,PlanetBaseEnvSetting,118,2,0,4,0|1,1|1,0
78000181,15384,星球环境配置,icons_component/basicEnvironment,19,1,1,PlanetEnvironmentSetting,119,2,0,4,0|1,1|1,0
78000182,305403,星球声音配置,icons_component/sound,19,1,1,PlanetSoundSetting,120,2,0,4,0|1,1|1,0
78000187,305448,星球特殊设定,icons_component/openingSettings,19,1,1,PlanetRule,121,2,0,4,0|1,1|1,0
78000183,300957,同类方块换贴图,icons_component/block,,2,1,BlockTextureSwitch,121,2,1,2,0|0,1|1,3
78000184,300958,顶侧放置随机,icons_component/block,5,2,1,AttachModelBlock,122,2,1,2,0|0,1|1,3
78000185,9411175,星球极光配置,icons_component/basicEnvironment,19,1,1,PlanetAurora,122,2,1,4,0|0,1|1,0
78000186,300959,新斜板拼接组件,icons_component/block,5,2,1,ShapeStitch,123,2,1,2,0|0,1|1,3
