ID,名称,文件名称,类别【1=图标|2=标签|3=按钮4=底板|5=背景图|6=文字|7=边框 8 = 天空盒 9=滤镜 10=方块贴图 11=特效贴图】,上级,文件夹,开关(0:关 1:开),排序,选择器类型（0不开放  1图片通用选择器 2贴图选择器 3天空盒贴图选择器 4太阳月亮选择器 5银河贴图选择器）,一级分类（1基础图片 2贴图）
ID,Name,Resource,Type,Pack,Dir,Open,Order,SelectorType,PrimaryType
10001,图标2,icon_08,1,common,,1,2,1,1
10002,图标1,npchat_icon_attack,1,c_miniwork,,1,1,1,1
10003,图标3,icon_bean,1,common,,1,3,1,1
10004,图标4,icon_blood,1,common,,1,4,1,1
10005,图标183,icon_box,1,common,,1,585,1,1
10006,图标184,icon_camera,1,common,,1,586,1,1
10007,图标185,icon_card,1,common,,1,587,1,1
10008,图标26,icon_Certified_Studio,1,common,,1,26,1,1
10009,图标186,icon_chat,1,common,,1,588,1,1
10010,图标27,icon_coin,1,common,,1,27,1,1
10011,标签2,btn_returnhome,2,common,,1,29,1,1
10012,标签1,label_information_bg,2,common,,1,28,1,1
10013,标签3,label_information_download,2,common,,1,30,1,1
10014,标签4,label_information_green,2,common,,1,31,1,1
10015,标签5,label_information_purple,2,common,,1,32,1,1
10016,标签6,label_information_red,2,common,,1,33,1,1
10017,标签7,label_information_share,2,common,,1,34,1,1
10018,标签8,label_notice_aqua,2,common,,1,35,1,1
10019,标签9,label_notice_aqua_b,2,common,,1,36,1,1
10020,标签10,label_notice_blue,2,common,,1,37,1,1
10021,按钮3,btn_bigsquare_yellow,3,common,,1,41,1,1
10022,底板59,btn_circle_blue,4,common,,1,131,1,1
10023,底板88,btn_circle_gray,4,common,,1,160,1,1
10024,按钮46,btn_close_banner,3,common,,1,161,1,1
10025,按钮47,close_button,3,common,,1,162,1,1
10026,按钮48,btn_help,3,common,,1,163,1,1
10027,标签62,btn_mini_gray_r,2,common,,1,549,1,1
10028,按钮4,btn_middle_blue,3,common,,1,42,1,1
10029,按钮5,btn_square_blue1,3,common,,1,43,1,1
10030,按钮6,btn_superbig_yellow,3,common,,1,44,1,1
10031,底板30,img_icon_lignt,4,common,,1,101,1,1
10032,底板40,img_icon_shortcut,4,common,,1,111,1,1
10033,底板41,tab_book_left_h,4,common,,1,112,1,1
10034,底板42,tab_clip_left_h,4,common,,1,113,1,1
10035,底板43,tab_book_left_n,4,common,,1,114,1,1
10036,底板44,tab_right_h,4,common,,1,115,1,1
10037,底板45,btn_entry_develop,4,common,,1,116,1,1
10038,底板46,board_activity_box_blue,4,common,,1,117,1,1
10039,底板47,btn_price,4,common,,1,118,1,1
10040,底板48,img_icon_green,4,common,,1,119,1,1
10041,标签11,need,2,c_ingame,,1,164,1,1
10042,背景图1,board_activity_box_white,5,common,,1,165,1,1
10043,底板69,img_board_scoring_sel,4,c_ingame,,1,141,1,1
10044,背景图2,img_play_revise,5,c_miniwork,,1,166,1,1
10045,背景图3,img_play_standard,5,c_miniwork,,1,167,1,1
10046,背景图4,img_play_setup,5,c_miniwork,,1,168,1,1
10047,底板108,img_land_2,4,c_ingame,,1,606,1,1
10048,背景图5,img_box_Dark,5,common,,1,169,1,1
10049,背景图6,frame_title_board_dark,5,common,,1,170,1,1
10050,底板70,img_bd_white50_circle,4,common,,1,142,1,1
10051,文字1,ico_lv1,6,common,,1,171,1,1
10052,文字2,ico_lv2,6,common,,1,172,1,1
10053,文字3,ico_lv3,6,common,,1,173,1,1
10054,文字4,ico_lv4,6,common,,1,174,1,1
10055,文字5,ico_lv5,6,common,,1,175,1,1
10056,边框21,icon_minus_white,7,common,,1,585,1,1
10057,边框1,lzy_37,7,c_ingame,,1,150,1,1
10058,边框10,frame_commend,7,common,,1,178,1,1
10059,边框11,frame_sink,7,common,,1,179,1,1
10060,边框12,sel_icon_custom,7,common,,1,180,1,1
10061,边框13,sel_icon_map,7,common,,1,181,1,1
10062,边框2,sight,7,c_ingame,,1,151,1,1
10063,边框3,operating_special_effects,7,c_ingame,,1,151,1,1
10064,边框14,img_item__box_selected,7,c_ingame,,1,184,1,1
10065,边框15,img_frame_activity,7,common,,1,185,1,1
10066,图标187,ico_model_top,1,common,,1,589,1,1
10067,图标188,icon_collect,1,common,,1,590,1,1
10068,图标28,icon_exp,1,common,,1,186,1,1
10069,图标189,icon_cottage,1,common,,1,591,1,1
10070,图标190,icon_custom,1,common,,1,592,1,1
10071,图标29,icon_dress_open,1,common,,1,187,1,1
10072,图标191,icon_friendshome,1,common,,1,593,1,1
10073,图标192,icon_flag,1,common,,1,594,1,1
10074,图标30,icon_fans_white,1,common,,1,188,1,1
10075,图标193,icon_garden,1,common,,1,595,1,1
10076,图标31,icon_gift_minipoint,1,common,,1,189,1,1
10077,图标32,icon_giftback,1,common,,1,190,1,1
10078,图标33,icon_give_,1,common,,1,191,1,1
10079,图标34,icon_homelv,1,common,,1,192,1,1
10080,图标35,icon_homecoin,1,common,,1,193,1,1
10081,图标36,icon_home_shop_o,1,common,,1,194,1,1
10082,图标37,icon_like_h,1,common,,1,195,1,1
10083,图标38,icon_like_n,1,common,,1,196,1,1
10084,图标39,icon_notice,1,common,,1,197,1,1
10085,图标194,icon_pet,1,common,,1,596,1,1
10086,图标195,icon_petcomposition,1,common,,1,597,1,1
10087,图标196,icon_petexploration,1,common,,1,598,1,1
10088,图标197,icon_quality,1,common,,1,599,1,1
10089,图标40,icon_reward_consume,1,common,,1,198,1,1
10090,图标170,icon_season1,1,common,,1,571,1,1
10091,图标171,icon_score_white,1,common,,1,572,1,1
10092,图标41,icon_warn,1,common,,1,199,1,1
10093,图标42,icon_xingxing,1,common,,1,200,1,1
10094,图标198,icon_workshop_b,1,common,,1,600,1,1
10095,图标43,icon_video_white,1,common,,1,201,1,1
10096,图标44,icon_speed,1,common,,1,202,1,1
10097,图标45,icon_shop_entry,1,common,,1,203,1,1
10098,图标46,icon_backpack,1,c_ingame,,1,204,1,1
10099,图标47,icon_official_pre,1,common,,1,206,1,1
10100,图标48,icon_praise_h,1,common,,1,207,1,1
10101,图标49,icon_score,1,common,,1,208,1,1
10102,图标50,icon_star_yellow,1,common,,1,209,1,1
10103,图标51,icon_tipoff_o,1,common,,1,210,1,1
10104,图标52,icon_fire,1,common,,1,211,1,1
10105,图标53,icon_fire01,1,common,,1,212,1,1
10106,图标54,icon_form_bow,1,c_miniwork,,1,213,1,1
10107,图标55,icon_form_equipment,1,c_miniwork,,1,214,1,1
10108,图标56,icon_form_food,1,c_miniwork,,1,215,1,1
10109,图标57,icon_form_gun,1,c_miniwork,,1,216,1,1
10110,图标58,icon_form_mess,1,c_miniwork,,1,217,1,1
10111,图标59,icon_form_missile,1,c_miniwork,,1,218,1,1
10112,图标60,icon_form_package,1,c_miniwork,,1,219,1,1
10113,图标61,icon_form_tool,1,c_miniwork,,1,220,1,1
10114,图标104,npchat_icon_juqing,1,c_ingame,,1,488,1,1
10115,图标105,npchat_icon_juqing_d,1,c_ingame,,1,489,1,1
10116,图标15,npcshop_icon,1,c_ingame,,1,15,1,1
10117,标签12,label_notice_darkorange,2,common,,1,221,1,1
10118,标签13,label_notice_gray,2,common,,1,222,1,1
10119,标签14,label_notice_green,2,common,,1,223,1,1
10120,标签15,label_notice_olive,2,common,,1,224,1,1
10121,标签16,label_notice_orange1,2,common,,1,225,1,1
10122,标签17,label_notice_orangered,2,common,,1,226,1,1
10123,标签18,label_notice_orchid,2,common,,1,227,1,1
10124,标签19,label_notice_pink,2,common,,1,228,1,1
10125,标签20,label_notice_purple,2,common,,1,229,1,1
10126,标签21,label_notice_radient_purple,2,common,,1,230,1,1
10127,标签22,label_notice_radient_red,2,common,,1,231,1,1
10128,标签23,label_notice_red,2,common,,1,232,1,1
10129,标签24,label_notice_royalblue,2,common,,1,233,1,1
10130,标签25,label_ser_sel,2,common,,1,234,1,1
10131,标签26,label_trends_official,2,common,,1,235,1,1
10132,标签27,laber_map_connoisseur,2,common,,1,236,1,1
10133,标签28,label_map_blue,2,c_miniwork,,1,237,1,1
10134,标签29,label_map_blue2,2,c_miniwork,,1,238,1,1
10135,标签30,label_map_gray,2,c_miniwork,,1,239,1,1
10136,标签31,label_map_green,2,c_miniwork,,1,240,1,1
10137,标签32,label_map_green2,2,c_miniwork,,1,241,1,1
10138,标签33,label_map_orange,2,c_miniwork,,1,242,1,1
10139,标签34,label_map_purple,2,c_miniwork,,1,243,1,1
10140,按钮7,board_check_d,3,common,,1,45,1,1
10141,按钮8,board_map_info,3,common,,1,46,1,1
10142,按钮9,board_map_page,3,common,,1,47,1,1
10143,按钮10,board_more,3,common,,1,48,1,1
10144,按钮11,btn_safe_middle,3,common,,1,49,1,1
10145,按钮12,btn_safe_up,3,common,,1,50,1,1
10146,按钮13,btn_trending_yellow,3,common,,1,51,1,1
10147,按钮49,img_arrow_arrowhead_n,3,common,,1,244,1,1
10148,标签63,img_develop_level,2,common,,1,550,1,1
10149,标签64,img_num_tips,2,common,,1,551,1,1
10150,按钮50,img_page_arrow,3,common,,1,245,1,1
10151,按钮51,icon_use,3,c_ingame,,1,246,1,1
10152,按钮52,icon_sneak,3,c_ingame,,1,247,1,1
10153,按钮53,icon_up_down,3,c_ingame,,1,248,1,1
10154,底板71,img_board_res,4,c_ingame,,1,143,1,1
10155,按钮67,icon_rocker,3,c_ingame,,1,263,1,1
10156,按钮68,icon_obstruct,3,c_ingame,,1,264,1,1
10157,按钮69,icon_position,3,c_ingame,,1,265,1,1
10158,按钮70,icon_creature,3,c_ingame,,1,266,1,1
10159,按钮71,btn_circle_yellow_tick,3,common,,1,267,1,1
10160,按钮72,icon_add_sink,3,common,,1,268,1,1
10161,按钮14,btn_big_blue,3,common,,1,52,1,1
10162,底板60,btn_huge_circle_yellow,4,common,,1,132,1,1
10163,按钮15,btn_big_orange,3,common,,1,53,1,1
10164,按钮16,btn_big_empty,3,common,,1,54,1,1
10165,按钮17,btn_big_yellow,3,common,,1,55,1,1
10166,按钮73,btn_close,3,common,,1,269,1,1
10167,按钮74,btn_return,3,common,,1,270,1,1
10168,按钮75,btn_return_white,3,common,,1,271,1,1
10169,按钮18,btn_middle_empty,3,common,,1,56,1,1
10170,按钮76,icon_pull,3,common,,1,272,1,1
10171,按钮77,icon_maximum_orange,3,common,,1,273,1,1
10172,按钮78,icon_lock_green,3,common,,1,274,1,1
10173,按钮39,btn_superbig_empty,3,common,,1,124,1,1
10174,底板90,img_blood_blue,4,common,,1,275,1,1
10175,底板91,img_blood_green,4,common,,1,276,1,1
10176,底板92,img_blood_red,4,common,,1,277,1,1
10177,底板93,img_blood_strip_board_b,4,common,,1,278,1,1
10178,底板94,img_blood_white,4,common,,1,279,1,1
10179,标签36,img_board_chat_b,2,common,,1,280,1,1
10180,标签37,img_board_chat_p,2,common,,1,281,1,1
10181,底板72,img_board_scoring,4,c_ingame,,1,144,1,1
10182,底板73,img_board_scoring_s,4,c_ingame,,1,145,1,1
10183,底板74,img_icon_board,4,c_ingame,,1,146,1,1
10184,底板8,img_item__box,4,c_ingame,,1,79,1,1
10185,底板75,img_item_box_circle,4,c_ingame,,1,147,1,1
10186,底板9,img_operating_board_s,4,c_ingame,,1,80,1,1
10187,底板76,img_steering_wheel,4,c_ingame,,1,148,1,1
10188,底板77,operating_board_l,4,c_ingame,,1,149,1,1
10189,底板10,operating_board_square,4,c_ingame,,1,81,1,1
10190,底板11,operating_special_open_b,4,c_ingame,,1,82,1,1
10191,底板78,operating_special_open_r,4,c_ingame,,1,150,1,1
10192,底板95,board_clip_title_y,4,common,,1,282,1,1
10193,底板96,board_clip_title,4,common,,1,283,1,1
10194,底板12,hdfl_diban06,4,common,,1,83,1,1
10195,底板13,img_icon_head,4,common,,1,84,1,1
10196,底板14,img_icon_lignt_b,4,common,,1,85,1,1
10197,底板15,img_icon_lignt_dark,4,common,,1,86,1,1
10198,底板16,img_icon_lignt_o,4,common,,1,87,1,1
10199,底板17,img_icon_lignt_v,4,common,,1,88,1,1
10200,底板18,img_icon_lignt_y,4,common,,1,89,1,1
10201,背景图7,img_board_load_orange,5,common,,1,284,1,1
10202,背景图8,img_board_load_purple,5,common,,1,285,1,1
10203,背景图9,img_board_load_disable,5,common,,1,286,1,1
10204,背景图10,board_tips_countdown_yellow,5,common,,1,287,1,1
10205,背景图11,board_tips_countdown_red,5,common,,1,288,1,1
10206,背景图12,board_sink_y,5,common,,1,289,1,1
10207,背景图13,board_switch_open,5,common,,1,290,1,1
10208,背景图14,board_tips_countdown_blue,5,common,,1,291,1,1
10209,背景图15,board_tips_countdown_green,5,common,,1,292,1,1
10210,背景图16,board_tips_countdown_orange,5,common,,1,293,1,1
10211,背景图17,img_board_white50_r,5,common,,1,294,1,1
10212,背景图18,img_board_white100_,5,common,,1,295,1,1
10213,背景图19,img_board_using,5,common,,1,296,1,1
10214,背景图20,img_board_tips_white,5,common,,1,297,1,1
10215,背景图21,img_board_tips_flag,5,common,,1,298,1,1
10216,背景图22,img_board_set_g,5,common,,1,299,1,1
10217,背景图23,img_board_set,5,common,,1,300,1,1
10218,背景图24,img_board_resource,5,common,,1,301,1,1
10219,背景图25,img_board_receive,5,common,,1,302,1,1
10220,背景图26,img_board_qqfriend,5,common,,1,303,1,1
10221,背景图27,img_board_more_glass,5,common,,1,304,1,1
10222,背景图28,img_board_login,5,common,,1,305,1,1
10223,背景图29,img_board_load_top_y,5,common,,1,306,1,1
10224,背景图30,img_board_load_top_g,5,common,,1,307,1,1
10225,背景图31,img_board_load_top,5,common,,1,308,1,1
10226,背景图32,img_board_load_gray,5,common,,1,309,1,1
10227,背景图33,img_board_load_blue,5,common,,1,310,1,1
10228,背景图34,img_board_fadeout,5,common,,1,311,1,1
10229,背景图35,img_board_delete,5,common,,1,312,1,1
10230,背景图36,img_board_custom_title,5,common,,1,313,1,1
10231,背景图37,img_board_bar,5,common,,1,314,1,1
10232,背景图38,img_board_Second_floor,5,common,,1,315,1,1
10233,背景图39,board_title_countdown_yellow,5,common,,1,316,1,1
10234,背景图40,board_title_countdown_red,5,common,,1,317,1,1
10235,背景图41,board_title_countdown_purple,5,common,,1,318,1,1
10236,背景图42,board_title_countdown_orange,5,common,,1,319,1,1
10237,背景图43,board_title_countdown_green,5,common,,1,320,1,1
10238,背景图44,board_title_countdown_blue,5,common,,1,321,1,1
10239,背景图45,board_tips_price,5,common,,1,322,1,1
10240,背景图46,board_tips_icon_v,5,common,,1,323,1,1
10241,背景图47,board_tips_icon_o,5,common,,1,324,1,1
10242,背景图48,board_tips_icon_b,5,common,,1,325,1,1
10243,背景图49,board_tips_countdown_purple,5,common,,1,326,1,1
10244,背景图50,board_schedule_countdown_yellow,5,common,,1,327,1,1
10245,背景图51,board_schedule_countdown_red,5,common,,1,328,1,1
10246,背景图52,board_schedule_countdown_purple,5,common,,1,329,1,1
10247,背景图53,board_schedule_countdown_orange,5,common,,1,330,1,1
10248,背景图54,board_schedule_countdown_green,5,common,,1,331,1,1
10249,背景图55,board_schedule_countdown_blue,5,common,,1,332,1,1
10250,背景图56,board_npcchat,5,common,,1,333,1,1
10251,背景图57,board_map_pic_g,5,common,,1,334,1,1
10252,背景图58,board_map_pic_b,5,common,,1,335,1,1
10253,背景图59,board_map_page_r,5,common,,1,336,1,1
10254,背景图60,board_map_info_self,5,common,,1,337,1,1
10255,背景图61,board_map_create,5,common,,1,338,1,1
10256,背景图62,board_ingame_word,5,common,,1,339,1,1
10257,背景图63,board_darkgray,5,common,,1,340,1,1
10258,背景图64,board_bar_mounts,5,common,,1,341,1,1
10259,背景图65,board_activity_info,5,common,,1,343,1,1
10260,按钮81,icon_sprint,3,c_ingame,,1,345,1,1
10261,按钮82,icon_up,3,c_ingame,,1,346,1,1
10262,按钮88,icon_wtb,3,c_ingame,,1,352,1,1
10263,按钮89,icon_kaijing,3,c_ingame,,1,353,1,1
10264,按钮90,icon_shooting,3,c_ingame,,1,354,1,1
10265,按钮100,icon_rocket,3,c_ingame,,1,364,1,1
10266,文字6,ar_font_0,6,c_shop,,1,365,1,1
10267,文字7,ar_font_1,6,c_shop,,1,366,1,1
10268,文字8,ar_font_2,6,c_shop,,1,367,1,1
10269,文字9,ar_font_3,6,c_shop,,1,368,1,1
10270,文字10,ar_font_4,6,c_shop,,1,369,1,1
10271,文字11,ar_font_5,6,c_shop,,1,370,1,1
10272,文字12,ar_font_6,6,c_shop,,1,371,1,1
10273,文字13,ar_font_7,6,c_shop,,1,372,1,1
10274,文字14,ar_font_8,6,c_shop,,1,373,1,1
10275,文字15,ar_font_9,6,c_shop,,1,374,1,1
10276,底板105,img_stamp_green,4,c_shop,,1,540,1,1
10277,底板79,btn_blue_suourbig_r_,4,c_shop,,1,151,1,1
10278,底板80,btn_blue_big_circle,4,c_shop,,1,152,1,1
10279,底板19,btn_blue_big,4,c_shop,,1,90,1,1
10280,底板20,btn_purple_big,4,c_shop,,1,91,1,1
10281,底板21,board_role_ar,4,c_shop,,1,92,1,1
10282,底板22,board_trans_blue,4,c_shop,,1,93,1,1
10283,底板81,btn_trans_blue_r,4,c_shop,,1,153,1,1
10284,底板97,btn_white_big,4,c_shop,,1,375,1,1
10285,底板82,btn_white_suourbig_r,4,c_shop,,1,154,1,1
10286,底板89,btn_yellow_avt,4,c_shop,,1,205,1,1
10287,图标62,icon_tobeupdate,1,c_shop,,1,376,1,1
10288,底板98,img_enter_ar,4,c_shop,,1,377,1,1
10289,底板99,img_enter_ar_g,4,c_shop,,1,378,1,1
10290,底板100,img_enter_ar_under,4,c_shop,,1,379,1,1
10291,底板101,img_enter_ar_under_g,4,c_shop,,1,380,1,1
10292,底板23,img_icon_act_award,4,c_shop,,1,94,1,1
10293,底板24,img_icon_custom_b,4,c_shop,,1,95,1,1
10294,底板25,img_icon_custom_v,4,c_shop,,1,96,1,1
10295,底板26,img_icon_act,4,c_shop,,1,97,1,1
10296,底板27,img_icon_act_award,4,c_shop,,1,98,1,1
10297,底板28,img_icon_custom_g,4,c_shop,,1,99,1,1
10298,底板29,img_icon_custom_gold,4,c_shop,,1,100,1,1
10299,标签38,img_label_give,2,c_shop,,1,383,1,1
10300,标签42,img_noroom_ar,2,c_shop,,1,387,1,1
10301,底板106,img_shadow_role1,4,c_shop,,1,541,1,1
10302,标签43,label_shop_collection,2,c_shop,,1,388,1,1
10303,标签44,label_shop_green,2,c_shop,,1,389,1,1
10304,标签45,label_shop_hot,2,c_shop,,1,390,1,1
10305,标签46,label_shop_new,2,c_shop,,1,391,1,1
10306,标签47,label_shop_num,2,c_shop,,1,392,1,1
10307,标签48,label_shop_red,2,c_shop,,1,393,1,1
10308,标签49,label_shop_sale,2,c_shop,,1,394,1,1
10309,标签50,label_shop_set_commend,2,c_shop,,1,395,1,1
10310,标签51,label_shop_set_hot,2,c_shop,,1,396,1,1
10311,标签52,label_shop_set_new,2,c_shop,,1,397,1,1
10312,标签53,label_shop_set_rage,2,c_shop,,1,398,1,1
10313,标签54,label_shop_set_sale,2,c_shop,,1,399,1,1
10314,标签55,label_shop_set_time,2,c_shop,,1,400,1,1
10315,标签56,label_shop_time,2,c_shop,,1,401,1,1
10316,标签57,lable_soldout,2,c_shop,,1,402,1,1
10317,按钮101,btn_arrow_left,3,c_shop,,1,403,1,1
10318,按钮102,btn_yes_ar,3,c_shop,,1,404,1,1
10319,按钮103,icon_add_upload_y,3,c_shop,,1,405,1,1
10320,按钮104,icon_lock_add_y,3,c_shop,,1,406,1,1
10321,按钮105,icon_custom_record,3,c_shop,,1,407,1,1
10322,按钮106,icon_stop,3,c_shop,,1,408,1,1
10323,按钮107,icon_set_ar,3,c_shop,,1,409,1,1
10324,按钮108,icon_draw,3,c_shop,,1,410,1,1
10325,边框4,img_loading_ar_record,7,c_shop,,1,151,1,1
10326,边框16,sdjm_icon_color_h,7,c_shop,,1,412,1,1
10327,边框17,sel_role_ar,7,c_shop,,1,413,1,1
10328,图标169,icon_custom_mask,1,c_shop,,1,570,1,1
10329,图标172,icon_workshop,1,c_shop,,1,573,1,1
10330,图标173,icon_worldfactory,1,c_shop,,1,574,1,1
10331,图标63,cj_avtnum,1,c_playercenter,,1,414,1,1
10332,图标64,cj_baozangnum,1,c_playercenter,,1,415,1,1
10333,图标65,cj_bosskiller,1,c_playercenter,,1,416,1,1
10334,图标66,cj_chixudenglu,1,c_playercenter,,1,417,1,1
10335,图标67,cj_chuchong,1,c_playercenter,,1,418,1,1
10336,图标68,cj_dianzan,1,c_playercenter,,1,419,1,1
10337,图标69,cj_fangzhapian,1,c_playercenter,,1,420,1,1
10338,图标70,cj_fensinum,1,c_playercenter,,1,421,1,1
10339,图标71,cj_guoshilv,1,c_playercenter,,1,422,1,1
10340,图标72,cj_haoyounum,1,c_playercenter,,1,423,1,1
10341,图标73,cj_hotmapnum,1,c_playercenter,,1,424,1,1
10342,图标74,cj_jianshangjia,1,c_playercenter,,1,425,1,1
10343,图标75,cj_jiaohua,1,c_playercenter,,1,426,1,1
10344,图标76,cj_jixianbosskiller,1,c_playercenter,,1,427,1,1
10345,图标77,cj_jueselv,1,c_playercenter,,1,428,1,1
10346,图标78,cj_juesenum,1,c_playercenter,,1,429,1,1
10347,图标79,cj_pifunum,1,c_playercenter,,1,430,1,1
10348,图标80,cj_shengcuntianshu,1,c_playercenter,,1,431,1,1
10349,图标81,cj_shenmiliwu,1,c_playercenter,,1,432,1,1
10350,图标82,cj_shimingzhi,1,c_playercenter,,1,433,1,1
10351,图标83,cj_shouhuonum,1,c_playercenter,,1,434,1,1
10352,图标84,cj_tujiannum,1,c_playercenter,,1,435,1,1
10353,图标85,cj_zuojinum,1,c_playercenter,,1,436,1,1
10354,边框5,cj_diamond,7,c_playercenter,,1,151,1,1
10355,边框6,cj_gold,7,c_playercenter,,1,151,1,1
10356,边框7,cj_iron,7,c_playercenter,,1,151,1,1
10357,边框8,cj_stone,7,c_playercenter,,1,151,1,1
10358,边框9,cj_wood,7,c_playercenter,,1,151,1,1
10359,图标86,baimu,1,c_playercenter,,1,442,1,1
10360,图标87,bye,1,c_playercenter,,1,443,1,1
10361,图标88,daku,1,c_playercenter,,1,444,1,1
10362,图标89,dianzan,1,c_playercenter,,1,445,1,1
10363,图标90,haixiu,1,c_playercenter,,1,446,1,1
10364,图标91,jingya,1,c_playercenter,,1,447,1,1
10365,图标92,keai,1,c_playercenter,,1,448,1,1
10366,图标93,kun,1,c_playercenter,,1,449,1,1
10367,图标94,liulei,1,c_playercenter,,1,450,1,1
10368,图标95,qinqin,1,c_playercenter,,1,451,1,1
10369,图标96,shaojiao,1,c_playercenter,,1,452,1,1
10370,图标97,shengqi,1,c_playercenter,,1,453,1,1
10371,图标98,shouqibao,1,c_playercenter,,1,454,1,1
10372,图标99,wabikong,1,c_playercenter,,1,455,1,1
10373,图标100,xianqi,1,c_playercenter,,1,456,1,1
10374,图标101,xieyanxiao,1,c_playercenter,,1,457,1,1
10375,图标102,xieyanxiao,1,c_playercenter,,1,458,1,1
10376,图标103,yun,1,c_playercenter,,1,459,1,1
10377,按钮109,btn_slide_ther,3,c_ingame,,1,460,1,1
10378,按钮110,icon_area,3,c_ingame,,1,461,1,1
10379,按钮111,icon_area_edit,3,c_ingame,,1,462,1,1
10380,按钮112,icon_brush,3,c_ingame,,1,463,1,1
10381,按钮113,icon_cancel,3,c_ingame,,1,464,1,1
10382,按钮114,icon_coloring,3,c_ingame,,1,465,1,1
10383,按钮115,icon_copy_edit,3,c_ingame,,1,466,1,1
10384,按钮116,icon_creature,3,c_ingame,,1,467,1,1
10385,按钮117,icon_delete_edit,3,c_ingame,,1,468,1,1
10386,按钮118,icon_move_edit,3,c_ingame,,1,469,1,1
10387,按钮119,icon_narrow_block,3,c_ingame,,1,470,1,1
10388,按钮120,icon_narrow_compose,3,c_ingame,,1,471,1,1
10389,按钮121,icon_object_library,3,c_ingame,,1,472,1,1
10390,按钮122,icon_paste,3,c_ingame,,1,473,1,1
10391,按钮123,icon_pile,3,c_ingame,,1,474,1,1
10392,按钮124,icon_return,3,c_ingame,,1,475,1,1
10393,按钮125,icon_smooth,3,c_ingame,,1,476,1,1
10394,按钮126,icon_swap_edit,3,c_ingame,,1,477,1,1
10395,按钮127,icon_track_edit,3,c_ingame,,1,478,1,1
10396,按钮128,jsxz_mingzi01,3,c_ingame,,1,479,1,1
10397,按钮129,jsxz_mingzi02,3,c_ingame,,1,480,1,1
10398,按钮130,img_bar_board_ther,3,c_ingame,,1,481,1,1
10399,按钮131,img_bar_ther,3,c_ingame,,1,482,1,1
10400,底板83,img_board_scoring_sel,4,c_ingame,,1,155,1,1
10401,底板61,img_icon_board_orange,4,c_ingame,,1,133,1,1
10402,按钮132,icon_adventure_notes,3,c_ingame,,1,483,1,1
10403,底板84,icon_ball,4,c_ingame,,1,156,1,1
10404,按钮91,icon_blocking,3,c_ingame,,1,355,1,1
10405,按钮133,icon_bullet,3,c_ingame,,1,484,1,1
10406,按钮134,icon_bullet_install,3,c_ingame,,1,485,1,1
10407,按钮135,icon_chat,3,c_ingame,,1,486,1,1
10408,按钮80,icon_down,3,c_ingame,,1,344,1,1
10409,按钮136,icon_expression,3,c_ingame,,1,487,1,1
10410,按钮92,icon_football1,3,c_ingame,,1,356,1,1
10411,按钮94,icon_football2,3,c_ingame,,1,358,1,1
10412,按钮83,icon_jump,3,c_ingame,,1,347,1,1
10413,按钮84,icon_last,3,c_ingame,,1,348,1,1
10414,按钮85,icon_mount,3,c_ingame,,1,349,1,1
10415,按钮86,icon_mount_down,3,c_ingame,,1,350,1,1
10416,按钮87,icon_next,3,c_ingame,,1,351,1,1
10417,按钮151,icon_night,3,c_ingame,,1,607,1,1
10418,按钮93,icon_pass,3,c_ingame,,1,357,1,1
10419,按钮95,icon_rocker_circle,3,c_ingame,,1,359,1,1
10420,按钮96,icon_shoot,3,c_ingame,,1,360,1,1
10421,按钮97,icon_steals,3,c_ingame,,1,361,1,1
10422,按钮98,icon_swap_operat,3,c_ingame,,1,362,1,1
10423,按钮99,icon_tackle,3,c_ingame,,1,363,1,1
10424,按钮79,operating_steering_wheel,3,c_ingame,,1,342,1,1
10425,图标106,npchat_icon_jrw_d,1,c_ingame,,1,490,1,1
10426,图标107,npchat_icon_jrw,1,c_ingame,,1,491,1,1
10427,图标108,npchat_icon_jiaoyi,1,c_ingame,,1,492,1,1
10428,图标109,juese_xingxing02,1,c_ingame,,1,493,1,1
10429,图标110,juese_xingxing03,1,c_ingame,,1,494,1,1
10430,图标111,juese_xingxing04,1,c_ingame,,1,495,1,1
10431,图标112,juese_xingxing05,1,c_ingame,,1,496,1,1
10432,图标113,juese_xingxing06,1,c_ingame,,1,497,1,1
10433,图标174,icon_trophy,1,c_ingame,,1,575,1,1
10434,图标175,icon_voice,1,c_ingame,,1,576,1,1
10435,图标114,lzy_23,1,c_ingame,,1,498,1,1
10436,图标115,lzy_23_green,1,c_ingame,,1,499,1,1
10437,图标116,lzy_24,1,c_ingame,,1,500,1,1
10438,图标117,lzy_31,1,c_ingame,,1,501,1,1
10439,图标176,icon_map_white,1,c_ingame,,1,577,1,1
10440,图标177,icon_read_white,1,c_miniwork,,1,578,1,1
10441,图标118,icon_revise,1,c_miniwork,,1,502,1,1
10442,图标119,icon_setup,1,c_miniwork,,1,503,1,1
10443,图标120,icon_standard,1,c_miniwork,,1,504,1,1
10444,图标121,icon_form_pluginpack,1,c_miniwork,,1,505,1,1
10445,图标122,npchat_icon_chat,1,c_miniwork,,1,506,1,1
10446,图标123,npchat_icon_collect,1,c_miniwork,,1,507,1,1
10447,图标124,aaa_icon_4g_6,1,c_miniwork,,1,508,1,1
10448,图标125,aaa_icon_4g_7,1,c_miniwork,,1,509,1,1
10449,图标126,aaa_icon_4g_8,1,c_miniwork,,1,510,1,1
10450,图标127,aaa_icon_wifi_1,1,c_miniwork,,1,511,1,1
10451,图标199,icon_adv_mini_d,1,c_miniwork,,1,601,1,1
10452,图标200,icon_battle_mini_d,1,c_miniwork,,1,602,1,1
10453,图标128,icon_server_red_,1,c_miniwork,,1,512,1,1
10454,图标201,icon_create_mini_d,1,c_miniwork,,1,603,1,1
10455,图标202,icon_elec_mini_d,1,c_miniwork,,1,604,1,1
10456,图标203,icon_intomap,1,c_miniwork,,1,605,1,1
10457,图标204,icon_moble,1,c_miniwork,,1,608,1,1
10458,图标205,icon_pc,1,c_miniwork,,1,609,1,1
10459,图标206,icon_puzzle_mini_d,1,c_miniwork,,1,610,1,1
10460,图标207,icon_refresh,1,c_miniwork,,1,611,1,1
10461,图标208,icon_run_mini_d,1,c_miniwork,,1,612,1,1
10462,图标209,icon_search,1,c_miniwork,,1,613,1,1
10463,图标129,icon_server_yellow,1,c_miniwork,,1,513,1,1
10464,图标210,icon_video_mini_d,1,c_miniwork,,1,614,1,1
10465,图标211,icon_act_atk,1,c_shop,,1,615,1,1
10466,图标212,icon_act_dead,1,c_shop,,1,616,1,1
10467,图标213,icon_act_default,1,c_shop,,1,617,1,1
10468,图标214,icon_act_lie,1,c_shop,,1,618,1,1
10469,图标215,icon_act_run,1,c_shop,,1,619,1,1
10470,图标216,icon_act_set,1,c_shop,,1,620,1,1
10471,图标217,icon_act_strike,1,c_shop,,1,621,1,1
10472,图标218,icon_act_swim,1,c_shop,,1,622,1,1
10473,图标219,icon_act_walk,1,c_shop,,1,623,1,1
10474,图标220,icon_animation_act,1,c_shop,,1,624,1,1
10475,图标130,icon_bone,1,c_shop,,1,514,1,1
10476,图标178,icon_camera,1,c_shop,,1,579,1,1
10477,图标179,icon_close_ar,1,c_shop,,1,580,1,1
10478,图标221,icon_custom_all,1,c_shop,,1,625,1,1
10479,图标222,icon_custom_back,1,c_shop,,1,626,1,1
10480,图标223,icon_custom_cloth,1,c_shop,,1,627,1,1
10481,图标224,icon_custom_Expression,1,c_shop,,1,628,1,1
10482,图标225,icon_custom_foot,1,c_shop,,1,629,1,1
10483,图标226,icon_custom_hands,1,c_shop,,1,630,1,1
10484,图标227,icon_custom_head,1,c_shop,,1,631,1,1
10485,图标243,icon_custom_n,1,c_shop,,1,647,1,1
10486,图标228,icon_custom_pants,1,c_shop,,1,632,1,1
10487,图标229,icon_custom_record,1,c_shop,,1,633,1,1
10488,图标230,icon_custom_shoes,1,c_shop,,1,634,1,1
10489,图标244,icon_gambling_n,1,c_shop,,1,648,1,1
10490,图标131,icon_goto,1,c_shop,,1,515,1,1
10491,图标180,icon_help_ar,1,c_shop,,1,581,1,1
10492,图标181,icon_hide_ar,1,c_shop,,1,582,1,1
10493,图标231,icon_like,1,c_shop,,1,635,1,1
10494,图标132,icon_model_pack,1,c_shop,,1,516,1,1
10495,图标133,icon_model,1,c_shop,,1,517,1,1
10496,图标134,icon_move_ar_b,1,c_shop,,1,518,1,1
10497,图标135,icon_myfactory,1,c_shop,,1,519,1,1
10498,图标245,icon_new_n,1,c_shop,,1,649,1,1
10499,图标246,icon_pack_n,1,c_shop,,1,650,1,1
10500,图标247,icon_pet_n,1,c_shop,,1,651,1,1
10501,图标248,icon_prop_n,1,c_shop,,1,652,1,1
10502,图标249,icon_recharge_n,1,c_shop,,1,653,1,1
10503,图标250,icon_recommend_n,1,c_shop,,1,654,1,1
10504,图标251,icon_role_n,1,c_shop,,1,655,1,1
10505,图标232,icon_sfx,1,c_shop,,1,636,1,1
10506,图标233,icon_skin,1,c_shop,,1,637,1,1
10507,图标234,icon_star_act,1,c_shop,,1,638,1,1
10508,图标235,icon_standard_act,1,c_shop,,1,639,1,1
10509,图标252,icon_style,1,c_shop,,1,656,1,1
10510,图标253,icon_subscribe_n,1,c_shop,,1,657,1,1
10511,图标182,icon_success_ar,1,c_shop,,1,583,1,1
10512,图标254,icon_tvgift_n,1,c_shop,,1,658,1,1
10513,图标136,img_decorate_08,1,c_shop,,1,520,1,1
10514,图标137,label_subscribe_red,1,c_shop,,1,521,1,1
10515,图标138,lqjl_bg1,1,c_shop,,1,522,1,1
10516,底板102,btn_special_blue,4,c_shop,,1,381,1,1
10517,底板103,btn_special_gray,4,c_shop,,1,382,1,1
10518,按钮19,board_activity_box_blue,3,common,common5,1,57,1,1
10519,按钮20,btn_big_blue,3,common,common5,1,58,1,1
10520,底板62,btn_big_circle_blue,4,common,common5,1,134,1,1
10521,按钮21,btn_big_orange,3,common,common5,1,59,1,1
10522,按钮22,btn_big_red,3,common,common5,1,60,1,1
10523,按钮23,btn_big_yellow,3,common,common5,1,61,1,1
10524,按钮24,btn_bigsquare_yellow,3,common,common5,1,62,1,1
10525,底板63,btn_huge_circle_yellow,4,common,common5,1,135,1,1
10526,按钮137,btn_close,3,common,common5,1,523,1,1
10527,按钮138,btn_help,3,common,common5,1,524,1,1
10528,底板49,tutorial_board_popups,4,common,,1,120,1,1
10529,按钮139,tutorial_board_skip,3,common,,1,524,1,1
10530,按钮140,tutorial_btn_direction_a,3,common,,1,524,1,1
10531,按钮141,tutorial_btn_direction_d,3,common,,1,524,1,1
10532,按钮142,tutorial_btn_direction_s,3,common,,1,524,1,1
10533,按钮143,tutorial_btn_direction_w,3,common,,1,524,1,1
10534,按钮144,tutorial_btn_middle_blue,3,common,,1,524,1,1
10535,按钮145,tutorial_btn_middle_yellow,3,common,,1,524,1,1
10536,按钮146,tutorial_btn_task_go,3,common,,1,524,1,1
10537,底板50,tutorial_dialogbg,4,common,,1,121,1,1
10538,底板51,tutorial_frame_exchange,4,common,,1,121,1,1
10539,底板52,tutorial_frame_task_bk,4,common,,1,121,1,1
10540,图标139,tutorial_guide_tip_0026,1,common,,1,524,1,1
10541,图标140,tutorial_icon_skip,1,common,,1,524,1,1
10542,底板53,tutorial_img_board_tips,4,common,,1,121,1,1
10543,图标141,tutorial_img_line_guide,1,common,,1,524,1,1
10544,图标142,tutorial_n5,1,common,,1,524,1,1
10545,图标143,dice_1,1,common,,1,524,1,1
10546,图标144,dice_2,1,common,,1,524,1,1
10547,图标145,dice_3,1,common,,1,524,1,1
10548,图标146,dice_4,1,common,,1,524,1,1
10549,图标147,dice_5,1,common,,1,524,1,1
10550,图标148,dice_6,1,common,,1,524,1,1
10551,底板104,triangle_white,4,common,,1,524,1,1
10552,按钮147,partyzone_btn,3,common,,1,524,1,1
10553,按钮148,partyzone_colse,3,common,,1,524,1,1
10554,背景图77,partyzone_draw,5,common,,1,670,1,1
10555,底板54,partyzone_prize,4,common,,1,121,1,1
10556,边框18,partyzone_board,7,common,,1,524,1,1
10557,底板55,partyzone_choose,4,common,,1,121,1,1
10558,按钮149,partyzone_close_red,3,common,,0,524,1,1
10559,底板56,partyzone_dialogue,4,common,,1,121,1,1
10560,底板57,partyzone_board_rank,4,common,,1,121,1,1
10561,按钮150,partyzone_btn_close,3,common,,1,524,1,1
10562,图标149,partyzone_icon_first,1,common,,1,524,1,1
10563,图标150,partyzone_icon_second,1,common,,1,524,1,1
10564,图标151,partyzone_icon_third,1,common,,1,524,1,1
10565,图标152,partyzone_icon_star_rank,1,common,,1,524,1,1
10566,边框28,partyzone_img_line,7,common,,1,699,1,1
10567,标签58,partyzone_lable,2,common,,1,524,1,1
10568,底板58,partyzone_rank_board,4,common,,1,121,1,1
10569,背景图78,partyzone_surfing,5,common,,0,670,1,1
10570,背景图79,partyzone_puzzle,5,common,,0,670,1,1
10571,图标245,DyingTips,1,common,,1,670,1,1
10572,图标246,HungryTips,1,common,,1,670,1,1
20001,背景图66,board_bottom_blue,5,common,,1,525,1,1
20002,背景图67,board_sink,5,common,,1,526,1,1
20003,按钮54,board_tips_arrow,3,common,,1,249,1,1
20004,背景图68,board_tips_icon_brown,5,common,,1,527,1,1
20005,按钮26,board_uistyle_b,3,common,,1,63,1,1
20006,按钮27,board_uistyle_g,3,common,,1,64,1,1
20007,按钮28,board_uistyle_y,3,common,,1,65,1,1
20008,底板64,btn_circle_red,4,common,,1,136,1,1
20009,底板65,btn_circle_yellow,4,common,,1,137,1,1
20010,背景图69,btn_Facebook,5,common,,1,528,1,1
20011,背景图70,btn_long_red,5,common,,1,529,1,1
20012,背景图71,btn_long_yellow,5,common,,1,530,1,1
20013,按钮29,btn_middle_blue_right,3,common,,1,66,1,1
20014,按钮30,btn_middle_red,3,common,,1,67,1,1
20015,按钮31,btn_middle_yellow,3,common,,1,68,1,1
20016,按钮32,btn_mini_gray,3,common,,1,69,1,1
20017,按钮33,btn_mini_gray_d,3,common,,1,77,1,1
20018,按钮34,btn_mini_gray_n,3,common,,1,78,1,1
20019,按钮35,btn_mini_gray_p,3,common,,1,120,1,1
20020,按钮36,btn_mini_green_n,3,common,,1,121,1,1
20021,按钮37,btn_mini_lightblue,3,common,,1,122,1,1
20022,按钮38,btn_mini_red_n,3,common,,1,123,1,1
20023,按钮40,btn_subscribe_blue,3,common,,1,125,1,1
20024,按钮55,friendchat_jiantou,3,common,,1,250,1,1
20025,标签35,ico_new_bg,2,common,,1,251,1,1
20026,图标236,ico_save,1,common,,1,640,1,1
20027,图标237,ico_time,1,common,,1,641,1,1
20028,按钮56,icon_add_btn_money_s,3,common,,1,252,1,1
20029,按钮57,icon_add_light,3,common,,1,253,1,1
20030,按钮58,icon_arrow_green,3,common,,1,254,1,1
20031,按钮59,icon_arrow_red,3,common,,1,255,1,1
20032,按钮60,icon_attack,3,common,,1,256,1,1
20033,图标153,icon_bagbook,1,common,,1,531,1,1
20034,图标238,icon_blood_grey,1,ugc_common,,1,642,1,1
20035,图标154,icon_c_copper,1,common,,1,532,1,1
20036,按钮61,icon_dropdown,3,common,,1,257,1,1
20037,按钮62,icon_dropdown_black,3,common,,1,258,1,1
20038,按钮63,icon_dropdown_blue,3,common,,1,259,1,1
20039,图标155,icon_fly,1,common,,1,533,1,1
20040,图标156,icon_handbag,1,common,,1,534,1,1
20041,图标157,icon_height,1,common,,1,535,1,1
20042,图标239,icon_home,1,common,,1,643,1,1
20043,图标158,icon_home_fruit,1,common,,1,536,1,1
20044,图标159,icon_hy,1,common,,1,537,1,1
20045,图标240,icon_idcard,1,common,,1,644,1,1
20046,图标241,icon_qa,1,common,,1,645,1,1
20047,图标160,icon_studio,1,common,,1,538,1,1
20048,图标161,icon_tick,1,common,,1,539,1,1
20049,图标5,icon_time_h,1,common,,1,5,1,1
20050,按钮64,img_arrow_arrowhead_h,3,common,,1,260,1,1
20051,按钮65,img_arrow_black,3,common,,1,261,1,1
20052,底板107,img_bar_mounts,4,common,,1,542,1,1
20053,底板31,img_board_garden_b,4,common,,1,102,1,1
20054,底板32,img_board_garden_g,4,common,,1,103,1,1
20055,底板33,img_board_garden_green,4,common,,1,104,1,1
20056,底板34,img_board_garden_n,4,common,,1,105,1,1
20057,底板35,img_board_garden_o,4,common,,1,106,1,1
20058,底板36,img_board_garden_y,4,common,,1,107,1,1
20059,底板37,img_board_green_r,4,common,,1,108,1,1
20060,底板38,img_board_load_,4,common,,1,109,1,1
20061,底板66,img_dot_change,4,common,,1,138,1,1
20062,底板67,img_dot_tips,4,common,,1,139,1,1
20063,图标162,img_dot_tips_orange,1,common,,1,543,1,1
20064,图标163,img_frame_arrow_n,1,common,,1,544,1,1
20065,标签59,img_tips_board,2,common,,1,545,1,1
20066,标签60,img_title,2,common,,1,546,1,1
20067,背景图72,img_water,5,common,,1,547,1,1
20068,标签61,label_information_grey,2,common,,1,548,1,1
20069,图标6,tips_new,1,common,,1,6,1,1
20070,按钮66,xtc_icon03,3,common,,1,262,1,1
21001,底板39,board_question,4,c_ingame,,1,110,1,1
21002,标签65,btn_answer_riddle,2,c_ingame,,1,552,1,1
21003,图标7,dtch_icon02,1,ugc_common,,1,7,1,1
21004,图标8,dtch_icon03,1,ugc_common,,1,8,1,1
21005,图标164,frame_map_qy,1,c_ingame,,1,553,1,1
21006,标签66,frame_map_zb,2,c_ingame,,1,554,1,1
21007,图标9,icon_food,1,c_ingame,,1,9,1,1
21008,图标10,icon_freeplay,1,c_ingame,,1,10,1,1
21009,图标165,icon_heart,1,c_ingame,,1,555,1,1
21010,图标11,icon_home,1,c_ingame,,1,11,1,1
21011,图标166,icon_light,1,c_ingame,,1,556,1,1
21012,图标12,icon_ore,1,c_ingame,,1,12,1,1
21013,图标167,icon_point,1,c_ingame,,1,557,1,1
21014,图标13,icon_tes,1,c_ingame,,1,13,1,1
21015,图标242,icon_track,1,c_ingame,,1,646,1,1
21016,标签67,img_board_list_r,2,c_ingame,,1,558,1,1
21017,图标168,img_map_light,1,c_ingame,,1,559,1,1
21018,底板85,img_operating_board_r,4,c_ingame,,1,157,1,1
21019,标签68,img_transform,2,ugc_common,,1,560,1,1
21020,边框19,juese_xuanzhong,7,ugc_common,,1,561,1,1
21021,图标14,lzy_09,1,c_ingame,,1,14,1,1
21022,图标16,lzy_13,1,ugc_common,,1,16,1,1
21023,图标17,lzy_14,1,ugc_common,,1,17,1,1
21024,图标18,lzy_16,1,ugc_common,,1,18,1,1
21025,图标19,lzy_18,1,ugc_common,,1,19,1,1
21026,图标20,lzy_porter,1,c_ingame,,1,20,1,1
21027,图标21,lzy_startrans,1,c_ingame,,1,21,1,1
21028,图标22,xtc_icon01,1,ugc_common,,1,22,1,1
21029,图标23,xtc_icon06,1,ugc_common,,1,23,1,1
22001,底板86,board_ar_record,4,ugc_common,,1,158,1,1
22002,背景图73,board_grass,5,ugc_common,,1,562,1,1
22003,标签69,btn_shop_ad,2,c_shop,,1,563,1,1
22004,按钮25,btn_square_blue,3,c_shop,,1,62,1,1
22005,标签70,frame_commend,2,c_shop,,1,564,1,1
22006,标签71,frame_hot,2,c_shop,,1,565,1,1
22007,标签72,frame_new,2,c_shop,,1,566,1,1
22008,标签73,frame_rage,2,c_shop,,1,567,1,1
22009,标签74,frame_sale,2,c_shop,,1,568,1,1
22010,标签75,frame_time,2,c_shop,,1,569,1,1
22011,边框20,frame_white,7,c_shop,,1,584,1,1
22012,图标24,icon_55,1,c_shop,,1,24,1,1
22013,图标25,icon_56,1,c_shop,,1,25,1,1
22014,底板1,img_mount01,4,c_shop,,1,70,1,1
22015,底板2,img_mount02,4,c_shop,,1,71,1,1
22016,底板3,img_mount03,4,c_shop,,1,72,1,1
22017,底板4,img_mount04,4,c_shop,,1,73,1,1
22018,底板5,img_mount05,4,c_shop,,1,74,1,1
22019,底板6,img_mount06,4,c_shop,,1,75,1,1
22020,底板7,img_mount07,4,c_shop,,1,76,1,1
22021,标签76,img_stage_1,2,c_shop,,1,659,1,1
22022,标签77,img_stage_2,2,c_shop,,1,660,1,1
22023,标签78,img_stage_3,2,c_shop,,1,661,1,1
22024,标签79,img_stage_4,2,c_shop,,1,662,1,1
22025,标签80,img_stage_5,2,c_shop,,1,663,1,1
22026,标签81,img_stage_6,2,c_shop,,1,664,1,1
22027,标签82,img_stage_7,2,c_shop,,1,665,1,1
22028,文字16,img_title_Character,6,c_shop,,1,666,1,1
22029,标签39,tab_workshop_n,2,c_shop,,1,384,1,1
22030,图标255,icon_music_1,1,ugc_common,,1,999,1,1
22031,图标256,icon_music_2,1,ugc_common,,1,999,1,1
22032,图标257,icon_music_3,1,ugc_common,,1,999,1,1
22033,图标258,icon_savedata_1,1,ugc_common,,1,999,1,1
22034,图标259,icon_savedata_2,1,ugc_common,,1,999,1,1
22035,图标260,icon_savedata_4,1,ugc_common,,1,999,1,1
22036,图标261,icon_savedata_8,1,ugc_common,,1,999,1,1
22037,图标262,icon_savedata_16,1,ugc_common,,1,999,1,1
22038,图标263,icon_savedata_32,1,ugc_common,,1,999,1,1
22039,图标264,icon_savedata_64,1,ugc_common,,1,999,1,1
22040,图标265,icon_savedata_128,1,ugc_common,,1,999,1,1
22041,图标266,icon_savedata_256,1,ugc_common,,1,999,1,1
22042,图标267,icon_savedata_512,1,ugc_common,,1,999,1,1
22043,图标268,icon_savedata_1024,1,ugc_common,,1,999,1,1
23001,按钮1,board_bubble_white,3,ugc_common,,1,39,1,1
23002,按钮2,board_mask_white,3,ugc_common,,1,40,1,1
23003,标签40,board_popup_cyan,2,ugc_common,,1,385,1,1
23004,标签41,board_popup_cyan_big,2,ugc_common,,1,386,1,1
23005,背景图74,board_popups,5,ugc_common,,1,667,1,1
23006,背景图75,board_rightpop,5,ugc_common,,1,668,1,1
23007,背景图76,btn_blue,5,ugc_common,,1,669,1,1
23008,底板68,btn_circle_blue,4,ugc_common,,1,140,1,1
23009,底板87,btn_circle_yellow,4,ugc_common,,1,159,1,1
23010,按钮41,btn_middle_blue,3,ugc_common,,1,126,1,1
23011,按钮42,btn_middle_red,3,ugc_common,,1,127,1,1
23012,按钮43,btn_middle_yellow,3,ugc_common,,1,128,1,1
23013,按钮44,but_blue_popup,3,ugc_common,,1,129,1,1
23014,按钮45,but_yellow_popup,3,ugc_common,,1,130,1,1
24001,边框22,ui/mobile/texture0/bigtex/cold1.png,7,,,1,667,1,1
24002,边框23,ui/mobile/texture0/bigtex/cold2.png,7,,,1,667,1,1
24003,边框24,ui/mobile/texture0/bigtex/freeze.png,7,,,1,667,1,1
24004,边框25,ui/mobile/texture0/bigtex/hot1.png,7,,,1,667,1,1
24005,边框26,ui/mobile/texture0/bigtex/hot2.png,7,,,1,667,1,1
24006,边框27,ui/mobile/texture0/bigtex/burn.png,7,,,1,667,1,1
30000,默认,ugcenv/default.png,8,,,1,30001,3|4,1
30001,天空1,ugcenv/sky1.png,8,,,1,30002,3,1
30002,天空2,ugcenv/sky2.png,8,,,1,30003,3,1
30003,天空3,ugcenv/sky3.png,8,,,1,30004,3,1
30004,天空4,ugcenv/sky4.png,8,,,1,30005,3,1
30005,天空5,ugcenv/sky5.png,8,,,1,30006,3,1
30006,天空6,ugcenv/sky6.png,8,,,1,30007,3,1
30007,天空7,ugcenv/sky7.png,8,,,1,30008,3,1
30008,天空8,ugcenv/sky8.png,8,,,1,30009,3,1
30009,天空9,ugcenv/sky9.png,8,,,1,30010,3,1
30010,天空10,ugcenv/sky10.png,8,,,1,30011,3,1
30011,天空11,ugcenv/sky11.png,8,,,1,30012,3,1
30012,天空12,ugcenv/sky12.png,8,,,1,30013,3,1
30013,全景天空1,ui://ugc_resourcesidebar/icon_sky_1,8,,,1,30731,3,1
30014,全景天空2,ui://ugc_resourcesidebar/icon_sky_2,8,,,1,30732,3,1
30015,全景天空3,ui://ugc_resourcesidebar/icon_sky_ink,8,,,1,30733,3,1
30016,全景天空4,ui://ugc_resourcesidebar/icon_sky_inkGreen,8,,,1,30734,3,1
30017,全景天空5,ui://ugc_resourcesidebar/icon_sky_9,8,,,1,30735,3,1
30018,全景天空6,ui://ugc_resourcesidebar/icon_sky_10,8,,,1,30736,3,1
30101,太阳1,ugcenv/sun1.png,8,,,1,30014,4,1
30102,太阳2,ugcenv/sun2.png,8,,,1,30015,4,1
30103,太阳3,ugcenv/sun3.png,8,,,1,30016,4,1
30104,太阳4,ugcenv/sun4.png,8,,,1,30017,4,1
30105,太阳5,ugcenv/sun5.png,8,,,1,30018,4,1
30201,月亮1,ugcenv/moon1.png,8,,,1,30019,4,1
30202,月亮2,ugcenv/moon2.png,8,,,1,30020,4,1
30203,月亮3,ugcenv/moon3.png,8,,,1,30021,4,1
30204,月亮4,ugcenv/moon4.png,8,,,1,30022,4,1
30205,月亮5,ugcenv/moon5.png,8,,,1,30023,4,1
30250,默认,ugcenv/galaxyDefault.png,8,,,1,30000,5,1
30300,默认,ugcenv/default.png,9,,,1,30000,1,1
30301,冷色调,ui://ugc_resourcesidebar/icon_lut_1,9,,,1,30301,1,1
30302,暖色调,ui://ugc_resourcesidebar/icon_lut_2,9,,,1,30302,1,1
30303,卡通,ui://ugc_resourcesidebar/icon_lut_3,9,,,1,30303,1,1
30304,夜视,ui://ugc_resourcesidebar/icon_lut_4,9,,,1,30304,1,1
30305,反转,ui://ugc_resourcesidebar/icon_lut_5,9,,,1,30305,1,1
30306,电影感,ui://ugc_resourcesidebar/icon_lut_6,9,,,1,30306,1,1
30307,海岛,ui://ugc_resourcesidebar/icon_lut_7,9,,,1,30307,1,1
30308,回忆,ui://ugc_resourcesidebar/icon_lut_8,9,,,1,30308,1,1
30309,明艳,ui://ugc_resourcesidebar/icon_lut_9,9,,,1,30309,1,1
30310,青橙,ui://ugc_resourcesidebar/icon_lut_10,9,,,1,30310,1,1
30311,清新,ui://ugc_resourcesidebar/icon_lut_11,9,,,1,30311,1,1
30312,日系,ui://ugc_resourcesidebar/icon_lut_12,9,,,1,30312,1,1
30313,日系过曝,ui://ugc_resourcesidebar/icon_lut_13,9,,,1,30313,1,1
30314,郁金香,ui://ugc_resourcesidebar/icon_lut_14,9,,,1,30314,1,1
31001,单色滤镜（蓝）,ui://ugc_resourcesidebar/icon_lut_21,9,,,1,31001,1,1
31002,单色滤镜（绿）,ui://ugc_resourcesidebar/icon_lut_22,9,,,1,31002,1,1
31003,单色滤镜（红）,ui://ugc_resourcesidebar/icon_lut_23,9,,,1,31003,1,1
31004,单色滤镜（黄）,ui://ugc_resourcesidebar/icon_lut_24,9,,,1,31004,1,1
31005,漫画风格,ui://ugc_resourcesidebar/icon_lut_25,9,,,1,31005,1,1
31006,手绘铅笔,ui://ugc_resourcesidebar/icon_lut_26,9,,,1,31006,1,1
30315,兔子贴图,entity/100213/tuzi.png,11,,,1,30315,0,2
30316,兔子遮罩1,entity/100213/tuzi_mask1.png,11,,,1,30316,0,2
30317,兔子遮罩2,entity/100213/tuzi_mask2.png,11,,,1,30317,0,2
30318,兔子遮罩3,entity/100213/tuzi_mask3.png,11,,,1,30318,0,2
30319,兔子遮罩4,entity/100213/tuzi_mask4.png,11,,,1,30319,0,2
30320,狗贴图,entity/100209/dog.png,11,,,1,30320,0,2
30321,狗遮罩1,entity/100209/dog_mask.png,11,,,1,30321,0,2
30322,狗遮罩2,entity/100209/dog_mask1.png,11,,,1,30322,0,2
30323,狗遮罩3,entity/100209/dog_mask2.png,11,,,1,30323,0,2
30324,狗遮罩4,entity/100209/dog_mask3.png,11,,,1,30324,0,2
30325,狗遮罩5,entity/100209/dog_mask4.png,11,,,1,30325,0,2
30326,猫贴图1,entity/100211/male.png,11,,,1,30326,0,2
30327,猫遮罩1,entity/100211/male_mask3.png,11,,,1,30327,0,2
30328,猫遮罩1-1,entity/100211/male_mask.png,11,,,1,30328,0,2
30329,猫遮罩1-2,entity/100211/male_mask4.png,11,,,1,30329,0,2
30330,猫遮罩1-4,entity/100211/male_mask8.png,11,,,1,30330,0,2
30331,猫遮罩2,entity/100211/male_mask7.png,11,,,1,30331,0,2
30332,猫遮罩2-1,entity/100211/male_mask6.png,11,,,1,30332,0,2
30333,奶牛贴图,entity/100222/nainiu.png,11,,,1,30333,0,2
30334,奶牛遮罩1,entity/100222/nainiu_mask1.png,11,,,1,30334,0,2
30335,奶牛遮罩2,entity/100222/nainiu_mask2.png,11,,,1,30335,0,2
30336,奶牛遮罩3,entity/100222/nainiu_mask3.png,11,,,1,30336,0,2
30337,仓鼠贴图,entity/100224/cangshu_bai.png,11,,,1,30337,0,2
30338,仓鼠遮罩1,entity/100224/cangshu_bai_mask.png,11,,,1,30338,0,2
30339,仓鼠遮罩2,entity/100224/cangshu_bai_mask1.png,11,,,1,30339,0,2
30340,绵羊贴图,entity/100220/male.png,11,,,1,30340,0,2
30341,绵羊遮罩1,entity/100220/male_mask.png,11,,,1,30341,0,2
30342,绵羊遮罩2,entity/100220/male_mask1.png,11,,,1,30342,0,2
30343,仓鼠遮罩3,entity/100224/cangshu_bai_mask2.png,11,,,1,30343,0,2
30344,仓鼠遮罩4,entity/100224/cangshu_bai_mask3.png,11,,,1,30344,0,2
30345,未驯服狼白天贴图,entity/100227/male_wolf.png,11,,,1,30345,0,2
30346,未驯服狼晚上贴图,entity/100227/male_wolf_green.png,11,,,1,30346,0,2
30347,小狼贴图,entity/100228/male.png,11,,,1,30347,0,2
30348,驯服狼狗贴图,entity/100227/male_dog_collar.png,11,,,1,30348,0,2
30349,狼狗贴图,entity/100227/male_dog.png,11,,,1,30349,0,2
30350,驯服小狼贴图,entity/100228/male_smallwolf_collar.png,11,,,1,30350,0,2
30351,驯服狼贴图,entity/100227/male_wolf_collar.png,11,,,1,30351,0,2
30352,小狼狗贴图,entity/100228/male1.png,11,,,1,30352,0,2
30353,未驯服狼晚上自发光贴图,entity/100227/male_wolf_green_emi.png,11,,,1,30353,0,2
30354,原色蘑菇贴图,entity/100231/male.png,11,,,1,30354,0,2
30355,浅蓝色蘑菇贴图,entity/100231/male_blue.png,11,,,1,30355,0,2
30356,绿色蘑菇贴图,entity/100231/male_green.png,11,,,1,30356,0,2
30357,紫色蘑菇贴图,entity/100231/male_purple.png,11,,,1,30357,0,2
30358,红色蘑菇贴图,entity/100231/male_shangren.png,11,,,1,30358,0,2
30359,深绿蘑菇贴图,entity/100231/male_wuzhe.png,11,,,1,30359,0,2
30360,黄色蘑菇贴图,entity/100231/male_yellow.png,11,,,1,30360,0,2
30361,棕色花纹蘑菇贴图,entity/100231/male_yuezhe.png,11,,,1,30361,0,2
30362,狗人原色,entity/100235/new_body.png,11,,,1,30362,0,2
30363,狗人黑色,entity/100235/dog_heise.png,11,,,1,30363,0,2
30364,狗人红色,entity/100235/dog_hongshe.png,11,,,1,30364,0,2
30365,狗人黄褐色,entity/100235/dog_huangheshe.png,11,,,1,30365,0,2
30366,狗人灰色,entity/100235/dog_huishe.png,11,,,1,30366,0,2
30367,狗人紫色,entity/100235/dog_zishe.png,11,,,1,30367,0,2
30368,猫人原色,entity/100236/body.png,11,,,1,30368,0,2
30369,猫人灰色,entity/100236/body_ huise.png,11,,,1,30369,0,2
30370,猫人黑色,entity/100236/body_hei.png,11,,,1,30370,0,2
30371,猫人红色,entity/100236/body_hongse.png,11,,,1,30371,0,2
30372,猫人绿色,entity/100236/body_lvse.png,11,,,1,30372,0,2
30373,猫人紫色,entity/100236/body_zise.png,11,,,1,30373,0,2
30374,猪人原色,entity/100237/zhu.png,11,,,1,30374,0,2
30375,猪人黑色,entity/100237/zhu_heishe.png,11,,,1,30375,0,2
30376,猪人褐色,entity/100237/zhu_heshe.png,11,,,1,30376,0,2
30377,猪人灰褐色,entity/100237/zhu_huiheshe.png,11,,,1,30377,0,2
30378,猪人灰色,entity/100237/zhu_huishe.png,11,,,1,30378,0,2
30379,猪人深紫色,entity/100237/zhu_shenzishe.png,11,,,1,30379,0,2
30380,蛙人灰色,entity/100249/male.png,11,,,1,30380,0,2
30381,蛙人黑色,entity/100249/male_heise.png,11,,,1,30381,0,2
30382,蛙人红色,entity/100249/male_hong.png,11,,,1,30382,0,2
30383,蛙人黄色,entity/100249/male_huang.png,11,,,1,30383,0,2
30384,蛙人绿色,entity/100249/male_lv.png,11,,,1,30384,0,2
30385,蛙人紫色,entity/100249/male_zise.png,11,,,1,30385,0,2
30386,猫头鹰紫色,entity/100239/male.png,11,,,1,30386,0,2
30387,奇幻蛙紫色,entity/100241/male.png,11,,,1,30387,0,2
30388,星尘精灵绿色,entity/100242/male.png,11,,,1,30388,0,2
30389,凝胶怪绿色,entity/100243/ningjiaoguai.png,11,,,1,30389,0,2
30390,独角兽白色,entity/100233/male.png,11,,,1,30390,0,2
30391,呆呆菇褐色,entity/100259/male_wunao.png,11,,,1,30391,0,2
30392,呆呆菇紫色,entity/100259/male_wunao_zise.png,11,,,1,30392,0,2
30393,奇幻蛙红色,entity/100241/male_hong.png,11,,,1,30393,0,2
30394,奇幻蛙绿色,entity/100241/male_lv.png,11,,,1,30394,0,2
30395,凝胶怪紫色,entity/100243/ningjiaoguai_fen.png,11,,,1,30395,0,2
30396,蚀化蘑菇贴图,entity/100231/male_hei.png,11,,,1,30396,0,2
30397,独角兽黑色贴图,entity/100233/col2.png,11,,,1,30390,0,2
30398,星斑野猪,entity/100261/male_lan.png,11,,,1,30398,0,2
30401,心,prefab/particles/public/Texture/140495_xin.png,11,,,1,30340,2,2
30402,心,prefab/particles/public/Texture/140495_xin_2.png,11,,,1,30341,2,2
30403,蝴蝶,prefab/particles/public/Texture/2020001hudie.png,11,,,1,30342,2,2
30404,圆圈,prefab/particles/public/Texture/Cirle002.png,11,,,1,30343,2,2
30405,火焰,prefab/particles/public/Texture/fire_huoyan01_wc.png,11,,,1,30344,2,2
30406,火焰,prefab/particles/public/Texture/fire_huoyan05_wc.png,11,,,1,30345,2,2
30407,火界面,prefab/particles/public/Texture/fire_UI_01.png,11,,,1,30346,2,2
30408,火气,prefab/particles/public/Texture/fire_wc_nuqi.png,11,,,1,30347,2,2
30409,火焰,prefab/particles/public/Texture/Fire_wl_001.png,11,,,1,30348,2,2
30410,火焰,prefab/particles/public/Texture/Fire_wl_002.png,11,,,1,30349,2,2
30411,火,prefab/particles/public/Texture/Fire_wl_003.png,11,,,1,30350,2,2
30412,火,prefab/particles/public/Texture/Fire_wl_004.png,11,,,1,30351,2,2
30413,光晕,prefab/particles/public/Texture/fx_glow_yf_012.png,11,,,1,30352,2,2
30414,衣服遮罩,prefab/particles/public/Texture/fx_mask_yf_028.png,11,,,1,30353,2,2
30415,辉光,prefab/particles/public/Texture/glow_7001.png,11,,,1,30354,2,2
30416,光晕,prefab/particles/public/Texture/Glow_ab.png,11,,,1,30355,2,2
30417,辉光添加,prefab/particles/public/Texture/Glow_add.png,11,,,1,30356,2,2
30418,蓝色辉光,prefab/particles/public/Texture/Glow_blue.png,11,,,1,30357,2,2
30419,彩虹辉光,prefab/particles/public/Texture/Glow_caihong_add.png,11,,,1,30358,2,2
30420,光晕速度线,prefab/particles/public/Texture/Glow_GHH_suduxian.png,11,,,1,30359,2,2
30421,光刺,prefab/particles/public/Texture/Glow_guangci008_add.png,11,,,1,30360,2,2
30422,辉光束加,prefab/particles/public/Texture/Glow_guangshu_add.png,11,,,1,30361,2,2
30423,辉光魔环,prefab/particles/public/Texture/Glow_magic_ring_add.png,11,,,1,30362,2,2
30424,辉光枪口,prefab/particles/public/Texture/Glow_qiangkou_031.png,11,,,1,30363,2,2
30425,光环,prefab/particles/public/Texture/glow_ring01_wc.png,11,,,1,30364,2,2
30426,光环,prefab/particles/public/Texture/glow_ring04_wc.png,11,,,1,30365,2,2
30427,光晕,prefab/particles/public/Texture/Glow_wl_002.png,11,,,1,30366,2,2
30428,辉光,prefab/particles/public/Texture/Glow_wl_003.png,11,,,1,30367,2,2
30429,辉光,prefab/particles/public/Texture/Glow_wl_007.png,11,,,1,30368,2,2
30430,辉光,prefab/particles/public/Texture/Glow_wl_014.png,11,,,1,30369,2,2
30431,光晕,prefab/particles/public/Texture/Glow_wl_015.png,11,,,1,30370,2,2
30432,辉光,prefab/particles/public/Texture/Glow_wl_022.png,11,,,1,30371,2,2
30433,辉光,prefab/particles/public/Texture/Glow_wl_031.png,11,,,1,30372,2,2
30434,辉光,prefab/particles/public/Texture/Glow_wl_032.png,11,,,1,30373,2,2
30435,发光,prefab/particles/public/Texture/Glow_wl_043.png,11,,,1,30374,2,2
30436,辉光,prefab/particles/public/Texture/Glow_wl_047.png,11,,,1,30375,2,2
30437,发光,prefab/particles/public/Texture/Glow_wl_048.png,11,,,1,30376,2,2
30438,辉光,prefab/particles/public/Texture/Glow_wl_45.png,11,,,1,30377,2,2
30439,发光,prefab/particles/public/Texture/Glow_wl_46.png,11,,,1,30378,2,2
30440,辉光光晕,prefab/particles/public/Texture/glow_wl_guangyun_01.png,11,,,1,30379,2,2
30441,光磁附加,prefab/particles/public/Texture/Guangci_GHH_add.png,11,,,1,30380,2,2
30442,红色警告,prefab/particles/public/Texture/hongsejinggao_wc01.png,11,,,1,30381,2,2
30443,花瓣,prefab/particles/public/Texture/huaban_wc_01.png,11,,,1,30382,2,2
30444,加载花瓣,prefab/particles/public/Texture/jiazai_huaban.png,11,,,1,30383,2,2
30445,加载流星,prefab/particles/public/Texture/jiazai_liuxing.png,11,,,1,30384,2,2
30446,闪电,prefab/particles/public/Texture/lightning_wl_01.png,11,,,1,30385,2,2
30447,刀光线,prefab/particles/public/Texture/Line_daoguang_02.png,11,,,1,30386,2,2
30448,光线,prefab/particles/public/Texture/line_guangxian04_wc.png,11,,,1,30387,2,2
30449,单线,prefab/particles/public/Texture/line_single_02.png,11,,,1,30388,2,2
30450,单线,prefab/particles/public/Texture/line_single_03.png,11,,,1,30389,2,2
30451,线条,prefab/particles/public/Texture/Line_wl_006.png,11,,,1,30390,2,2
30452,线条,prefab/particles/public/Texture/Line_wl_008.png,11,,,1,30391,2,2
30453,线,prefab/particles/public/Texture/Line_wl_009.png,11,,,1,30392,2,2
30454,线条,prefab/particles/public/Texture/Line_wl_010.png,11,,,1,30393,2,2
30455,线,prefab/particles/public/Texture/Line_wl_011.png,11,,,1,30394,2,2
30456,线条,prefab/particles/public/Texture/Line_wl_019.png,11,,,1,30395,2,2
30457,魔霸特效,prefab/particles/public/Texture/mach_boss_dj.png,11,,,1,30396,2,2
30458,遮罩锥形 [1] 面具,prefab/particles/public/Texture/Mask_Cone_01.png,11,,,1,30397,2,2
30459,鬼遮罩,prefab/particles/public/Texture/Mask_GHH_01.png,11,,,1,30398,2,2
30460,科技遮罩,prefab/particles/public/Texture/Mask_GHH_keji_01.png,11,,,1,30399,2,2
30461,光遮罩,prefab/particles/public/Texture/Mask_Light_01.png,11,,,1,30400,2,2
30462,心遮罩,prefab/particles/public/Texture/mask_wc_006.png,11,,,1,30401,2,2
30463,水彩遮罩,prefab/particles/public/Texture/mask_wc_013.png,11,,,1,30402,2,2
30464,心马点遮罩,prefab/particles/public/Texture/mask_wc_madian.png,11,,,1,30403,2,2
30465,心条遮罩,prefab/particles/public/Texture/Mask_wc_xiantiao1.png,11,,,1,30404,2,2
30466,涡流遮罩,prefab/particles/public/Texture/Mask_wl_001.png,11,,,1,30405,2,2
30467,遮罩,prefab/particles/public/Texture/Mask_wl_002.png,11,,,1,30406,2,2
30468,波纹遮罩,prefab/particles/public/Texture/Mask_wl_003.png,11,,,1,30407,2,2
30469,纹理遮罩,prefab/particles/public/Texture/mask_wl_14.png,11,,,1,30408,2,2
30470,遮罩,prefab/particles/public/Texture/mask_wl_16.png,11,,,1,30409,2,2
30471,遮罩,prefab/particles/public/Texture/mask_wl_18.png,11,,,1,30410,2,2
30472,遮罩,prefab/particles/public/Texture/mask_wl_20.png,11,,,1,30411,2,2
30473,遮罩,prefab/particles/public/Texture/mask_wl_21.png,11,,,1,30412,2,2
30474,遮罩,prefab/particles/public/Texture/mask_wl_29.png,11,,,1,30413,2,2
30475,遮罩,prefab/particles/public/Texture/mask_wl_417_01.png,11,,,1,30414,2,2
30476,闪电遮罩,prefab/particles/public/Texture/Mask_wl_shandian.png,11,,,1,30415,2,2
30477,火噪声,prefab/particles/public/Texture/Noise_fire_03.png,11,,,1,30416,2,2
30478,噪心遮罩,prefab/particles/public/Texture/Noise_GHH_05.png,11,,,1,30417,2,2
30479,激光噪声,prefab/particles/public/Texture/Noise_GHH_jiguang_01.png,11,,,1,30418,2,2
30480,黑洞噪声,prefab/particles/public/Texture/Noise_heidong01_wc.png,11,,,1,30419,2,2
30481,噪声,prefab/particles/public/Texture/Noise_wc_001.png,11,,,1,30420,2,2
30482,噪声,prefab/particles/public/Texture/Noise_wc_003.png,11,,,1,30421,2,2
30483,噪声,prefab/particles/public/Texture/Noise_wc_008.png,11,,,1,30422,2,2
30484,白噪声,prefab/particles/public/Texture/Noise_wc_011.png,11,,,1,30423,2,2
30485,噪声,prefab/particles/public/Texture/Noise_wc_015.png,11,,,1,30424,2,2
30486,噪声,prefab/particles/public/Texture/Noise_wl_002.png,11,,,1,30425,2,2
30487,噪声,prefab/particles/public/Texture/Noise_wl_008.png,11,,,1,30426,2,2
30488,噪声,prefab/particles/public/Texture/Noise_wl_009.png,11,,,1,30427,2,2
30489,噪声,prefab/particles/public/Texture/Noise_wl_011.png,11,,,1,30428,2,2
30490,噪声,prefab/particles/public/Texture/Noise_wl_013.png,11,,,1,30429,2,2
30491,噪声,prefab/particles/public/Texture/Noise_wl_016.png,11,,,1,30430,2,2
30492,噪声,prefab/particles/public/Texture/Noise_wl_018.png,11,,,1,30431,2,2
30493,噪声,prefab/particles/public/Texture/noise_wl_417_02.png,11,,,1,30432,2,2
30494,噪声细胞,prefab/particles/public/Texture/noise_wl_xibao_01.png,11,,,1,30433,2,2
30495,细胞噪声,prefab/particles/public/Texture/noise_wl_xibao_03.png,11,,,1,30434,2,2
30496,泡,prefab/particles/public/Texture/pao1.png,11,,,1,30435,2,2
30497,粒子,prefab/particles/public/Texture/Particles_wl_001.png,11,,,1,30436,2,2
30498,粒子,prefab/particles/public/Texture/Particles_wl_002.png,11,,,1,30437,2,2
30499,粒子,prefab/particles/public/Texture/Particles_wl_003.png,11,,,1,30438,2,2
30500,粒子,prefab/particles/public/Texture/Particles_wl_004.png,11,,,1,30439,2,2
30501,粒子,prefab/particles/public/Texture/Particles_wl_007.png,11,,,1,30440,2,2
30502,粒子心,prefab/particles/public/Texture/particles_wl_xing_01.png,11,,,1,30441,2,2
30503,水路径,prefab/particles/public/Texture/path_wc_001.png,11,,,1,30442,2,2
30504,射线,prefab/particles/public/Texture/ray_wc_011.png,11,,,1,30443,2,2
30505,扩散环,prefab/particles/public/Texture/Ring_kuosan_add.png,11,,,1,30444,2,2
30506,光环,prefab/particles/public/Texture/Ring_wl_003.png,11,,,1,30445,2,2
30507,光环,prefab/particles/public/Texture/Ring_wl_004.png,11,,,1,30446,2,2
30508,环,prefab/particles/public/Texture/Ring_wl_009.png,11,,,1,30447,2,2
30509,光环,prefab/particles/public/Texture/Ring_wl_010.png,11,,,1,30448,2,2
30510,戒指,prefab/particles/public/Texture/Ring_wl_011.png,11,,,1,30449,2,2
30511,冰蓝花,prefab/particles/public/Texture/scene_binglanhua.png,11,,,1,30450,2,2
30512,枫叶场景,prefab/particles/public/Texture/scene_fengye_01.png,11,,,1,30451,2,2
30513,胡杨场景,prefab/particles/public/Texture/scene_huyang_01.png,11,,,1,30452,2,2
30514,场景蓝印,prefab/particles/public/Texture/scene_lanyin_01.png,11,,,1,30453,2,2
30515,银杏场景,prefab/particles/public/Texture/scene_yinxing_01.png,11,,,1,30454,2,2
30516,闪电,prefab/particles/public/Texture/shandian_001.png,11,,,1,30455,2,2
30517,烟雾,prefab/particles/public/Texture/Smoke_GHH_ab.png,11,,,1,30456,2,2
30518,卡通烟,prefab/particles/public/Texture/smoke_katong.png,11,,,1,30457,2,2
30519,烟雾,prefab/particles/public/Texture/Smoke_wl_002.png,11,,,1,30458,2,2
30520,烟雾,prefab/particles/public/Texture/Smoke_wl_004.png,11,,,1,30459,2,2
30521,烟,prefab/particles/public/Texture/Smoke_wl_005.png,11,,,1,30460,2,2
30522,烟雾,prefab/particles/public/Texture/Smoke_wl_008.png,11,,,1,30461,2,2
30523,烟,prefab/particles/public/Texture/Smoke_wl_012.png,11,,,1,30462,2,2
30524,烟雾,prefab/particles/public/Texture/smoke_yanwu01_wc.png,11,,,1,30463,2,2
30525,烟雾,prefab/particles/public/Texture/smoke_yanwu04_wc.png,11,,,1,30464,2,2
30526,特效爱心,prefab/particles/public/Texture/Teshu_aixin.png,11,,,1,30465,2,2
30527,特殊表白,prefab/particles/public/Texture/Teshu_biaobai.png,11,,,1,30466,2,2
30528,特殊糖果,prefab/particles/public/Texture/Teshu_Candy03.png,11,,,1,30467,2,2
30529,特殊云,prefab/particles/public/Texture/Teshu_cloud_2x2_hard_ab.png,11,,,1,30468,2,2
30530,特殊地裂,prefab/particles/public/Texture/Teshu_dilie01_ab.png,11,,,1,30469,2,2
30531,特殊地裂,prefab/particles/public/Texture/Teshu_dilie01_add.png,11,,,1,30470,2,2
30532,特殊泡泡,prefab/particles/public/Texture/Teshu_paopao_2x2_ab.png,11,,,1,30471,2,2
30533,特殊糖果,prefab/particles/public/Texture/Teshu_tangguo2x2_ab.png,11,,,1,30472,2,2
30534,特殊拖尾加,prefab/particles/public/Texture/Teshu_tuowei_add.png,11,,,1,30473,2,2
30535,特殊,prefab/particles/public/Texture/Teshu_wl_003.png,11,,,1,30474,2,2
30536,特殊,prefab/particles/public/Texture/Teshu_wl_006.png,11,,,1,30475,2,2
30537,特殊,prefab/particles/public/Texture/Teshu_wl_007.png,11,,,1,30476,2,2
30538,特殊草,prefab/particles/public/Texture/teshu_wl_grass2.png,11,,,1,30477,2,2
30539,特殊祥云,prefab/particles/public/Texture/Teshu_xiangyun_2x2_ab.png,11,,,1,30478,2,2
30540,风轨迹,prefab/particles/public/Texture/Trail_feng_01.png,11,,,1,30479,2,2
30541,轨迹,prefab/particles/public/Texture/Trail_GHH_09.png,11,,,1,30480,2,2
30542,青蛇尾,prefab/particles/public/Texture/trail_qingshe_wc1.png,11,,,1,30481,2,2
30543,青蛇拖尾,prefab/particles/public/Texture/trail_qingshe_wc4.png,11,,,1,30482,2,2
30544,水尾迹,prefab/particles/public/Texture/trail_wc_003.png,11,,,1,30483,2,2
30545,轨迹,prefab/particles/public/Texture/Trail_wl_417_01.png,11,,,1,30484,2,2
30546,五彩彩带,prefab/particles/public/Texture/ui_wc_caidai01.png,11,,,1,30485,2,2
30547,界面,prefab/particles/public/Texture/UI_wl_002.png,11,,,1,30486,2,2
30548,涡力遮罩,prefab/particles/public/Texture/UI_wl_004.png,11,,,1,30487,2,2
30549,界面,prefab/particles/public/Texture/UI_wl_005.png,11,,,1,30488,2,2
30550,界面,prefab/particles/public/Texture/UI_wl_007.png,11,,,1,30489,2,2
30551,界面树叶,prefab/particles/public/Texture/Ui_wl_shuye.png,11,,,1,30490,2,2
30552,粒子光线,prefab/particles/public/Texture/wc_lizi_guangxian.png,11,,,1,30491,2,2
30553,尾巴发光,prefab/particles/public/Texture/weiba_glow_add.png,11,,,1,30492,2,2
30554,心心,prefab/particles/public/Texture/xinxin3.png,11,,,1,30493,2,2
30555,元素对话框,prefab/particles/public/Texture/yuansu_duihuakuang_wc.png,11,,,1,30494,2,2
30556,元素方块,prefab/particles/public/Texture/yuansu_fangkuai01_wc.png,11,,,1,30495,2,2
30557,火元素,prefab/particles/public/Texture/Yuansu_GHH_fire_3x3.png,11,,,1,30496,2,2
30558,元素箭头,prefab/particles/public/Texture/Yuansu_GHH_jiantou_01.png,11,,,1,30497,2,2
30559,元素石头,prefab/particles/public/Texture/Yuansu_GHH_shitou_2x2.png,11,,,1,30498,2,2
30560,元素混合,prefab/particles/public/Texture/yuansu_henhe01_wc.png,11,,,1,30499,2,2
30561,火焰元素,prefab/particles/public/Texture/Yuansu_huoyan_3x3_ab.png,11,,,1,30500,2,2
30562,元素金币,prefab/particles/public/Texture/yuansu_jinbi_wc.png,11,,,1,30501,2,2
30563,旗袍元素,prefab/particles/public/Texture/Yuansu_qipao2_wl.png,11,,,1,30502,2,2
30564,元素旗袍,prefab/particles/public/Texture/Yuansu_qipao_wl.png,11,,,1,30503,2,2
30565,元素闪电,prefab/particles/public/Texture/Yuansu_shandian_3x3_ab.png,11,,,1,30504,2,2
30566,元素水晶粉,prefab/particles/public/Texture/yuansu_shuijing_fen.png,11,,,1,30505,2,2
30567,元素水晶蓝,prefab/particles/public/Texture/yuansu_shuijing_lan.png,11,,,1,30506,2,2
30568,绿水晶元素,prefab/particles/public/Texture/yuansu_shuijing_lv.png,11,,,1,30507,2,2
30569,元素锁链,prefab/particles/public/Texture/yuansu_suolian.png,11,,,1,30508,2,2
30570,元素,prefab/particles/public/Texture/Yuansu_wl_001.png,11,,,1,30509,2,2
30571,元素,prefab/particles/public/Texture/Yuansu_wl_002.png,11,,,1,30510,2,2
30572,元素,prefab/particles/public/Texture/Yuansu_wl_003.png,11,,,1,30511,2,2
30573,元素,prefab/particles/public/Texture/Yuansu_wl_004.png,11,,,1,30512,2,2
30574,元素,prefab/particles/public/Texture/Yuansu_wl_006.png,11,,,1,30513,2,2
30575,元素,prefab/particles/public/Texture/Yuansu_wl_016.png,11,,,1,30514,2,2
30576,元素,prefab/particles/public/Texture/yuansu_wl_13.png,11,,,1,30515,2,2
30577,元素,prefab/particles/public/Texture/yuansu_wl_17.png,11,,,1,30516,2,2
30578,元素,prefab/particles/public/Texture/yuansu_wl_18.png,11,,,1,30517,2,2
30579,元素,prefab/particles/public/Texture/yuansu_wl_19.png,11,,,1,30518,2,2
30580,元素,prefab/particles/public/Texture/yuansu_wl_20.png,11,,,1,30519,2,2
30581,元素草,prefab/particles/public/Texture/Yuansu_wl_cao_1.png,11,,,1,30520,2,2
30582,水元素,prefab/particles/public/Texture/yuansu_wl_shui_01.png,11,,,1,30521,2,2
30583,水元素,prefab/particles/public/Texture/yuansu_wl_shui_02.png,11,,,1,30522,2,2
30584,水元素,prefab/particles/public/Texture/yuansu_wl_shui_03.png,11,,,1,30523,2,2
30585,元素水,prefab/particles/public/Texture/yuansu_wl_shui_04.png,11,,,1,30524,2,2
30586,元素无焦心,prefab/particles/public/Texture/yuansu_wujiaoxin.png,11,,,1,30525,2,2
30587,元素心,prefab/particles/public/Texture/Yuansu_xin.png,11,,,1,30526,2,2
30588,元素星星,prefab/particles/public/Texture/yuansu_xingxing.png,11,,,1,30527,2,2
30589,元素星星,prefab/particles/public/Texture/yuansu_xingxing01_ab.png,11,,,1,30528,2,2
30590,元素星星,prefab/particles/public/Texture/yuansu_xingxing02_ab.png,11,,,1,30529,2,2
30591,僵尸腐蚀,prefab/particles/public/Texture/Zombies_fangshe01.png,11,,,1,30530,2,2
30592,僵尸箭头,prefab/particles/public/Texture/Zombies_jiantou_01.png,11,,,1,30531,2,2
30593,僵尸噪声,prefab/particles/public/Texture/Zombies_prop_no.png,11,,,1,30532,2,2
30594,僵尸道具对,prefab/particles/public/Texture/Zombies_prop_yes.png,11,,,1,30533,2,2
30595,僵尸枪口,prefab/particles/public/Texture/Zombies_qiangkou_00.png,11,,,1,30534,2,2
30596,僵尸环,prefab/particles/public/Texture/Zombies_ring01.png,11,,,1,30535,2,2
30597,元素金织,prefab/particles/public/Texture/Zombies_yuansu_jinzhi.png,11,,,1,30536,2,2
30598,自爆光,prefab/particles/public/Texture/Zombies_zibao_guang.png,11,,,1,30537,2,2
30599,僵尸自爆烟,prefab/particles/public/Texture/Zombies_zibao_smoke1.png,11,,,1,30538,2,2
30600,僵尸自爆烟,prefab/particles/public/Texture/Zombies_zibao_smoke2.png,11,,,1,30539,2,2
30601,自爆烟雾,prefab/particles/public/Texture/Zombies_zibao_smoke3.png,11,,,1,30540,2,2
30602,僵尸自爆烟,prefab/particles/public/Texture/Zombies_zibao_yanwu.png,11,,,1,30541,2,2
30603,自爆僵尸原,prefab/particles/public/Texture/Zombies_zibao_yuan.png,11,,,1,30542,2,2
30604,自爆原白,prefab/particles/public/Texture/Zombies_zibao_yuan_bai.png,11,,,1,30543,2,2
32000,草块,blocks/grass_top.png,10,,,1,30544,2,2
32001,黑凝浆块,blocks/all_condensation.png,10,,,1,30545,2,2
32002,黑凝浆块,blocks/all_condensation_1.png,10,,,1,30546,2,2
32003,黑凝浆块,blocks/all_condensation_1_emi.png,10,,,1,30547,2,2
32004,黑凝浆块,blocks/all_condensation_2.png,10,,,1,30548,2,2
32005,黑凝浆块,blocks/all_condensation_2_emi.png,10,,,1,30549,2,2
32006,黑凝浆块,blocks/all_condensation_3.png,10,,,1,30550,2,2
32007,黑凝浆块,blocks/all_condensation_3_emi.png,10,,,1,30551,2,2
32008,耕地,blocks/arableland_dry.png,10,,,1,30552,2,2
32009,耕地,blocks/arableland_wet.png,10,,,1,30553,2,2
32010,污染方块,blocks/battlegroundblock.png,10,,,1,30554,2,2
32011,黑晶石,blocks/blackcrystal.png,10,,,1,30555,2,2
32012,蓝莓草块,blocks/blueberrygrass_bottom.png,10,,,1,30556,2,2
32013,蓝莓土块,blocks/blueberrygrass_top.png,10,,,1,30557,2,2
32014,凝浆块,blocks/condensation.png,10,,,1,30558,2,2
32015,萌眼星草块,blocks/cosmicgrass_top.png,10,,,1,30559,2,2
32016,硫黄晶砂,blocks/hotcrystal.png,10,,,1,30560,2,2
32017,铁矿,blocks/iron_ore.png,10,,,1,30561,2,2
32018,魔古岩,blocks/mogu_stone.png,10,,,1,30562,2,2
32019,青石,blocks/moss_rock.png,10,,,1,30563,2,2
32020,草木灰方块,blocks/plantash.png,10,,,1,30564,2,2
32021,红土耕地,blocks/redarableland_dry.png,10,,,1,30565,2,2
32022,红土耕地,blocks/redarableland_side_dry.png,10,,,1,30566,2,2
32023,红土,blocks/redsoil_top.png,10,,,1,30567,2,2
32024,红沙,blocks/red_sand.png,10,,,1,30568,2,2
32025,深积岩,blocks/sedimentaryrock_side.png,10,,,1,30569,2,2
32026,深积岩,blocks/sedimentaryrock_top.png,10,,,1,30570,2,2
32027,风蚀岩,blocks/winderosion_stone_side.png,10,,,1,30571,2,2
32028,风蚀岩,blocks/winderosion_stone_top.png,10,,,1,30572,2,2
32029,咒岩,blocks/cursestone.png,10,,,1,30573,2,2
32030,土块,blocks/dirt.png,10,,,1,30574,2,2
32031,旱土,blocks/drysoil.png,10,,,1,30575,2,2
32032,坚固的冰,blocks/eternal_ice.png,10,,,1,30576,2,2
32033,灼沙,blocks/flame_sand.png,10,,,1,30577,2,2
32034,灼沙,blocks/flame_sand_emi.png,10,,,1,30578,2,2
32035,冻土,blocks/freezesoil.png,10,,,1,30579,2,2
32036,凝能块,blocks/gashydrate_block.png,10,,,1,30580,2,2
32037,巨布鲁果,blocks/giantbluefruit_side.png,10,,,1,30581,2,2
32038,巨鳞羽果,blocks/giantscalyfruit_side.png,10,,,1,30582,2,2
32039,长草的土块,blocks/grass_top.png,10,,,1,30583,2,2
32040,碎石堆,blocks/gravel.png,10,,,1,30584,2,2
32041,脆冰,blocks/ice.png,10,,,1,30585,2,2
32042,脆冰,blocks/ice_snow_top.png,10,,,1,30586,2,2
32043,脆冰棱,blocks/icicle.png,10,,,1,30587,2,2
32044,坚固冰棱,blocks/icicle1.png,10,,,1,30588,2,2
32045,无叶珍木,blocks/leafless_planet_trees.png,10,,,1,30589,2,2
32046,珍木,blocks/leafy_planet_trees.png,10,,,1,30590,2,2
32047,乔木原木,blocks/log_arbor.png,10,,,1,30591,2,2
32048,粗白杨木树枝,blocks/log_birch.png,10,,,1,30592,2,2
32049,粗落叶松树枝,blocks/log_cathaya.png,10,,,1,30593,2,2
32050,椰树原木,blocks/log_coconut.png,10,,,1,30594,2,2
32051,粗樱桃木树枝,blocks/log_fruittree.png,10,,,1,30595,2,2
32052,雨林之芯乔木,blocks/log_marrowarbor.png,10,,,1,30596,2,2
32053,雨林之芯乔木,blocks/log_marrowarbor_emi.png,10,,,1,30597,2,2
32054,粗桃花树树枝,blocks/log_peachblossom.png,10,,,1,30598,2,2
32055,菲比原木,blocks/log_phoebe.png,10,,,1,30599,2,2
32056,胡杨原木,blocks/log_populus.png,10,,,1,30600,2,2
32057,胡杨原木,blocks/log_populus_dead.png,10,,,1,30601,2,2
32058,粗红杉木树枝,blocks/log_redwood.png,10,,,1,30602,2,2
32059,神圣树干,blocks/log_sacredtree.png,10,,,1,30603,2,2
32060,粗核桃树树枝,blocks/log_walnut.png,10,,,1,30604,2,2
32061,现代半砖,blocks/modern_half_brick_top.png,10,,,1,30605,2,2
32062,突变体孔隙树叶,blocks/mutant_spores_leaves.png,10,,,1,30606,2,2
32063,变异的植物杆,blocks/mutant_trunk.png,10,,,1,30607,2,2
32064,黄沙,blocks/new_sand.png,10,,,1,30608,2,2
32065,石油块,blocks/rock_oil.png,10,,,1,30609,2,2
32066,黄沙,blocks/sand.png,10,,,1,30610,2,2
32067,砂土,blocks/sandstone_top.png,10,,,1,30611,2,2
32068,星能块,blocks/starenergy_block.png,10,,,1,30612,2,2
32069,岩石,blocks/stone.png,10,,,1,30613,2,2
32070,硫黄岩,blocks/sulfur_stone.png,10,,,1,30614,2,2
32071,地心基石,blocks/ultrastone.png,10,,,1,30615,2,2
32072,基石-混凝土,blocks/ultrastone_cement.png,10,,,1,30616,2,2
32073,基石-裂土,blocks/ultrastone_crackedsoil.png,10,,,1,30617,2,2
32074,白色基石,blocks/ultrastone_crackedstone.png,10,,,1,30618,2,2
32075,基石-坚冰,blocks/ultrastone_ice.png,10,,,1,30619,2,2
32076,土砖,blocks/adobe.png,10,,,1,30620,2,2
32077,地板,blocks/board_cathaya.png,10,,,1,30621,2,2
32078,秋叶橙地板,blocks/board_fruittree.png,10,,,1,30622,2,2
32079,海棠红地板,blocks/board_redwood.png,10,,,1,30623,2,2
32080,黄铜竖薄板,blocks/brass_block.png,10,,,1,30624,2,2
32081,水泥砖竖薄板,blocks/brick.png,10,,,1,30625,2,2
32082,粗制石砖,blocks/brick_rough.png,10,,,1,30626,2,2
32083,焦糖块,blocks/caramel.png,10,,,1,30627,2,2
32084,车身方块,blocks/cheshen.png,10,,,1,30628,2,2
32085,中式半砖,blocks/china_half_brick_side.png,10,,,1,30629,2,2
32086,中式半砖,blocks/china_half_brick_top.png,10,,,1,30630,2,2
32087,简约砖,blocks/furniture_brick_side.png,10,,,1,30631,2,2
32088,简约半砖,blocks/furniture_half_brick_side.png,10,,,1,30632,2,2
32089,简约墙砖,blocks/furniture_wall_side.png,10,,,1,30633,2,2
32090,简约墙砖,blocks/furniture_wall_top.png,10,,,1,30634,2,2
32092,釉面砖,blocks/glazed_tile.png,10,,,1,30635,2,2
32093,横格釉面砖,blocks/glazed_tile_1.png,10,,,1,30636,2,2
32094,竖格釉面砖,blocks/glazed_tile_2.png,10,,,1,30637,2,2
32095,四格釉面砖,blocks/glazed_tile_3.png,10,,,1,30638,2,2
32096,不规则釉面砖,blocks/glazed_tile_4.png,10,,,1,30639,2,2
32097,绿色玻璃,blocks/green_glazed.png,10,,,1,30640,2,2
32098,硬质玻璃块,blocks/hardglass_normal.png,10,,,1,30641,2,2
32099,草垛,blocks/hay_block_top.png,10,,,1,30642,2,2
32100,烧焦的蜂蜜,blocks/honey_scorch.png,10,,,1,30643,2,2
32101,星瞳石块,blocks/horascopper_block.png,10,,,1,30644,2,2
32102,冰砖,blocks/ice_brick.png,10,,,1,30645,2,2
32103,红外感应方块,blocks/infrared_side.png,10,,,1,30646,2,2
32105,秘银竖薄板,blocks/mithsilver_block.png,10,,,1,30647,2,2
32106,柠檬黄竖薄板,blocks/planks_arbor.png,10,,,1,30648,2,2
32107,竹板竖薄板,blocks/planks_bamboo.png,10,,,1,30649,2,2
32108,象牙白竖薄板,blocks/planks_birch.png,10,,,1,30650,2,2
32109,秋叶橙竖薄板,blocks/planks_cathaya.png,10,,,1,30651,2,2
32110,浅苍灰竖薄板,blocks/planks_coconut.png,10,,,1,30652,2,2
32111,竖薄板,blocks/planks_fruittree.png,10,,,1,30653,2,2
32112,苍石灰竖薄板,blocks/planks_leafless.png,10,,,1,30654,2,2
32113,苍石灰木板,blocks/planks_leafy.png,10,,,1,30655,2,2
32114,胭脂红竖薄板,blocks/planks_peachblossom.png,10,,,1,30656,2,2
32115,落日橙竖薄板,blocks/planks_phoebe.png,10,,,1,30657,2,2
32116,胡杨木板,blocks/planks_populus.png,10,,,1,30658,2,2
32117,海棠红竖薄板,blocks/planks_redwood.png,10,,,1,30659,2,2
32118,深栗红竖薄板,blocks/planks_walnut.png,10,,,1,30660,2,2
32119,漂浮的木板,blocks/plank_floating.png,10,,,1,30661,2,2
32120,草木灰方块,blocks/plantash_farmland.png,10,,,1,30662,2,2
32121,砖墙,blocks/qiangti1.png,10,,,1,30663,2,2
32122,礁石,blocks/reef_1.png,10,,,1,30664,2,2
32123,石质竖薄板,blocks/rock.png,10,,,1,30665,2,2
32124,黄砖楼梯,blocks/sandstone_normal.png,10,,,1,30666,2,2
32125,精制黄砖板,blocks/sand_brick.png,10,,,1,30667,2,2
32126,粗制黄砖板,blocks/sand_slate.png,10,,,1,30668,2,2
32127,锈秘银板,blocks/sf_old_01.png,10,,,1,30669,2,2
32128,条纹锈秘银板,blocks/sf_old_02_side.png,10,,,1,30670,2,2
32129,星能锈秘银块,blocks/sf_old_04_side.png,10,,,1,30671,2,2
32130,厚秘银板,blocks/sf_silvery01.png,10,,,1,30672,2,2
32131,双层秘银板,blocks/sf_silvery02.png,10,,,1,30673,2,2
32132,花纹云母块,blocks/silica_block_chiseled_top.png,10,,,1,30674,2,2
32133,竖纹云母块,blocks/silica_block_lines_top.png,10,,,1,30675,2,2
32134,云母楼梯,blocks/silica_block_top.png,10,,,1,30676,2,2
32135,精制石砖竖薄板,blocks/stonebrick.png,10,,,1,30677,2,2
32136,裂纹石砖,blocks/stonebrick_cracked.png,10,,,1,30678,2,2
32137,青石岩砖,blocks/stonebrick_mossy.png,10,,,1,30679,2,2
32138,青石薄板,blocks/stone_slab_top.png,10,,,1,30680,2,2
32139,巧克力砖,blocks/sugar2_side.png,10,,,1,30681,2,2
32140,硫黄砖竖薄板,blocks/sulfur_brick.png,10,,,1,30682,2,2
32141,基石-钢板,blocks/ultrastone_weldingplate.png,10,,,1,30683,2,2
32142,区域复制方块,blocks/areacopy.png,10,,,1,30684,2,2
32143,区域复制方块,blocks/areacopy_off.png,10,,,1,30685,2,2
32144,区域复制方块,blocks/areacopy_on.png,10,,,1,30686,2,2
32145,黑白纹砖,blocks/Black_white.png,10,,,1,30687,2,2
32146,方块复制器,blocks/blockclear.png,10,,,1,30688,2,2
32147,方块复制器,blocks/blockcopy_off.png,10,,,1,30689,2,2
32148,方块复制器,blocks/blockcopy_on.png,10,,,1,30690,2,2
32149,中式墙砖,blocks/china_wall_side.png,10,,,1,30691,2,2
32150,触碰方块,blocks/colliderblock1.png,10,,,1,30692,2,2
32151,生物触碰方块,blocks/colliderblock2.png,10,,,1,30693,2,2
32152,球触碰方块,blocks/colliderblock3.png,10,,,1,30694,2,2
32153,物理触碰方块,blocks/colliderblock4.png,10,,,1,30695,2,2
32154,触碰方块5,blocks/colliderblock5.png,10,,,1,30696,2,2
32155,触碰方块5,blocks/colliderblock5_emi.png,10,,,1,30697,2,2
32156,棕色纹砖,blocks/color_brick.png,10,,,1,30698,2,2
32157,萌眼星云团,blocks/cosmiccloud.png,10,,,1,30699,2,2
32158,棉花块,blocks/cotton_colored_1.png,10,,,1,30700,2,2
32159,棉花块,blocks/cotton_colored_2.png,10,,,1,30701,2,2
32160,棉花块,blocks/cotton_colored_4.png,10,,,1,30702,2,2
32161,炽炎竖薄板,blocks/flamecrystal_block.png,10,,,1,30703,2,2
32164,蓝色条纹瓷砖,blocks/floor_blue1.png,10,,,1,30704,2,2
32165,蓝色条纹瓷砖,blocks/floor_blue2.png,10,,,1,30705,2,2
32166,纯白釉面瓷砖,blocks/floor_milkwhite.png,10,,,1,30706,2,2
32167,浅色几何瓷砖,blocks/floor_white.png,10,,,1,30707,2,2
32168,杏色宫廷瓷砖,blocks/floor_yellow.png,10,,,1,30708,2,2
32169,荧光晶块,blocks/glowstone2.png,10,,,1,30709,2,2
32170,紫荧石块,blocks/gravityblock.png,10,,,1,30710,2,2
32171,静态剧毒,blocks/highlyvenom_still.png,10,,,1,30711,2,2
32172,空的蜂巢,blocks/hive_empty.png,10,,,1,30712,2,2
32173,满的蜂巢,blocks/hive_full.png,10,,,1,30713,2,2
32174,结晶的蜂蜜,blocks/honey_crystal.png,10,,,1,30714,2,2
32175,蜂蜜块,blocks/honey_water.png,10,,,1,30715,2,2
32176,霜火石块,blocks/ice_crystal_block.png,10,,,1,30716,2,2
32177,缠丝玛瑙块,blocks/kyanite_block.png,10,,,1,30717,2,2
32178,琥珀块,blocks/malachite_block.png,10,,,1,30718,2,2
32179,镜冰,blocks/sf_blue01.png,10,,,1,30719,2,2
32180,旧秘银块,blocks/sf_metel01.png,10,,,1,30720,2,2
32181,竖纹秘银板,blocks/sf_metel02_side.png,10,,,1,30721,2,2
32182,紫线秘银块,blocks/sf_purple_side.png,10,,,1,30722,2,2
32183,泡沫块,blocks/sponge.png,10,,,1,30723,2,2
32184,星能块,blocks/starenergy_block_emi.png,10,,,1,30724,2,2
32185,白色星光孢子块,blocks/starmashroom.png,10,,,1,30725,2,2
32186,停气块,blocks/stop_air.png,10,,,1,30726,2,2
32187,钛合金竖薄板,blocks/titanium_block.png,10,,,1,30727,2,2
32188,钨金块,blocks/tungstengold_block.png,10,,,1,30728,2,2
32189,西域砖,blocks/western_brick_side.png,10,,,1,30729,2,2
32190,水泥块,blocks/cement_normal.png,10,,,1,30730,2,2
33000,低级未丰硕果实,items/low_undersized_fruit.png,1,,,1,1,1,1
33001,中级未丰硕果实,items/medium_undersized_fruit.png,1,,,1,1,1,1
33002,高级未丰硕果实,items/high_undersized_fruit.png,1,,,1,1,1,1
33003,信标1,iconxb2,1,common,,1,1,1,1
33004,信标2,iconxb,1,common,,1,1,1,1
33005,箭头,iconarrow1,1,common,,1,1,1,1
33006,箭头2,iconarrow2,1,common,,1,1,1,1
33007,敌对图标,iconboss,1,common,,1,1,1,1
33008,物品图标,iconfk,1,common,,1,1,1,1
33009,友方图标,iconfrends,1,common,,1,1,1,1
