id,枚举名称,枚举类型,枚举类型名,属性类型（在本表中每新增一个新条目顺序向下加一，枚举名称相同归为一类）,备注
ID,EnumName,Type,,AttType,
100101,基础速度,1,速度类型,1001,
100102,奔跑速度,1,速度类型,1002,
100103,游泳速度,1,速度类型,1003,
100104,潜行速度,1,速度类型,1004,
100201,生命值,2,属性类型,1006,
100202,饥饿度,2,属性类型,1007,
100203,温度,2,属性类型,1073,
100204,金币数量,2,属性类型,,
100301,近战伤害,3,伤害类型,1008,
100302,远程伤害,3,伤害类型,1009,
100303,爆炸伤害,3,伤害类型,1010,
100304,燃烧伤害,3,伤害类型,1011,
100305,毒素伤害,3,伤害类型,1012,
100306,混乱伤害,3,伤害类型,1013,
100307,对精英的伤害,3,伤害类型,1014,
100308,对野兽的伤害,3,伤害类型,1015,
100309,对玩家的伤害,3,伤害类型,1016,
100310,对野人的伤害,3,伤害类型,1017,
100311,所有伤害,3,伤害类型,1018,
100313,冰冻伤害,3,伤害类型,1076,
100314,对僵尸的伤害,3,伤害类型,1081,
100315,枪械伤害,3,伤害类型,1106,
100401,受到近战伤害,4,受伤类型,1019,
100402,受到远程伤害,4,受伤类型,1020,
100403,受到爆炸伤害,4,受伤类型,1021,
100404,受到燃烧伤害,4,受伤类型,1022,
100405,受到毒素伤害,4,受伤类型,1023,
100406,受到混乱伤害,4,受伤类型,1024,
100407,受到精英的伤害,4,受伤类型,1025,
100408,受到野兽的伤害,4,受伤类型,1026,
100409,受到玩家的伤害,4,受伤类型,1027,
100410,受到野人的伤害,4,受伤类型,1028,
100411,受到跌落伤害,4,受伤类型,1029,
100412,受到所有伤害,4,受伤类型,1030,
100413,受到冰冻伤害,4,受伤类型,1077,
100414,受到僵尸的伤害,4,受伤类型,1082,
100501,近战防御,5,防御力类型,1031,
100502,远程防御,5,防御力类型,1032,
100503,爆炸防御,5,防御力类型,1033,
100504,燃烧抗性,5,防御力类型,1034,
100505,毒素抗性,5,防御力类型,1035,
100506,混乱抗性,5,防御力类型,1036,
100507,所有防御力,5,防御力类型,1037,
100508,冰冻抗性,5,防御力类型,1078,
100509,元素防御,5,防御力类型,1104,
100510,物理防御,5,防御力类型,1105,
100601,挖掘,6,幸运类型,1038,
100602,狩猎,6,幸运类型,1039,
100701,全身,7,身体部位,1040,
100702,头部,7,身体部位,1041,
100801,水下,8,环境,1042,
100802,太空,8,环境,1043,
100901,近战攻击,9,攻击力类型,1044,
100902,远程攻击,9,攻击力类型,1045,
100903,爆炸攻击,9,攻击力类型,1046,
100904,燃烧攻击,9,攻击力类型,1047,
100905,毒素攻击,9,攻击力类型,1048,
100906,混乱攻击,9,攻击力类型,1049,
100907,所有攻击力,9,攻击力类型,1050,
100908,冰冻攻击力,9,攻击力类型,1079,
101001,近战伤害,10,属性伤害,1019,
101002,远程伤害,10,属性伤害,1020,
101003,爆炸伤害,10,属性伤害,1021,
101004,燃烧伤害,10,属性伤害,1022,
101005,毒素伤害,10,属性伤害,1023,
101006,混乱伤害,10,属性伤害,1024,
101007,真实伤害,10,属性伤害,1051,
101008,冰冻伤害,10,属性伤害,1077,
101101,体力值,11,体力类型,1052,
101102,拓展体力值,11,体力类型,1053,
101201,所有体力消耗行为,12,玩家体力消耗行为类型,1054,
101202,奔跑,12,玩家体力消耗行为类型,1055,
101203,游泳,12,玩家体力消耗行为类型,1056,
101204,奔跑跳跃,12,玩家体力消耗行为类型,1057,
101205,挖掘方块,12,玩家体力消耗行为类型,1058,
101206,使用工具蓄力,12,玩家体力消耗行为类型,1059,
101301,所有体力恢复状态,13,玩家体力恢复行为类型,1060,
101302,静止,13,玩家体力恢复行为类型,1061,
101303,行走,13,玩家体力恢复行为类型,1062,
101304,潜行,13,玩家体力恢复行为类型,1063,
101305,二段跳,13,玩家体力恢复行为类型,1064,
101401,剧烈运动,14,玩家剧烈运动行为类型,1065,
101402,奔跑跳跃,14,玩家剧烈运动行为类型,1068,
101403,挖掘方块,14,玩家剧烈运动行为类型,1069,
101404,使用工具蓄力,14,玩家剧烈运动行为类型,1070,
101405,二段跳,14,玩家剧烈运动行为类型,1071,
101406,攻击,14,玩家剧烈运动行为类型,1072,
101501,低温,15,温度类型,1074,
101502,高温,15,温度类型,1075,
101601,全部,16,液体方块类型,,
101602,水方块,16,液体方块类型,,
101603,流沙方块,16,液体方块类型,,
101604,蜂蜜方块,16,液体方块类型,,
101605,岩浆方块,16,液体方块类型,,
101701,所有,17,食物类型,,
101702,生的,17,食物类型,,
101703,烤的,17,食物类型,,
101704,煮的,17,食物类型,,
101705,药品,17,食物类型,,
101801,所有,18,恢复属性类型,,
101802,生命值,18,恢复属性类型,,
101803,体力值,18,恢复属性类型,,
101804,护盾,18,恢复属性类型,,
101805,毅力,18,恢复属性类型,,
101806,氧气,18,恢复属性类型,,
102001,枪械伤害,20,枪械属性,1083,
102002,击退距离,20,枪械属性,1084,
102003,弹片数量,20,枪械属性,1085,
102004,消耗子弹数,20,枪械属性,1086,
102005,当前弹匣子弹数,20,枪械属性,,
102101,枪械伤害,21,枪械属性,1087,
102102,穿透率,21,枪械属性,1088,
102103,换弹速度,21,枪械属性,1089,
102104,后坐力,21,枪械属性,1090,
102105,垂直后坐力,21,枪械属性,1091,
102106,水平后坐力,21,枪械属性,1092,
102107,精准度,21,枪械属性,1093,
102108,腰射精准度,21,枪械属性,1094,
102109,瞄准精准度,21,枪械属性,1095,
102110,枪械腰射移动速度,21,枪械属性,1096,
102111,枪械瞄准移动速度,21,枪械属性,1097,
102112,枪械头部伤害,21,枪械属性,1098,
102113,瞄准时间,21,枪械属性,1099,
102114,射速,21,枪械属性,1100,
102201,枪械命中buff,22,,1101,
102202,枪械skillid修改,22,,1102,
102203,枪械投掷物id修改,22,,1103,
102401,当前子弹数量,19,枪械属性,,
102301,最大法力值,23,法力值类型,1107,
102501,法力值基础恢复速度,25,法力值基础恢复速度,1108,
102601,施法冷却时间,26,施法冷却时间,1109,
102701,法力消耗,27,法力消耗,1110,
