能力ID,能力名称,图标,技能分类（1特性技能，2普通技能）,技能文件名（需要lua逻辑支持时才填，名字罗列于技能模板.xlsx）,描述,效果ID,效果值1,效果名称1,效果值2,效果名称2,效果值3,效果名称3,效果值4,效果名称4,效果值5,效果名称5,效果值6,效果名称6,效果值7,效果名称7,特效1,特效2,特效3,音效1,音效2,音效3,备注,
ID,Name,Icon,SkillType,ScriptName,Desc,EffectID,Effect1,EffectDesc1,Effect2,EffectDesc2,Effect3,EffectDesc3,Effect4,EffectDesc4,Effect5,EffectDesc5,Effect6,EffectDesc6,Effect7,EffectDesc7,SkillEffectName1,SkillEffectName2,SkillEffectName3,Sound1,Sound2,Sound3,,
1,坐骑宝宝,8,1,,拥有这个技能的坐骑，在地图中玩一段时间后，会产出1个坐骑宝宝，可以送给房间中的其他小伙伴。,1,,,,,,,,,,,,,,,,,,,,,,
2,冲刺,7,1,,蓄力期间移动速度增加30%。,2,30,,,,,,,,,,,,,,,,,,,,,
3,踏水,2,1,,可以在水面上快速行走，但不可以在水面上跳跃。,3,,,,,,,,,,,,,,,,,,,,,,
4,超跳,6,1,,拥有超强的跳跃能力。,,,,,,,,,,,,,,,,,,,,,,,
5,滑翔,glide,1,,可以在空中乘风滑翔。,5,,,,,,,,,,,,,,,,,,,,,,
6,炎走,firerun,1,,可以在岩浆表面行走。,,,,,,,,,,,,,,,,,,,,,,,
7,疾冲,jumpsprint,1,,跳跃后在空中按下跳跃键，会往面朝方向疾速冲刺。,,370,,,,,,,,,,,,,,,,,,,,,
9,双骑,9,1,,可以乘载两名乘客，带上你的小伙伴吧~,6,2,,,,,,,,,,,,,,,,,,,,,
10,蹦跃,1,1,,可以不断使用跳跃键向上飞，但下坠得特别快哦。,,14,,75,,19,,15,,0.66,,0.66,,2,,,,,,,,,
11,顽强,10,1,,拥有较高的生命力。,,,,,,,,,,,,,,,,,,,,,,,
12,浮水,12,1,,可以浮在水面。,,,,,,,,,,,,,,,,,,,,,,,
13,潜泳,13,1,,可以潜入水中遨游。,,,,-1,,30,,,,,,,,,,,,,,,,,
14,激流,14,1,,在水中按下跳跃键，会往面朝方向疾速突进。,,15,,4,,2,,,,,,,,,,,,,,,,,
15,汽车人突击,15,1,,向前冲刺撞击。,,3,,5,,4,,0.2,,,,,,,,,,,,,,cd时间，攻击点数，格子数，镜头抖动的时间,
16,霸天虎导弹,16,1,,直线发射导弹。,7,3,,0.8,,12299,,250,,85,,0.1,,,,,,,,,,cd时间，力量(决定发射速度)，物品id（子弹），初始位置往前的偏移，初始位置向上的偏移，镜头抖动的时间,
17,黄蜂突刺,17,1,,向前冲刺一段时间。,8,6,,1.5,,30,,1.5,,,,,,,,,,,,,,cd时间，持续时间，加速速度，镜头抖动时间,
18,飞扑,18,1,,长按跳跃键蓄满力，跳跃落地时对前方生物施加减速buff。,,5,,5,,,,,,,,,,,,,,,,,,格子数，减速时间（秒），,
19,威慑,19,1,,长按跳跃键蓄满力，跳跃落地时可以短距离击退前方生物。,,5,,3,,,,,,,,,,,,,,,,,,格子数，击退距离，,
20,漂浮,20,1,,可以漂浮在空中进行短距离飞行，下落过程不会掉血。,9,16,,-24,,2,,15,,9,,20,,0.1,,,,,,,,,
21,飞行,21,1,,可以在空中飞行一段距离，下落过程不会掉血。,,16,,-24,,5,,15,,9,,20,,0.1,,,,,,,,上升速度，下降速度，蓄满力后上升时间（s），前进加速，后退减速，平移速度，转向速度比例（0-1，数值越小转向越慢）,
22,双骑,22,1,,可以乘载两名乘客，带上你的小伙伴吧~,,,,,,,,,,,,,,,,,,,,,,,
23,能量盾,23,1,,可以形成一个能量盾保护你和你的同伴。,,50,,25,,,,,,,,,,,,,,,,,,生命值，冷却时间s,
24,单骑,24,1,,可以乘载一名乘客。,,,,,,,,,,,,,,,,,,,,,,,
25,空中警报,25,1,,可以在空中飞行一段距离，下落过程不会掉血。,9,15,,-8,,0.8,,10,,7,,18,,0.1,,,,,,,,,
26,红色闪电,26,1,,向前冲刺一段时间。,8,6,,1.5,,30,,1.5,,,,,,,,,,,,,,cd时间，持续时间，加速速度，镜头抖动时间,
27,聚变激光,27,1,,直线发射导弹。,7,3,,0.8,,12299,,250,,170,,0.1,,,,,,,,,,cd时间，力量(决定发射速度)，物品id（子弹），初始位置往前的偏移，初始位置向上的偏移，镜头抖动的时间,
28,炎狱火,28,1,,点击攻击键可喷出火焰，对前方生物施加灼烧debuff。,10,30,,5,,3,,70,,,,,,,,,,,,,,技能CD，技能距离，技能高度，技能扇形角度,
29,幽冥火,29,1,,点击攻击键可喷出火焰，对前方生物施加灼烧debuff。,10,30,,5,,3,,70,,,,,,,,,,,,,,技能CD，技能距离，技能高度，技能扇形角度,
30,振翅,30,1,,长按跳跃键可以在空中进行短距离飞行，下落过程不会掉血。,9,16,,-24,,2,,15,,9,,20,,0.1,,,,,,,,,
31,展翼,31,1,,长按跳跃键可以在空中进行较长距离飞行，下落过程不会掉血。,9,16,,-24,,5,,15,,9,,20,,0.1,,,,,,,,,
32,暴龙咆哮,32,1,,点击攻击键咆哮，对前方生物施加减速buff。,10,30,,5,,3,,70,,,,,,,,,,,,,,技能CD，技能距离，技能高度，技能扇形角度,
33,迅捷之翼,33,1,,长按跳跃键可以在空中进行短距离飞行，下落过程不会掉血。,9,15,,-8,,0.8,,10,,7,,18,,0.1,,,,,,,,,
34,骨刺横扫,34,1,,点击攻击键可甩动尾部，对后方扇形区域生物造成3点伤害。,10,10,,4,,5,,180,,10,,,,,,,,,,,,技能CD，技能距离，技能高度，技能扇形角度，技能伤害,
35,星光,35,1,,向上发射一颗星星。,11,15,,12300,,60,,,,,,,,,,,,,,,,技能cd、投掷物id、发射角度,
36,月生,36,1,,长按跳跃键可以在空中进行短距离飞行，下落过程不会掉血。,9,15,,-24,,4,,15,,9,,20,,0.1,,,,,,,,,
37,时间告急,37,1,,向前急速奔跑一段时间。,8,6,,1.5,,30,,1.5,,,,,,,,,,,,,,cd时间，持续时间，加速速度，镜头抖动时间,
38,双骑,38,1,,可以乘载两名乘客，带上你的小伙伴吧~,,,,,,,,,,,,,,,,,,,,,,,
39,踏雪行,39,1,,可以踩着雪花在空中行走，下落过程不会掉血。,9,16,,-24,,2,,15,,9,,20,,0.1,,,,,,,,,
40,嘟嘟车冲啊,40,1,,使用可以发出车喇叭的声音，车前灯闪烁。,8,8,,3,,2,,1,,0,,,,,,,,,,,,cd时间，持续时间，加速速度，镜头抖动时间，音效循环,
41,五谷丰登,41,1,,使用后向四周投掷元宝、铜币，投掷时会短暂加速。,8,8,,3,,2,,1,,0,,,,,,,,,,,,cd时间，持续时间，加速速度，镜头抖动时间，音效循环,
42,四人同行,42,1,,可以乘载4名乘客，带上你的小伙伴吧。,6,4,,,,,,,,,,,,,,,,,,,,,
43,星河穿梭,44,1,,可以在空中飞行一段距离，下落过程不会掉血。,9,16,,-24,,5,,15,,9,,20,,0.1,,,,,,,,,
44,鲸之浮岛,43,1,,可以潜入水中遨游。,,,,-1,,30,,,,,,,,,,,,,,,,,
45,蛮牛之力震慑,45,1,,长按跳跃键蓄满力，跳跃落地时对前方生物施加减速buff。,,5,,5,,,,,,,,,,,,,,,,,,格子数，减速时间（秒），,
46,蛮牛之力强击,46,1,,长按跳跃键蓄满力，跳跃落地时可以短距离击退前方生物。,,5,,3,,,,,,,,,,,,,,,,,,格子数，击退距离，,
47,飞花,47,1,,可以在空中飞行一段距离，下落过程不会掉血。,9,12,,-25,,3,,12,,8,,15,,0.07,,,,,,,,,
48,惊鸿,48,1,,可以在空中飞行一段距离，下落过程不会掉血。,9,16,,-24,,5,,15,,9,,20,,0.1,,,,,,,,,
49,叶舞,49,1,,使用身边会飘散叶片。,8,10,,3,,2,,1,,0,,,,,,,,,,,,cd时间，持续时间，加速速度，镜头抖动时间，音效循环,
50,日轮,50,1,,使用获得一个可以吸收20伤害的护盾。,,20,,30,,,,,,,,,,,,,,,,,,防护盾生命值，冷却时间,
51,神光,51,1,,使用使玩家伤害提升5%。,12,1011001,,1012001,,30,,20,,0,,50,,3,,,,,,,,"buffid1，buffid2,cd时间，buff持续时间，使用者，半径，效果远程近战",
52,魔法烟花,52,1,,满足蓄力条件，跳跃落地时触发，坐骑周围会燃放烟花、播放音效。,,,,,,,,,,,,,,,,,,,,,,,
53,华丽烟花,53,1,,满足蓄力条件，跳跃落地时触发，坐骑周围会燃放精致华丽的烟花、播放音效。,,,,,,,,,,,,,,,,,,,,,,,
54,冲锋,54,1,,向前冲锋。,,3,,5,,4,,0.2,,,,,,,,,,,,,,cd时间，攻击点数，格子数，镜头抖动的时间,
55,冲击,55,1,,向前冲锋，并且可以短距离击退前方生物。,,3,,5,,4,,0.2,,3,,,,,,,,,,,,cd时间，攻击点数，格子数，镜头抖动的时间，击退距离,
56,悬空,56,2,BambooDragonFlyLv0,使用坐骑时，角色会离地悬空，同时自动播放螺旋桨旋转音效。,,,,,,,,,,,,,,,,,,,,,,,
57,贴地飞行,57,2,BambooDragonFlyLv1,可在低空飞行一段距离，下落过程按住跳跃键不会掉血。,,16,,-10,,0,,0,,330,,6,,1.5,,,,,,,,上升速度，下降速度，无，无，离起飞点高度，蓄力值恢复速度，蓄力值消耗速度,
58,离地飞行,58,1,,可在低空飞行更长一段距离，下落过程按住跳跃键不会掉血。,,16,,-10,,0,,0,,430,,6,,1,,,,,,,,上升速度，下降速度，无，无，离起飞点高度，蓄力值恢复速度，蓄力值消耗速度,
59,浮光掠羽,59,1,,使用后可召唤出3只小天鹅的虚影特效在坐骑周围绕圈游动。,,10,,,,,,,,,,,,,,,,,,,,cd时间,
60,天鹅湖,60,1,,可以潜入水中遨游。,,,,-1,,30,,,,,,,,,,,,,,,,,
61,曦光飞行,61,1,,可以在空中飞行一段距离，下落过程不会掉血。,,16,,-24,,5,,15,,9,,20,,0.1,,,,,,,,上升速度，下降速度，蓄满力后上升时间（s），前进加速，后退减速，平移速度，转向速度比例（0-1，数值越小转向越慢）,
62,超能光波,62,1,,战机会自动发射炫酷的光波。,,,,,,,,,,,,,,,,,,,,,,,
63,毁灭射线,63,1,,战机会自动发射炫酷的金红色光波。,,,,,,,,,,,,,,,,,,,,,,,
64,神圣光波,64,1,,战机会自动发射炫酷的光波。,,,,,,,,,,,,,,,,,,,,,,,
65,净化射线,65,1,,战机会自动发射炫酷的银紫色光波。,,,,,,,,,,,,,,,,,,,,,,,
66,凌云,66,1,,可以漂浮在空中进行短距离移动，下落过程不会掉血。,,16,,-24,,2,,15,,9,,20,,0.1,,,,,,,,,
67,破空,67,1,,可以在空中飞行一段距离，下落过程不会掉血。,,16,,-24,,5,,15,,9,,20,,0.1,,,,,,,,上升速度，下降速度，蓄满力后上升时间（s），前进加速，后退减速，平移速度，转向速度比例（0-1，数值越小转向越慢）,
68,时空跳跃,68,1,,点击使用键可以出现在所指方向的15格距离之外。,,8,,1,,15,,,,,,,,,,,,,,,,cd时间，技能前摇，闪现距离,
69,旋风,69,1,,使用后在车后方产生一个小型龙卷风跟随。,,10,,,,,,,,,,,,,,,,,,,,cd时间,
70,魔法泡泡,70,1,,周身会出现很多泡泡围绕。,,10,,,,,,,,,,,,,,,,,,,,cd时间,
71,风之翼,71,1,,可以在空中飞行一段距离，下落过程不会掉血。,,16,,-24,,5,,15,,9,,20,,0.1,,,,,,,,上升速度，下降速度，蓄满力后上升时间（s），前进加速，后退减速，平移速度，转向速度比例（0-1，数值越小转向越慢）,
72,魔法水流,72,1,,周身会出现蓝色水流围绕。,,10,,,,,,,,,,,,,,,,,,,,cd时间,
73,神奇眼泪,73,1,,可以形成一个能量盾。,,50,,25,,,,,,,,,,,,,,,,,,生命值，冷却时间s,
74,红芒,74,1,,周身出现持续环绕的红色光芒。,,,,,,,,,,,,,,,,,,,,,,,
75,金光,75,1,,周身出现持续环绕的金色光芒。,,,,,,,,,,,,,,,,,,,,,,,
76,蓝辉,76,1,,周身出现持续环绕的蓝色光芒。,,,,,,,,,,,,,,,,,,,,,,,
77,落英,77,1,,周身有小花飘落。,,,,,,,,,,,,,,,,,,,,,,,
78,蝶绕,78,1,,周身出现蝴蝶和花朵围绕。,,,,,,,,,,,,,,,,,,,,,,,
79,飞花,79,1,,周身有粉色花瓣和花朵飞落。,,,,,,,,,,,,,,,,,,,,,,,
80,扬帆,80,1,,点击跳跃键可以加速持续10秒。,,220001,,30,,,,,,,,,,,,,,,,,,buff id，cd时间（30s）,
81,初级召唤,81,1,,点击跳跃键会出现1个小灯神跟随。,,10,,5,,,,,,,,,,,,,,,,,,cd时间、持续时间,
82,中级召唤,82,1,,点击跳跃键会出现1个星灵灯神跟随。,,10,,5,,,,,,,,,,,,,,,,,,cd时间、持续时间,
83,高级召唤,83,1,,点击跳跃键会出现1个明珠灯神跟随。,,10,,5,,,,,,,,,,,,,,,,,,cd时间、持续时间,
84,神隐,84,1,,长按跳跃键可以进入隐身状态。,,15,,3,,,,,,,,,,,,,,,,,,cd时间，持续时间,
85,化灵,85,1,,周身会出现金色小齿轮。,,,,,,,,,,,,,,,,,,,,,,,
86,紫电,86,1,,周身会出现紫色闪电。,,,,,,,,,,,,,,,,,,,,,,,
87,狂风,87,1,,长按跳跃键蓄力可以召唤龙卷风吹飞前方的生物。,,230001,,10,,5,,2,,2,,,,,,,,,,,,buff id，cd时间（10s），技能距离，技能宽度，技能高度,
88,扶摇,88,1,,点击跳跃键后在半空中再点击一次跳跃键可以盘旋飞上天空。,,20,,-17,,5,,15,,9,,20,,0.1,,,,,,,,上升速度，下降速度，蓄满力后上升时间（s），前进加速，后退减速，平移速度，转向速度比例（0-1，数值越小转向越慢）,
89,音浪,89,1,,周身带有镭射光效。,,,,,,,,,,,,,,,,,,,,,,,
90,电音,90,1,,周身带有炫彩闪电。,,,,,,,,,,,,,,,,,,,,,,,
91,节奏摇摆,91,2,JieZouYaoBai,长按跳跃键可以给自己和一定范围内的队友增加生命值。,,5,,4,,20,技能冷却时间,240001,,,,,,,,Note91,,,,,,半径、高度、cd、buff id,
9102,节奏摇摆,91,2,JieZouYaoBai,长按跳跃键可以给自己和一定范围内的队友增加生命值。,,5,,4,,19,技能冷却时间,240001,,,,,,,,Note91,,,,,,,
9103,节奏摇摆,91,2,JieZouYaoBai,长按跳跃键可以给自己和一定范围内的队友增加生命值。,,5,,4,,18,技能冷却时间,240001,,,,,,,,Note91,,,,,,,
9104,节奏摇摆,91,2,JieZouYaoBai,长按跳跃键可以给自己和一定范围内的队友增加生命值。,,5,,4,,17,技能冷却时间,240001,,,,,,,,Note91,,,,,,,
9105,节奏摇摆,91,2,JieZouYaoBai,长按跳跃键可以给自己和一定范围内的队友增加生命值。,,5,,4,,16,技能冷却时间,240001,,,,,,,,Note91,,,,,,,
9106,节奏摇摆,91,2,JieZouYaoBai,长按跳跃键可以给自己和一定范围内的队友增加生命值。,,5,,4,,15,技能冷却时间,240001,,,,,,,,Note91,,,,,,,
92,巨星驾到,92,2,JuXingJiaDao,长按跳跃键可以增加一定范围内友方的生命值，并且减少范围内怪物的生命值。,,5,,4,,20,,240001,,250001,,,,,,,,,,,,半径、高度、cd、buff id、debuff id,
93,花飞,93,1,,周身有花瓣飞舞。,,,,,,,,,,,,,,,,,,,,,,,
94,浮云,94,2,Fly,长按跳跃键可以在空中飞行一段距离。,,16,,-24,,5,,15,,9,,20,,0.1,,cloud94,,,,,,上升速度，下降速度，蓄满力后上升时间（s），前进加速，后退减速，平移速度，转向速度比例（0-1，数值越小转向越慢）,
95,玲珑,95,1,WalkOnWater,可以在水面上行走。,,20,,,,,,,,,,,,,,particles/cloud94.ent,,,,,,这个比较特殊：数值1配置老特效位置偏移做特殊处理,
96,清风,96,1,,周身有花瓣飞舞。,,,,,,,,,,,,,,,,,,,,,,,
97,舞扇,97,1,,周身有花瓣飞舞。,,,,,,,,,,,,,,,,,,,,,,,
98,摇曳,98,2,Fly,长按跳跃键可以在空中飞行一段距离。,,16,,-24,,5,,15,,9,,20,,0.1,,,,,,,,上升速度，下降速度，蓄满力后上升时间（s），前进加速，后退减速，平移速度，转向速度比例（0-1，数值越小转向越慢）,
99,迷醉幻象,99,2,MiZuiHuanXiang,点击使用键可以发动幻象法阵，法阵中的怪物会陷入昏迷。,,8,,4,,25,,230002,,3,,,,,,,,,,,,半径、高度、cd、buff id、技能中心位置（3格）,
100,福从天降,100,2,UsePlayEffect,点击使用键空中会掉落肉骨头。,,15,,,,,,,,,,,,,,,,,,,,cd,
101,蓝焰,101,1,,后方喷射出蓝色火焰。,,,,,,,,,,,,,,,,,,,,,,,
102,龙焰,102,1,,身上环绕着橙红火焰。,,,,,,,,,,,,,,,,,,,,,,,
103,帝皇炮,103,2,DiHuangJuAttack,朝目标位置发射异能量炮，对击中的怪物造成伤害。,,20,,0.8,,12308,,250,,85,,0.1,,,,,,,,,,cd时间，力量(决定发射速度)，物品id（子弹），初始位置往前的偏移，初始位置向上的偏移，镜头抖动的时间,
104,战龙翱翔,104,2,DiHuangJuFly,点击跳跃键后在半空中再点击一次跳跃键可以飞行升空，在空中可以自由翱翔。,,30,,18,,-24,,15,,9,,20,,0.1,,,,,,,,cd（30s），上升速度，下降速度，前进加速，后退减速，转向速度比例（0-1，数值越小转向越慢）,
105,祥瑞,105,1,,周身有金色光点和小元宝。,,,,,,,,,,,,,,,,,,,,,,,
106,瑞兽,106,1,,周身有升腾的云雾，且有光芒和金币在周围飘落。,,,,,,,,,,,,,,,,,,,,,,,
107,虎跃,107,2,HuYue,向前飞扑，对击中的怪物造成伤害。,,15,,10,伤害,3,,2,,,,,,,,,,,,,,cd时间，攻击点数，格子数，技能范围半径,
10702,虎跃,107,2,HuYue,向前飞扑，对击中的怪物造成伤害。,,15,,11,伤害,3,,2,,,,,,,,,,,,,,cd时间，攻击点数，格子数，技能范围半径,
10703,虎跃,107,2,HuYue,向前飞扑，对击中的怪物造成伤害。,,15,,12,伤害,3,,2,,,,,,,,,,,,,,cd时间，攻击点数，格子数，技能范围半径,
10704,虎跃,107,2,HuYue,向前飞扑，对击中的怪物造成伤害。,,15,,13,伤害,3,,2,,,,,,,,,,,,,,cd时间，攻击点数，格子数，技能范围半径,
10705,虎跃,107,2,HuYue,向前飞扑，对击中的怪物造成伤害。,,15,,14,伤害,3,,2,,,,,,,,,,,,,,cd时间，攻击点数，格子数，技能范围半径,
10706,虎跃,107,2,HuYue,向前飞扑，对击中的怪物造成伤害。,,15,,15,伤害,3,,2,,,,,,,,,,,,,,cd时间，攻击点数，格子数，技能范围半径,
108,虎啸山林,108,2,HuXiaoShanLin,长按跳跃键可以发出怒吼，对一定范围内的怪物造成伤害。,,10,,20,,270001,,,,,,,,,,,,,,,,技能范围半径（10），cd（20s），buff id,
109,流星,109,1,,周身飘散着粉色星星和蓝色星星。,,,,,,,,,,,,,,,,,,,,,,,
110,月华,110,1,,周身飘散着白色花朵和黄色荧光。,,,,,,,,,,,,,,,,,,,,,,,
111,祈愿,111,1,,周身飘散着粉色爱心和蓝色荧光。,,,,,,,,,,,,,,,,,,,,,,,
112,飞羽,112,2,Fly,长按跳跃键可以在空中飞行一段距离。,,16,,-24,,5,,15,,9,,20,,0.1,,,,,,,,上升速度，下降速度，蓄满力后上升时间（s），前进加速，后退减速，平移速度，转向速度比例（0-1，数值越小转向越慢）,
113,天佑,113,2,TianYou,受到致命伤害时会获得庇佑并增加生命值。,,30,,20,,40,,,,,,,,,,,,,,,,cd时间，触发技能最低生命值，治疗生命值,
114,风动,114,1,,周身飘落竹叶和流云。,,,,,,,,,,,,,,,,,,,,,,,
115,绘影,115,1,,周身会浮现江山虚影。,,,,,,,,,,,,,,,,,,,,,,,
116,自在逍遥,116,2,BeAttack,受到伤害时会增加移动速度。,,15,,220001,,,,,,,,,,,,,,,,,,cd时间，buff id,
117,千里江山,117,2,QianLiJiangShan,点击使用键可以召唤群山对前方的怪物造成伤害。,,20,,250001,,9,,8,,4,,,,,,,,,,,,cd时间，buff id，中心点距离，技能范围半径，高度,
118,星影,118,1,,周身环绕闪烁的粒子。,,,,,,,,,,,,,,,,,,,,,,,
119,圣辉,119,1,,周身环绕变换的光芒。,,,,,,,,,,,,,,,,,,,,,,,
120,卜梦,120,2,ChargeAddBuff,长按跳跃键可以施展魔法随机获得一个增益效果。,,20,,220001.31,,240001.31,,1013001.31,,1007001.07,,,,,,,,,,,,cd（20s），buff1 id_权重（220001_31），buff2 id_权重（240001_31），buff3 id_权重（1013001_31），buff4 id_权重（1007001_7）,
121,帝道,121,1,,剑穗会形成具象火焰。,,,,,,,,,,,,,,,,,,,,,,,
122,圣道,122,1,,周身带有流光火焰。,,,,,,,,,,,,,,,,,,,,,,,
123,御剑飞行,123,2,DiHuangJuFly2,点击跳跃键后在半空中再点击一次跳跃键可以飞行升空，在空中可以自由翱翔一段时间。,,30,,18,,-24,,15,,9,,20,,0.1,,,,,,,,cd（30s），上升速度，下降速度，前进加速，后退减速，转向速度比例（0-1，数值越小转向越慢）,
124,御剑双飞,124,2,RideAddBuff,可以与小伙伴一起乘坐，双人御剑还可以增加移动速度。,,220002,,,,,,,,,,,,,,Wings124,,,,,,buff id,
125,泡泡浴,125,1,,周身漂浮着泡泡。,,,,,,,,,,,,,,,,,,,,,,,
126,音符泡泡浴,126,1,,周身有泡泡和音符飞舞。,,,,,,,,,,,,,,,,,,,,,,,
127,梦游,127,1,WalkOnWater,可以漂浮在水面上。,,,,,,,,,,,,,,,,,,,,,,,
128,漂浮泡泡,128,2,ChargeAddBuff,长按跳跃键可以让身边的怪物被泡泡包裹漂浮在空中。,,8,,4,,2000001,,20,,,,,,,,,,,,,,范围半径（8），范围高度（4），buff id，cd（20s）,
129,卖萌,129,1,,周身飘散着许多爱心。,,,,,,,,,,,,,,,,,,,,,,,
130,浮梦,130,1,,周身会洒落赤色彼岸花。,,,,,,,,,,,,,,,,,,,,,,,
131,轻灵,131,2,Agility,点击跳跃键后在空中再点击一次跳跃键可以二段跳。,,160,跳跃高度,,,,,,,,,,,,,,,,,,,跳跃高度（160）,
13101,轻灵,131,2,Agility,点击跳跃键后在空中再点击一次跳跃键可以二段跳。,,163,跳跃高度,,,,,,,,,,,,,,,,,,,,
13102,轻灵,131,2,Agility,点击跳跃键后在空中再点击一次跳跃键可以二段跳。,,166,跳跃高度,,,,,,,,,,,,,,,,,,,,
13103,轻灵,131,2,Agility,点击跳跃键后在空中再点击一次跳跃键可以二段跳。,,169,跳跃高度,,,,,,,,,,,,,,,,,,,,
13104,轻灵,131,2,Agility,点击跳跃键后在空中再点击一次跳跃键可以二段跳。,,172,跳跃高度,,,,,,,,,,,,,,,,,,,,
13105,轻灵,131,2,Agility,点击跳跃键后在空中再点击一次跳跃键可以二段跳。,,175,跳跃高度,,,,,,,,,,,,,,,,,,,,
132,千幻,132,2,QianHuan,长按跳跃键可以让附近的怪物陷入幻境中互相攻击。,,8,,4,,20,,,,,,,,,,,,,,,,范围半径（8），范围高度（4），cd（20s）,
133,兜风,133,1,,周身飘散着喵咪脚印。,,,,,,,,,,,,,,,,,,,,,,,
134,飞沙,134,1,,周身飘散着沙粒。,,,,,,,,,,,,,,,,,,,,,,,
135,踏沙,135,2,StepOnDuststorm,乘坐后可以降低沙尘暴的伤害。,,0.6,,,,,,,,,,,,,,,,,,,,减伤比例（0.6）,
136,似锦,136,1,,周身飘散着白色的翎羽。,,,,,,,,,,,,,,,,,,,,,,,
137,浮翠,137,1,,周身飘散着绿色的翎羽。,,,,,,,,,,,,,,,,,,,,,,,
138,琳琅,138,1,,周身飘散着华丽的翎羽。,,,,,,,,,,,,,,,,,,,,,,,
139,徘徊,139,2,Hover,长按跳跃键可以在空中飞行一段距离。,,16,,-24,,5,,15,,9,,20,,0.1,,,,,,,,上升速度，下降速度，蓄满力后上升时间（s），前进加速，后退减速，平移速度，转向速度比例（0-1，数值越小转向越慢）,
140,雀之灵,140,2,NightSig,乘坐后视野亮度大幅提升，在黑夜也能看清身边的环境。,,50,,10,,,,,,,,,,,,,,,,,,视野亮度提升值,环境光照条件
141,流沙,141,1,,周身环绕着流淌出的金沙流心馅。,,,,,,,,,,,,,,,,,,,,,,,
142,灵樨,142,1,,周身飘散着金色桂花。,,,,,,,,,,,,,,,,,,,,,,,
143,浮月,143,1,WalkOnWater,可以漂浮在水面上。,,,,,,,,,,,,,,,,Cloud143,,,,,,漂浮高度,
144,打糕,144,2,DaGao,长按跳跃键可以随机生成一种食物道具。,,12530.1,,12531.1,,12551.1,,12552.1,,12553.1,,12554.1,,20,,,,,,,,道具id，道具数量，cd,
145,忘忧,145,1,,周身环绕着粉色铃兰花和点点光影,,,,,,,,,,,,,,,,,,,,,,,
146,无忧,146,1,,周身环绕着粉色铃兰花、点点光影和蝴蝶,,,,,,,,,,,,,,,,,,,,,,,
147,风铃,147,2,Fly,长按跳跃键可以在空中飞行一段距离。,,16,,-24,,5,,15,,9,,20,,0.1,,Cloud147,,,ent.4614.attack1,,,上升速度，下降速度，蓄满力后上升时间（s），前进加速，后退减速，平移速度，转向速度比例（0-1，数值越小转向越慢）,
148,香浮,148,1,,有超快的移动速度。,,,,,,,,,,,,,,,,,,,,,,,
149,滑行,149,2,,周身会有枫叶和光线随风而动。,,,,,,,,,,,,,,,,,,,,,,,
150,动力加速,150,2,Sprint,长按跳跃键可以向前冲刺一段距离。,,2,,20,,,,,,,,,,,,,,,,,,冲刺距离倍数（2），技能cd（20）,
151,飞行员,151,2,Pilot,双击跳跃键可持续低空飞行，但是不能在水面和岩浆上飞行，再次双击跳跃键可降落。,,4,,,,,,,,,,,,,,,,,,,,飞行高度（5）,
152,猪猪反击,152,2,Thorns,受到连续攻击时会将敌方的攻击伤害返还给敌方。,,180,,,,,,,,,,,,,,,,,,,,重置cd（180）,
153,烛光,153,1,,周身飘散着光点。,,,,,,,,,,,,,,,,,,,,,,,
154,飞跃,154,2,RabbitLeap,长按跳跃键可以蓄力跳跃更高。,,2.5,跳跃高度倍数,,,,,,,,,,,,,,,,,,,跳跃高度倍数（2.5）,
15402,飞跃,154,2,RabbitLeap,长按跳跃键可以蓄力跳跃更高。,,2.5,跳跃高度倍数,,,,,,,,,,,,,,,,,,,,
15403,飞跃,154,2,RabbitLeap,长按跳跃键可以蓄力跳跃更高。,,2.5,跳跃高度倍数,,,,,,,,,,,,,,,,,,,,
15404,飞跃,154,2,RabbitLeap,长按跳跃键可以蓄力跳跃更高。,,3,跳跃高度倍数,,,,,,,,,,,,,,,,,,,,
15405,飞跃,154,2,RabbitLeap,长按跳跃键可以蓄力跳跃更高。,,3,跳跃高度倍数,,,,,,,,,,,,,,,,,,,,
15406,飞跃,154,2,RabbitLeap,长按跳跃键可以蓄力跳跃更高。,,3,跳跃高度倍数,,,,,,,,,,,,,,,,,,,,
15407,飞跃,154,2,RabbitLeap,长按跳跃键可以蓄力跳跃更高。,,3.5,跳跃高度倍数,,,,,,,,,,,,,,,,,,,,
15408,飞跃,154,2,RabbitLeap,长按跳跃键可以蓄力跳跃更高。,,3.5,跳跃高度倍数,,,,,,,,,,,,,,,,,,,,
15409,飞跃,154,2,RabbitLeap,长按跳跃键可以蓄力跳跃更高。,,3.5,跳跃高度倍数,,,,,,,,,,,,,,,,,,,,
15410,飞跃,154,2,RabbitLeap,长按跳跃键可以蓄力跳跃更高。,,4,跳跃高度倍数,,,,,,,,,,,,,,,,,,,,
155,兔兔重击,155,2,RabbitCrack,在空中点击跳跃键可以快速落地破坏地面上的方块。,,10,,,,,,,,,,,,,,,,,,,,cd（10s）,
156,柔情,156,1,,周身环绕着星星光影和花瓣。,,,,,,,,,,,,,,,,,,,,,,,
157,粉漾,157,1,,周身环绕着星星光影、花瓣和浅粉色光带。,,,,,,,,,,,,,,,,,,,,,,,
158,游转幻境,158,2,Fly,长按跳跃键可以在空中飞行一段距离。,,18,,-24,,5,,15,,9,,20,,0.1,,,,,,,,上升速度，下降速度，蓄满力后上升时间（s），前进加速，后退减速，平移速度，转向速度比例（0-1，数值越小转向越慢）,
159,造梦空间,159,2,PinkSpace,在两个位置分别点击使用键可以设置双向传送阵。,,50,,180,,4,,30,,,,,,,,,,,,,,传送门范围上限（50），传送门生效时间（180s），传送次数上限（4），cd时间（30s）,
160,飘雪,160,1,,周身环绕着蓝色光芒和小雪花。,,,,,,,,,,,,,,,,,,,,,,,
161,寒冰领域,161,2,FreezingField,进入周边的怪物会被减速。,,8,,,,,,,,,,,,,,,,,,,,,
162,绝对零度,162,2,AbsoluteZero,长按跳跃键可以冰冻附近的怪物。,,8,,2001002,,20,,,,,,,,,,,,,,,,范围半径（8），buffid（2001002），cd（15）,
163,变形车出动,163,1,,周身飘散着火焰，身后会飘散尾气。,,,,,,,,,,,,,,,,,,,,,,,
164,许愿,164,1,,周身环绕着小星星。,,,,,,,,,,,,,,,,,,,,,,,
165,惊喜,165,2,Teleportation,长按跳跃键可以向前瞬移一段距离。,,10,,15,,,,,,,,,,,,,,,,,,移动的距离（6），技能cd（15）,
166,双骑,166,1,,可以与小伙伴一起乘坐。,,,,,,,,,,,,,,,,,,,,,,,
167,咕噜,167,1,,周身环绕着各种小小咕噜兽光点。,,,,,,,,,,,,,,,,,,,,,,,
168,奇迹能量,168,2,GuluEnergy,长按跳跃键可以随机生成一个生物蛋。,,13400.1,,13401.1,,13402.1,,13403.1,,13409.1,,13421.1,,15,,,,,,,,道具id，道具数量，cd,
169,扑腾一下,169,2,GuluPilot,双击跳跃键可持续低空飞行，但是不能在水面和岩浆上飞行，再次双击跳跃键可降落。,,4,,,,,,,,,,,,,,,,,,,,飞行高度（4）,
170,粽香,170,1,,周身飘散着精致小粽子。,,,,,,,,,,,,,,,,,,,,,,,
171,扬帆,171,1,WalkOnWater,可以漂浮在水面上。,,,,,,,,,,,,,,,,,,,,,,,
172,海钓,172,2,Fishing,在水面上长按跳跃键可以丢出粽子并获得一只海洋生物。,,13607.1,,13608.1,,13609.1,,13621.1,,13627.1,,13630.1,,15,,,,,,,,道具id，道具数量，cd,
173,云烟,173,1,,周身笼罩着缥缈的云烟。,,,,,,,,,,,,,,,,,,,,,,,
174,山中景,174,2,Cloudsea1,召唤坐骑可以提升挖掘速度。,,2005001,,,,,,,,,,,,,,,,,,,,buff id,
175,水月花,175,2,Cloudsea2,长按跳跃键可以随机召唤一个生物，该生物会主动攻击附近的怪物。,,3822,,3828,,3411,,3809,,8,,30,,40,,,,,,,,生物id（3105.3109.3132.3809），范围半径（8），生物存在时间（30s），cd时间（50s）,
176,甜梦,176,1,,周身笼罩着糖果、粒子和爱心。,,,,,,,,,,,,,,,,,,,,,,,
177,幻想,177,2,DearHoneyStrong,随着玩家生命值减少，玩家的攻击力会逐渐增加。,,20,,40,,60,,80,,90,,2006,,2007,,,,,,,,buff间隔的血量区间，buffid 2006001-2006005 和 2007001-2007005,
178,玩偶派对,178,2,DearHoneyColdResist,长按跳跃键可以召唤欢乐小熊，让玩家和坐骑都保持合适的体温。,,2008001,,30,,,,,,,,,,,,,,,,,,buffid，技能cd(10s),
179,奔腾,179,1,,脚上笼罩着蓝色气焰。,,,,,,,,,,,,,,,,,,,,,,,
180,星环,180,1,,身上有紫色光环转动。,,,,,,,,,,,,,,,,,,,,,,,
181,音律,181,1,,周身环绕着跳动的音符。,,,,,,,,,,,,,,,,,,,,,,,
182,逐月之音,182,1,,周身有跳动的紫金音符伴随着星月环绕。,,,,,,,,,,,,,,,,,,,,,,,
183,乐音,183,2,MusicBoxMoon,点击使用键可以加速并恢复生命值持续一段时间。,,220001,,2010001,,,,,,,,,,,,,,,ent.4663.attack1,,,加速buffid（220001），回血buffid（2010001）,
184,星穹之乐,184,2,MusicBoxStar,长按跳跃键可以让附近的怪物眩晕。,,8,,4,,25,,2011001,,,,,,,,,,,,,,技能作用半径（8格）、技能作用高度（4格），cd时间（25s），buff id（2011001）,
185,碧叶,185,1,,周身环绕着绿叶。,,,,,,,,,,,,,,,,,,,,,,,
186,绿茵庇护,186,1,,周身环绕着绿色能量及鲜花绿叶。,,,,,,,,,,,,,,,,,,,,,,,
187,森之祝福,187,2,ForestBlessings,点击使用键可以恢复生命值持续一段时间。,,2010002,,15,,,,,,,,,,,,,,,,,,回血buffid（2010002），cd（15）,
188,自然共鸣,188,2,NaturalResonances,长按跳跃键可以对附近的怪物造成伤害。,,8,,4,,25,,250001,,,,,,,,,,,,,,技能作用半径（8格）、技能作用高度（4格），cd时间（25s），buff id（250001）,
189,奇光,189,1,,周身闪烁着光点。,,,,,,,,,,,,,,,,,,,,,,,
190,海缎舞者,190,1,,周身闪烁着海洋生物的光影。,,,,,,,,,,,,,,,,,,,,,,,
191,珊瑚屏障,191,2,ConchShield,双击跳跃键可以获得一个抵御伤害的护盾。,,2012001,,15,,,,,,,,,,,,,,,,,,护盾buffid（2012001），cd（15）,
192,潮汐之怒,192,2,ConchAnger,长按跳跃键可以涌出浪花将附近的怪物击退。,,8,,4,,5,,4,,5,,,,,,sea192,light192,,,,,技能作用半径（8格）、技能作用高度（4格），cd时间（20s），击退距离（4），伤害（10）,
193,鲤灯,193,1,,周身散发着亮光。,,,,,,,,,,,,,,,,,,,,,,,
194,游灯鲤舞,194,1,,周身闪飘散着小锦鲤与光点。,,,,,,,,,,,,,,,,,,,,,,,
195,锦福屏幕,195,2,ClickAddBuff,双击跳跃键可获得一个护盾，抵御部分伤害。,,2012001,,15,,,,,,,,,,,,,,,,,,护盾buffid（2012001），cd（15）,
196,富锦祥舞,196,2,ChargeAddBuff,长按跳跃键可释放锦鲤之力，恢复一定的生命值。,,2010001,,15,,,,,,,,,,,,,,,,,,buffif（2010001），cd时间（15s）,
197,梦幻,197,1,,周身闪烁着光点。,,,,,,,,,,,,,,,,,,,,,,,
198,童梦旋舞,198,1,,周身环绕着翩翩起舞的童话小马。,,,,,,,,,,,,,,,,,,,,,,,
199,星光驰骋,199,2,ClickUseAddBuff,点击使用键可获短暂加速效果。,,220001,,15,,,,,,,,,,,,,,,,,,加速buffid（220001），cd（15）,
200,旋律共振,200,2,ChargeAddBuff,长按跳跃键可释放童话旋律，使周围的怪物陷入短暂昏迷状态。,,8,,4,,25,,2011001,,,,,,,,,,,,,,技能作用半径（8格）、技能作用高度（4格），cd时间（25s），buff id（2011001）,
201,一骑绝尘,201,1,,周身飘散着尘土。,,,,,,,,,,,,,,,,,,,,,,,
202,糖果攻击,202,1,,向四周投掷棒棒糖。,,,,,,,,,,,,,,,,,,,,,,,
203,虚幻之影,203,1,,周身飘散着平底锅虚影。,,,,,,,,,,,,,,,,,,,,,,,
204,绝望阴风,204,1,,周身会出现紫色的阴风。,,,,,,,,,,,,,,,,,,,,,,,
205,丹青,205,1,,周身飘落水墨丹青花瓣。,,,,,,,,,,,,,,,,,,,,,,,
206,一花一叶,206,1,,周身飘落着花瓣。,,,,,,,,,,,,,,,,,,,,,,,
207,明镜,207,2,Fly,长按跳跃键可以在空中飞行一段距离。,,18,,-24,,5,,15,,9,,20,,0.1,,attack1,,,,,,上升速度，下降速度，蓄满力后上升时间（s），前进加速，后退减速，平移速度，转向速度比例（0-1，数值越小转向越慢）,
208,无妄,208,2,Fertilize,点击使用键可以催熟前方的植物。,,11311,,3,,3,,1,,,,,,,,,,,,,,肥料道具id（62803），范围长度（3），范围宽度（3），冷却时间（10）,
209,叮叮,209,1,,周身散发着亮光。,,,,,,,,,,,,,,,,,,,,,,,
210,梦幻一刻,210,1,,身后跟随着彩虹拖尾。,,,,,,,,,,,,,,,,,,,,,,,
211,冲！冲！冲！,211,2,ClickAddBuff,双击跳跃键可释放购物激情，获得一段时间的加速效果。,,220001,,15,,,,,,,,,,,,,,,,,,,
212,预备！发射！,212,2,Shoot,长按跳跃键会掉落小鸡炸弹，对怪物造成一定伤害。,,8,,4,,25,,250001,,,,,,,,,,,,,,技能作用半径（8格）、技能作用高度（4格），cd时间（25s），buff id（250001）,
213,彩云逐梦,213,1,,周围环绕着朵朵白云。,,,,,,,,,,,,,,,,,,,,,,,
214,天际滑翔,214,2,Fly,长按跳跃键可以在空中飞行一段距离。,,16,,-24,,5,,15,,9,,20,,0.1,,,,,,,,上升速度，下降速度，蓄满力后上升时间（s），前进加速，后退减速，平移速度，转向速度比例（0-1，数值越小转向越慢）,
215,热浪震击,215,2,HeatShock,长按跳跃键向四周发射气流，对怪物造成一定伤害。,,8,,4,,25,,250001,,,,,,,,,,,,,,技能作用半径（8格）、技能作用高度（4格），cd时间（25s），buff id（250001）,
216,末日废土,216,1,,周围环绕着白色雾气和尘埃,,,,,,,,,,,,,,,,,,,,,,,
217,快速俯冲,217,2,Endairplane1,长按跳跃键可以向前方快速冲刺一段距离。,,18,,5,,,,,,,,,,,,,,,,,,冲刺距离（15格）,
218,导弹齐发,218,2,Endairplane2,点击使用键可以发射导弹，对周围的怪物造成一定伤害.,,12,,4,,25,,250001,,,,,,,,,,,,,,技能作用半径（8格）、技能作用高度（4格），cd时间（25s），buff id（250001）,
219,幽萤,219,1,,周围环绕着火焰和萤火。,,,,,,,,,,,,,,,,,,,,,,,
220,载货,220,2,UnloadAwakening1,点击使用键可以打开载货箱，取消召唤或坐骑死亡时，载货箱的物品会掉落在地上。,,10,,,,,,,,,,,,,,,,,,,,保险箱空间数量（10）,
221,觉醒,221,2,UnloadAwakening2,长按跳跃键后，可获得短暂加速效果并在移动痕迹上留下灼烧效果，对怪物造成一定伤害。,,25,,220001,,250001,,15,,,,,,,,,,,,,,cd时间（25s），加速buff id（），伤害buff id（250001），技能时间（15s）,
222,狂野,222,1,,车前灯光闪烁，载具反射着荧光。,,,,,,,,,,,,,,,,,,,,,,,
223,双乘,223,2,SetRiddenNum,可以承载两名乘客，带上你的小伙伴吧~,,2,,,,,,,,,,,,,,,,,,,,,
224,野蛮冲撞,224,2,BrutalCollision,长按跳跃键后，可获得短暂加速效果并对冲撞的怪物造成伤害。,,25,,220001,,250001,,15,,,,,,,,,,,,,,cd时间（25s），加速buff id（），伤害buff id（250001），技能时间（10s）,
225,烟霞御风,225,1,,车身环绕着点点霞光，阵阵微风。,,,,,,,,,,,,,,,,,,,,,,,
226,双乘,226,2,SetRiddenNum,可以承载两名乘客，带上你的小伙伴吧~,,2,,,,,,,,,,,,,,,,,,,,,
227,御风时刻,227,2,MusicBoxMoon,点击使用键可以加速并恢复生命值持续一段时间。,,220001,,2010001,,,,,,,,,,,,,,,ent.4663.attack1,,,加速buffid（220001），回血buffid（2010001）,
228,天蝎,228,1,,身体环绕着点点星光。,,,,,,,,,,,,,,,,,,,,,,,
229,震荡,229,2,Shock,长按跳跃键可以使用双钳敲击地板释放出一圈冲击波，对周围的怪物造成一定伤害。,,12,,4,,25,,250001,,,,,,,,air229,light229,,,,,技能作用半径（8格）、技能作用高度（4格），cd时间（25s），buff id（250001）,
230,振奋,230,2,MusicBoxMoon,点击使用键可以加速并恢复生命值持续一段时间。,,220001,,2010001,,,,,,,,,,,,,,,,,,,
231,圣诞,231,1,,身体环绕着点点雪花及星光。,,,,,,,,,,,,,,,,,,,,,,,
232,雪路加速,232,2,WapitiDash1,长按跳跃键可获得一段时间的速度提升。,,30,,2200001,,,,,,,,,,,,,,,,,,cd时间（30s），buff id（2200001）,
233,礼物送达,233,2,WapitiDash2,双击跳跃键可以打开礼物盒获得随机生物蛋。,,25,,13412,,13416,,13413,,13414,,13411,,13402,,,,,,,,cd时间（25s），道具id1，道具id2，道具id3，道具id4，道具id5，道具id6,
234,巨无霸出击,234,2,BigMacAttack,点击使用按钮获得持续一段时间的加速能力。,,2201001,,20,,,,,,,,,,,,,,,,,,buffid（2201001），cd（20）,
235,巨无霸出击,235,2,BigMacAttack,点击使用按钮获得持续一段时间的加速能力。,,2201002,,30,,,,,,,,,,,,,,,,,,buffid（2201002），cd（30）,
236,原始兽出击,236,2,BeastAttack,点击使用按钮喷射能量柱，对命中的怪物造成伤害。,,2202001,,15,,0.8,,12309,,0,,45,,0.1,,,,,,,,buffid（2202001），cd（20），力量(决定发射速度)，物品id（子弹），初始位置往前的偏移，初始位置向上的偏移，镜头抖动的时间,
237,原始兽出击,237,2,BeastAttack2,长按使用按钮喷射火焰对怪物造成伤害。,,5,,2202002,,20,,,,,,,,,,,,,,,,火焰持续时间s（5），buffid（2202001），cd（25）,
238,彩鳞幻变,238,2,ChangeSkin,坐骑拥有两个形态，乘坐时点击使用键可以切换坐骑形态。,,,,,,,,,,,,,,,,,,,,,,,
239,灵蚺舞动,239,2,TraceBuff,长按跳跃键可获得短暂加速效果并在移动痕迹上留下毒焰，对怪物造成一定伤害。,,30,,2200001,,250001,,15,,,,,,,,,,,,,,cd时间（30s），buff id（2200001），伤害buff id（250001），灼烧标记持续时间（15s）,
240,灵蚺蜕变,240,2,RestoreHP,生命降至1时会自动进行一次蜕皮，恢复至满血状态。,,60,,,,,,,,,,,,,,,,,,,,cd时间（60s）,
241,凌霄翼,241,2,Flying,双击跳跃键可以在空中自由调整高度飞行！,,240,,15,,,,,,,,,,,,,,,,,,飞行高度 100(绝对高度，不是相对高度) 上升速度 15,
242,双人乘骑,242,1,SetRiddenNum,可乘坐两位玩家.,,2,,,,,,,,,,,,,,,,,,,,,
243,车车跳跃,243,2,ContinueJump,点击跳跃键后在空中再点击一次跳跃键可以连续跳跃两次。,,160,,,,,,,,,,,,,,,,,,,,跳跃高度（160）,
244,鸭鸭车出击,244,2,Shock,长按跳跃键后，鸭鸭炸弹从空中掉落地面后爆炸对怪物造成伤害。,,8,,4,,25,,250001,,,,,,,,duck244,light244,,,,,技能作用半径（8格）、技能作用高度（4格），cd时间（25s），buff id（250001）,
245,飞舞莲华,245,,,周身飘散莲花花瓣。,,,,,,,,,,,,,,,,,,,,,,,
246,莲华绽放·净化领域,246,,PurifyField,点击使用键释放净化能量，对周围敌人造成伤害，并为己方提供一个短暂的无敌状态。,,8,,4,,250001,,2204001,,25,,10,,,,pink246,,,,,,半径（8），高度（4），扣血buff（），无敌buff（），cd（25），技能特效cd（10）,
247,灯火通明·全域,247,,BrightlyLit,长按跳跃键蓄力释放法阵使己方获得极大的攻击力提升，并持续恢复生命值。,,8,,4,,2010001,,2203001,,2205001,,25,,,,,,,,,,技能作用半径（8格）、技能作用高度（4格），加血buff，近战攻击力增加buff，远程攻击力增加buff，cd时间（25s）,
248,熔渊渡,248,2,WalkOnLiquidWithOwner,可以在水面、岩浆上行走并不受到岩浆伤害，坐骑存在时玩家也可以在水面、岩浆上行走！,,,,,,,,,,,,,,,,,,,,,,,
249,碧海游,249,2,BreatheUnderWaterWithOwner,可以潜入水中，坐骑存在时玩家也可以在水下自由呼吸！,,,,,,,,,,,,,,,,,,,,,,,
250,亮晶晶,250,,,周身飘散着闪亮的水晶。,,,,,,,,,,,,,,,,,,,,,,,
251,水晶护盾,251,,CrystalShield,点击使用键可以生成护盾。,,20,,2012002,,,,,,,,,,,,shield249,,,,,,吸收伤害（20），cd（20）,
252,晶蝶献礼,252,,Gift,长按跳跃键蓄力随机获得一个礼物。,,25,,150142.1,,150156.1,,150136.1,,150165.1,,150172.1,,150182.1,,gift250,circle250,,,,,,
253,光焰,253,,Cab,背部喷射光焰！,,,,,,,,,,,,,,,,,,,,,,,
254,火焰,254,,Cab,背部喷射火焰！,,,,,,,,,,,,,,,,,,,,,,,
255,蓝焰,255,,Cab,背部喷射蓝焰！,,,,,,,,,,,,,,,,,,,,,,,
256,蒸汽喷射滑行,256,,AirDash,跳跃后在空中按下跳跃键，会往面朝方向疾速冲刺。,,370,,,,,,,,,,,,,,fire256,,,,,,,
257,蒸汽喷射滑行,257,,AirDash,跳跃后在空中按下跳跃键，会往面朝方向疾速冲刺。,,390,,,,,,,,,,,,,,fire257,,,,,,,
258,火力全开,258,,FullFire,点击使用键向前方发射一道激光柱对怪物造成伤害！,,25,,2202003,,,,,,,,,,,,fire258,fire259,,,,,cd（25s），伤害buff（2202002）,
259,百鸟逐行,259,,,周身有灵鸟追随前行。,,,,,,,,,,,,,,,,,,,,,,,
260,红绸同心,260,,SetRiddenNum,可以乘载两名乘客，带上你的小伙伴吧~,,2,,,,,,,,,,,,,,,,,,,,,
261,十里红妆,261,,MusicBoxMoon,点击使用键可以加速并恢复生命值持续一段时间。,,220001,,2010001,,15,,,,,,,,,,flower261,,,,,,加速buffid（220001），回血buffid（2010001）,
262,甜蜜糖果,262,,,周身飘散着糖果。,,,,,,,,,,,,,,,,,,,,,,,
263,全速前行,263,2,MusicBoxMoon,点击使用键可获短暂加速效果。,,220001,,,,10,,,,,,,,,,light265,,,ent.4663.attack1,,,加速buffid（220001），回血buffid（2010001）,
264,草莓追踪导弹,264,,TrackingBomb,长按跳跃键蓄力发射草莓追踪导弹，导弹会自动追击附近的怪物。,,15,,25,,12839,,0.5,,100,,300,,,,candy265,,,,,,目标半径/格，技能cd/秒，抛掷物ID，速度系数（会与抛掷物速度相乘导得到实际速度），抛掷物初始位置偏移（向前 格*100），抛掷物初始位置偏移（向上 格*100）,
265,月下飞花,265,,,周身有花朵飞舞。,,,,,,,,,,,,,,,,,,,,,,,
266,辉月无眠,266,,Sleep,在夜晚长按跳跃键蓄力可以跳过漫长黑夜进入白天。,,5,,,,,,,,,,,,,,moonlight265,,,,,,,
267,玉轮净域,267,,PurifyField,点击使用键释放净化能量，对周围敌人造成伤害，并为己方提供一个短暂的无敌状态。,,8,,4,,250001,,2204001,,25,,15,,,,water266,light266,,,,,半径（格），高度（格），目标buffid，自己buffid，技能cd（秒），技能特效播放时长（秒）,
268,浪迹天涯,268,,CPSkin,可以乘载两名乘客，貂蝉乘坐时触发特殊效果,,2,,514,,515,,,,,,,,,,diaochan268,,,ent.4786.attack1,,,,
269,量子晶能,269,,,身上的能量晶管有量子晶能涌现。,,,,,,,,,,,,,,,,,,,,,,,
270,光刃冲锋,270,2,HuYue,向前飞扑，对击中的怪物造成伤害。,,15,,15,伤害,5,,3,,,,,,,,,,,,,,,cd时间，攻击点数，格子数，技能范围半径
271,王者领域,271,2,Shock,长按跳跃键可发出狮吼，使周围的怪物陷入短暂昏迷状态。,,8,,4,,25,,2011001,,1,,,,,,energy270,light270,,ent.4791.attack1,,,,技能作用半径（8格）、技能作用高度（4格），cd时间（25s），buff id（2011001），cd位（按需填写，默认是0就可以）
272,铃摇雪舞,272,,,周身有雪花飞舞。,,,,,,,,,,,,,,,,,,,,,,,
273,清澈铃声,273,,LimpidRing,点击使用键发出清脆的震响，驱散怪物的敌意。,,8,,4,,10,,20,,,,,,,,light273,,,ent.4793.attack1,,,,技能作用半径（8格）、技能作用高度（4格），持续时间（10s），cd（20s）
274,欢快行进曲,274,,LivelySong,长按跳跃键奏出欢快旋律，驱散冒险家和坐骑身上的负面效果持续一段时间，并获得加速效果.,,20,,35,,2201002,,,,,,,,,,music274,light274,,ent.4793.attack2,,,,技能时间（20s）cd时间（35s），buff id（2201002）
275,浮泡环生,275,,,持续产生少量漂浮泡泡，缓慢上升后消失,,,,,,,,,,,,,,,,,,,,,,,
276,流光尾迹,276,,,移动时，身后有光尘拖尾效果,,,,,,,,,,,,,,,,,,,,,,,
277,流光彩,277,,,坐骑可随时间缓慢变化颜色,,,,,,,,,,,,,,,,,,,,,,,
278,普天同庆,278,,ClickUseAddBuff,点击使用，即可触发烟花庆典,,,,15,,3,,,,,,,,,,fireworks278,,,,,,,
279,坚固纪念,279,,FallParam,自带缓冲护佑，有效减免坠落伤害,,0.5,,,,,,,,,,,,,,,,,,,,,
280,流光特效,280,,,周身萦绕流光特效,,,,,,,,,,,,,,,,,,,,,,,
281,星星拖尾,281,,,移动时，身后有星星跟随闪动效果,,,,,,,,,,,,,,,,,,,,,,,
282,震荡爆冲,282,,CollisionBuff,满足撞击条件后，撞击会触发微电流爆炸，降低怪物生命值,,10,,15,,,,,,,,,,,,282,,,,,,,
283,能量牢笼,283,,BeastAttack,点击使用，向目标投掷闪电蛋，命中后造成伤害。,,2202003,,2,,0.8,,11588,,,100,,,,,283,,,,,,,
284,流光残影,284,,,移动时，身后有烟雾拖尾效果,,,,,,,,,,,,,,,,,,,,,,,
285,泡泡护盾,285,,BubbleShield,血量过低时自动生成护盾，护盾破裂时炸出泡泡对周围敌人造成伤害。,,60,,50,,15,,10,,3,,50,,,,bubbleshield285,bubbleshield285_1,,,,,,
286,涂鸦地雷,286,,Mine,点击使用键留下涂鸦地雷，怪物触发后受到伤害。,,60,,30,,10,,,,,,,,,,particles/graffitimine286.ent,particles/graffitimine286_1.ent,,,,,,
287,魔力清扫,287,2,ConchAnger,长按跳跃键扫出一片魔法波，对前方怪物造成伤害并强制击退。,,8,,4,,20,,4,,10,,,,,,magiccleanup287,,,,,,,技能作用半径（8格）、技能作用高度（4格），cd时间（20s），击退距离（4），伤害（10）
288,凌霄翼,241,2,ClickUseFlying,点击使用键可以在空中自由调整高度飞行！,,240,,15,,,,,,,,,,,,,,,,,,飞行高度 100(绝对高度，不是相对高度) 上升速度 15,
