iD,备注（坐骑必须配置两个，服务器解锁用0级，客户端商店用1级）,被骑时高度,存档界面显示放缩,商城界面显示放缩,最小生命,最大生命,最小陆地速度,最大陆地速度,最小飞行速度,最大飞行速度,最小游泳速度,最大游泳速度,最小跳跃高度,最大跳跃高度,坐骑蛋ID,下蛋时间(刻),骑乘切换背视角,子模型显示（原鞍使用模型）,天生装备鞍,天生装备铠甲,铠甲栏位概率,天生技能1（1孵化蛋，2蓄力期间加速，3水上行走，4超级跳跃，5滑翔，6岩浆行走，7奔腾）,天生技能2（同天生技能1）,天生技能3（同天生技能1）,天生技能4（同天生技能1）,天生技能5（同天生技能1）,天生技能6（同天生技能1）,坐骑类型(1=变形关联坐骑2=驯服类坐骑3=解锁坐骑),骑乘绑点ID,"个人中心界面位置调整（基准位置-260, 20, -150）",,加速特效名称,食物,骑乘坐姿（0坐，1站）,变色
ID,,RideHeight,UIScale,ShopUIScale,MinHP,MaxHP,MinLandSpeed,MaxLandSpeed,MinFlySpeed,MaxFlySpeed,MinSwimSpeed,MaxSwimSpeed,MinJumpHeight,MaxJumpHeight,EggBlock,EggGenTicks,ChangeFPS,SaddleModel,BornSaddle,BornArmor,ArmorSlotProb,BornSkill1,BornSkill2,BornSkill3,BornSkill4,BornSkill5,BornSkill6,HorseType,RidingBindID,PlayerCenterPosition,,AccelerateEffect,Food,RiddenAnim,ChangeColors
3245,虚空团子,290,0.9,,250,300,150,150,,,,,70,80,,,,,11810,,,,,,,,,2,,,,,,,
3247,虚空角鹿,190,0.7,,70,100,300,300,,,,,50,50,,,,1,11810,,,,,,,,,2,,,,,,,
3262,虚空沃沃兽,190,0.7,,70,100,300,300,,,,,50,50,,,,1,11810,,,,,,,,,2,,,,,,,
3405,冰熊,290,0.7,,150,225,500,700,,,,,60,80,,,,1,11810,,1,,,,,,,2,,,,,,,
3406,迅猛龙,290,0.7,,100,150,550,750,,,,,80,120,,,,1,11810,,1,,,,,,,2,,,,,,,
3410,鸵鸟,290,0.7,,75,100,600,800,,,,,60,100,,,,1,11810,,1,,,,,,,2,,,,,,,
3415,团子,290,0.9,,250,300,150,150,,,,,70,80,,,,,11810,,,,,,,,,2,,,,,,,
3422,飞鸡,290,0.9,,100,150,300,300,,,,,60,80,,,,1,11810,,1,10,,,,,,2,,,,,,,
3430,普通化石龙,290,0.6,,200,200,700,700,,,,,80,80,,,,1,11810,,1,,,,,,,3,,,,,11403,,
3431,化石龙,290,0.6,,200,200,1000,1000,,,,,120,120,950,108000,,2,12271,,100,2,,,,,,3,,,,,11403,,
3432,化石龙,290,0.6,,200,200,1010,1010,,,,,120,120,950,108000,,2,12271,,100,2,,,,,,3,,,,,11403,,
34303,化石龙,290,0.6,,200,200,1020,1020,,,,,120,120,950,108000,,2,12271,,100,2,,,,,,3,,,,,11403,,
34304,化石龙,290,0.6,,200,200,1030,1030,,,,,120,120,950,108000,,2,12271,,100,2,,,,,,3,,,,,11403,,
34305,化石龙,290,0.6,,200,200,1040,1040,,,,,130,130,950,108000,,2,12271,,100,2,,,,,,3,,,,,11403,,
34306,化石龙,290,0.6,,200,200,1050,1050,,,,,130,130,950,108000,,2,12271,,100,2,,,,,,3,,,,,11403,,
34307,化石龙,290,0.6,,200,200,1060,1060,,,,,130,130,950,108000,,2,12271,,100,2,,,,,,3,,,,,11403,,
34308,化石龙,290,0.6,,200,200,1070,1070,,,,,130,130,950,108000,,2,12271,,100,2,,,,,,3,,,,,11403,,
34309,化石龙,290,0.6,,200,200,1080,1080,,,,,130,130,950,108000,,2,12271,,100,2,,,,,,3,,,,,11403,,
34310,超级化石龙,290,0.6,,200,200,1100,1100,,,,,130,130,950,72000,,3,12271,12272,100,2,3,,,,,3,,,,,11403,,
3433,小飞鼠,290,0.7,,200,200,500,500,,,,,120,120,,,,1,11810,,1,,,,,,,3,,"-300, 20, -150",,,12503,,
3434,敏捷小飞鼠,290,0.7,,200,200,800,800,,,,,180,180,951,108000,,2,12273,,100,4,,,,,,3,,"-300, 20, -150",,,12503,,
3435,敏捷小飞鼠,290,0.7,,200,200,810,810,,,,,180,180,951,108000,,2,12273,,100,4,,,,,,3,,"-300, 20, -150",,,12503,,
34333,敏捷小飞鼠,290,0.7,,200,200,820,820,,,,,180,180,951,108000,,2,12273,,100,4,,,,,,3,,"-300, 20, -150",,,12503,,
34334,敏捷小飞鼠,290,0.7,,200,200,830,830,,,,,180,180,951,108000,,2,12273,,100,4,,,,,,3,,"-300, 20, -150",,,12503,,
34335,敏捷小飞鼠,290,0.7,,200,200,840,840,,,,,190,190,951,108000,,2,12273,,100,4,,,,,,3,,"-300, 20, -150",,,12503,,
34336,敏捷小飞鼠,290,0.7,,200,200,850,850,,,,,190,190,951,108000,,2,12273,,100,4,,,,,,3,,"-300, 20, -150",,,12503,,
34337,敏捷小飞鼠,290,0.7,,200,200,860,860,,,,,190,190,951,108000,,2,12273,,100,4,,,,,,3,,"-300, 20, -150",,,12503,,
34338,敏捷小飞鼠,290,0.7,,200,200,870,870,,,,,190,190,951,108000,,2,12273,,100,4,,,,,,3,,"-300, 20, -150",,,12503,,
34339,敏捷小飞鼠,290,0.7,,200,200,880,880,,,,,190,190,951,108000,,2,12273,,100,4,,,,,,3,,"-300, 20, -150",,,12503,,
34340,机灵小飞鼠,290,0.7,,200,200,900,900,1200,1200,,,200,200,951,72000,,3,12273,12274,100,4,5,,,,,3,,"-300, 20, -150",,,12503,,
3436,普通麒麟,290,0.7,,200,200,700,700,,,,,80,80,,,,1,11810,,1,,,,,,,3,,,,,11211,,
3437,麒麟,290,0.7,,200,200,1000,1000,,,,,120,120,952,108000,,2,12273,,100,6,,,,,,3,,,,,11211,,
3438,麒麟,290,0.7,,200,200,1010,1010,,,,,120,120,952,108000,,2,12273,,100,6,,,,,,3,,,,,11211,,
34363,麒麟,290,0.7,,200,200,1020,1020,,,,,120,120,952,108000,,2,12273,,100,6,,,,,,3,,,,,11211,,
34364,麒麟,290,0.7,,200,200,1030,1030,,,,,120,120,952,108000,,2,12273,,100,6,,,,,,3,,,,,11211,,
34365,麒麟,290,0.7,,200,200,1040,1040,,,,,130,130,952,108000,,2,12273,,100,6,,,,,,3,,,,,11211,,
34366,麒麟,290,0.7,,200,200,1050,1050,,,,,130,130,952,108000,,2,12273,,100,6,,,,,,3,,,,,11211,,
34367,麒麟,290,0.7,,200,200,1060,1060,,,,,130,130,952,108000,,2,12273,,100,6,,,,,,3,,,,,11211,,
34368,麒麟,290,0.7,,200,200,1070,1070,,,,,130,130,952,108000,,2,12273,,100,6,,,,,,3,,,,,11211,,
34369,麒麟,290,0.7,,200,200,1080,1080,,,,,130,130,952,108000,,2,12273,,100,6,,,,,,3,,,,,11211,,
34370,祥瑞麒麟,290,0.7,,200,200,1100,1100,,,,,130,130,952,72000,,3,12273,12274,100,6,7,,,,,3,,,,,11211,,
3439,陆行鸟,290,0.55,,200,200,700,700,,,,,80,80,,,,1,11810,,1,,,,,,,3,,,,,241,,
3440,大陆行鸟,290,0.55,,200,200,1000,1000,,,,,120,120,953,108000,,2,11810,,100,9,,,,,,3,,,,,241,,
3442,小白象,290,0.7,,160,160,500,500,,,,,60,60,,,,1,11810,,1,,,,,,,3,,"-280, 20, -150",,,228,,
3443,迷你小白象,290,0.7,,200,200,800,800,,,,,90,90,954,108000,,2,11810,,100,,,,,,,3,,"-280, 20, -150",,,228,,
3444,迷你小白象,290,0.7,,205,205,810,810,,,,,90,90,954,108000,,2,11810,,100,,,,,,,3,,"-280, 20, -150",,,228,,
34423,迷你小白象,290,0.7,,210,210,820,820,,,,,90,90,954,108000,,2,11810,,100,,,,,,,3,,"-280, 20, -150",,,228,,
34424,迷你小白象,290,0.7,,215,215,830,830,,,,,90,90,954,108000,,2,11810,,100,,,,,,,3,,"-280, 20, -150",,,228,,
34425,迷你小白象,290,0.7,,220,220,840,840,,,,,90,90,954,108000,,2,11810,,100,,,,,,,3,,"-280, 20, -150",,,228,,
34426,迷你小白象,290,0.7,,225,225,850,850,,,,,90,90,954,108000,,2,11810,,100,,,,,,,3,,"-280, 20, -150",,,228,,
34427,迷你小白象,290,0.7,,230,230,860,860,,,,,90,90,954,108000,,2,11810,,100,,,,,,,3,,"-280, 20, -150",,,228,,
34428,迷你小白象,290,0.7,,235,235,870,870,,,,,90,90,954,108000,,2,11810,,100,,,,,,,3,,"-280, 20, -150",,,228,,
34429,迷你小白象,290,0.7,,240,240,880,880,,,,,90,90,954,108000,,2,11810,,100,,,,,,,3,,"-280, 20, -150",,,228,,
34430,盛典小白象,290,0.7,,260,260,900,900,,,,,100,100,954,72000,,3,11810,,100,11,,,,,,3,,"-280, 20, -150",,,228,,
3445,海豹水手,290,0.6,,160,160,300,300,,,400,450,40,40,,,,1,11810,,1,12,,,,,,3,,"-300, 20, -150",,,12520,,
3446,海豹船长,290,0.6,,200,200,600,600,,,550,550,60,60,955,108000,,2,12273,,100,13,,,,,,3,,"-300, 20, -150",,,12520,,
3447,海豹船长,290,0.6,,200,200,610,610,,,550,550,60,60,955,108000,,2,12273,,100,13,,,,,,3,,"-300, 20, -150",,,12520,,
34453,海豹船长,290,0.6,,200,200,620,620,,,550,550,60,60,955,108000,,2,12273,,100,13,,,,,,3,,"-300, 20, -150",,,12520,,
34454,海豹船长,290,0.6,,200,200,630,630,,,550,550,60,60,955,108000,,2,12273,,100,13,,,,,,3,,"-300, 20, -150",,,12520,,
34455,海豹船长,290,0.6,,200,200,640,640,,,550,550,80,80,955,108000,,2,12273,,100,13,,,,,,3,,"-300, 20, -150",,,12520,,
34456,海豹船长,290,0.6,,200,200,650,650,,,550,550,80,80,955,108000,,2,12273,,100,13,,,,,,3,,"-300, 20, -150",,,12520,,
34457,海豹船长,290,0.6,,200,200,660,660,,,550,550,80,80,955,108000,,2,12273,,100,13,,,,,,3,,"-300, 20, -150",,,12520,,
34458,海豹船长,290,0.6,,200,200,670,670,,,550,550,80,80,955,108000,,2,12273,,100,13,,,,,,3,,"-300, 20, -150",,,12520,,
34459,海豹船长,290,0.6,,200,200,680,680,,,550,550,80,80,955,108000,,2,12273,,100,13,,,,,,3,,"-300, 20, -150",,,12520,,
34460,超能海豹,290,0.6,,200,200,700,700,,,700,700,80,80,955,72000,,3,12273,12274,100,13,14,,,,,3,,"-300, 20, -150",,,12520,,
3448,擎天柱0级,190,0.55,,100,100,1000,1000,,,,,80,80,,,,,,,,,,,,,,1,,,,,,,
3449,擎天柱,190,0.55,,100,100,2000,2000,,,,,80,80,,,,,,,,15,,,,,,1,,,,,,,
3450,威震天0级,190,0.55,,100,100,1000,1000,,,,,80,80,,,,,,,,,,,,,,1,,,,,,,
3451,威震天,190,0.55,,100,100,2000,2000,,,,,80,80,,,,,,,,16,,,,,,1,,,,,,,
3452,大黄蜂0级,190,0.55,,100,100,1000,1000,,,,,70,70,,,,,,,,,,,,,,1,,,,,,,
3453,大黄蜂,190,0.55,,100,100,2000,2000,,,,,70,70,,,,,,,,17,,,,,,1,,,,,,,
3454,猫咪0级,290,0.7,,160,160,500,500,,,,,70,70,,,,1,11810,,1,,,,,,,3,,"-280, 20, -150",,,12521,,
3455,猫咪1级,290,0.7,,180,180,800,800,,,,,100,100,956,108000,,2,12273,,100,18,,,,,,3,,"-280, 20, -150",,,12521,,
3456,猫咪2级,290,0.7,,180,180,820,820,,,,,100,100,956,108000,,2,12273,,100,18,,,,,,3,,"-280, 20, -150",,,12521,,
34543,猫咪3级,290,0.7,,180,180,840,840,,,,,100,100,956,108000,,2,12273,,100,18,,,,,,3,,"-280, 20, -150",,,12521,,
34544,猫咪4级,290,0.7,,180,180,860,860,,,,,110,110,956,108000,,2,12273,,100,18,,,,,,3,,"-280, 20, -150",,,12521,,
34545,猫咪5级,290,0.7,,200,200,880,880,,,,,110,110,956,108000,,2,12273,,100,18,,,,,,3,,"-280, 20, -150",,,12521,,
34546,猫咪6级,290,0.7,,200,200,900,900,,,,,110,110,956,108000,,2,12273,,100,18,,,,,,3,,"-280, 20, -150",,,12521,,
34547,猫咪7级,290,0.7,,200,200,920,920,,,,,120,120,956,108000,,2,12273,,100,18,,,,,,3,,"-280, 20, -150",,,12521,,
34548,猫咪8级,290,0.7,,200,200,940,940,,,,,120,120,956,108000,,2,12273,,100,18,,,,,,3,,"-280, 20, -150",,,12521,,
34549,猫咪9级,290,0.7,,200,200,960,960,,,,,120,120,956,108000,,2,12273,,100,18,,,,,,3,,"-280, 20, -150",,,12521,,
34550,猫咪10级,290,0.7,,220,220,1000,1000,,,,,130,130,956,72000,,3,12273,12274,100,18,19,248,,,,3,,"-280, 20, -150",,,12521,,
3457,天马0级,290,0.7,,160,160,600,600,,,,,60,60,,,,1,11810,,1,,,,,,,3,,,,,236,,
3458,天马1级,290,0.7,,180,180,800,800,,,,,90,90,957,108000,,2,12273,,100,20,,,,,,3,,,,,236,,
3459,天马2级,290,0.7,,180,180,820,820,,,,,90,90,957,108000,,2,12273,,100,20,,,,,,3,,,,,236,,
34573,天马3级,290,0.7,,180,180,840,840,,,,,90,90,957,108000,,2,12273,,100,20,,,,,,3,,,,,236,,
34574,天马4级,290,0.7,,180,180,860,860,,,,,90,90,957,108000,,2,12273,,100,20,,,,,,3,,,,,236,,
34575,天马5级,290,0.7,,200,200,880,880,,,,,90,90,957,108000,,2,12273,,100,20,,,,,,3,,,,,236,,
34576,天马6级,290,0.7,,200,200,900,900,,,,,90,90,957,108000,,2,12273,,100,20,,,,,,3,,,,,236,,
34577,天马7级,290,0.7,,200,200,920,920,,,,,90,90,957,108000,,2,12273,,100,20,,,,,,3,,,,,236,,
34578,天马8级,290,0.7,,200,200,940,940,,,,,90,90,957,108000,,2,12273,,100,20,,,,,,3,,,,,236,,
34579,天马9级,290,0.7,,200,200,960,960,,,,,90,90,957,108000,,2,12273,,100,20,,,,,,3,,,,,236,,
34580,天马10级,290,0.7,,220,220,1000,1000,,,,,100,100,957,72000,,3,12273,12274,100,241,,,,,,3,,,,,236,,
3460,竹制轿子,290,0.55,,160,160,300,300,,,,,50,50,,,,1,11810,,1,24,,,,,,3,,,,,11404,,
3461,镶金轿子,290,0.55,,180,180,800,800,,,,,80,80,958,108000,,2,11810,,100,22,,,,,,3,,,,,11404,,
3462,镶金轿子,290,0.55,,180,180,820,820,,,,,80,80,958,108000,,2,11810,,100,22,,,,,,3,,,,,11404,,
34603,镶金轿子,290,0.55,,180,180,840,840,,,,,80,80,958,108000,,2,11810,,100,22,,,,,,3,,,,,11404,,
34604,镶金轿子,290,0.55,,180,180,860,860,,,,,80,80,958,108000,,2,11810,,100,22,,,,,,3,,,,,11404,,
34605,镶金轿子,290,0.55,,200,200,880,880,,,,,90,90,958,108000,,2,11810,,100,22,,,,,,3,,,,,11404,,
34606,镶金轿子,290,0.55,,200,200,900,900,,,,,90,90,958,108000,,2,11810,,100,22,,,,,,3,,,,,11404,,
34607,镶金轿子,290,0.55,,200,200,920,920,,,,,90,90,958,108000,,2,11810,,100,22,,,,,,3,,,,,11404,,
34608,镶金轿子,290,0.55,,200,200,940,940,,,,,90,90,958,108000,,2,11810,,100,22,,,,,,3,,,,,11404,,
34609,镶金轿子,290,0.55,,200,200,960,960,,,,,90,90,958,108000,,2,11810,,100,22,,,,,,3,,,,,11404,,
34610,桃花轿子,290,0.55,,220,220,1000,1000,,,,,100,100,958,72000,,3,11810,,100,22,23,248,,,,3,,,,,11404,,
3463,红蜘蛛0级,190,0.55,,100,100,1000,1000,,,,,80,80,,,,,,,,,,,,,,1,,,,,,,
3464,红蜘蛛,190,0.55,,100,100,2000,2000,,,,,80,80,,,,,,,,25,,,,,,1,,,,,,,
3465,热破0级,190,0.55,,100,100,1000,1000,,,,,80,80,,,,,,,,,,,,,,1,,,,,,,
3466,热破,190,0.55,,100,100,2000,2000,,,,,80,80,,,,,,,,26,,,,,,1,,,,,,,
3467,惊破天0级,190,0.55,,100,100,1000,1000,,,,,80,80,,,,,,,,,,,,,,1,,,,,,,
3468,惊破天,190,0.55,,100,100,2000,2000,,,,,80,80,,,,,,,,27,,,,,,1,,,,,,,
3469,魔龙0级,290,0.7,,160,160,300,300,,,,,50,50,,,,1,11810,,1,,,,,,,3,,"-260, 10, -150",,,12517,,
3470,魔龙1级,290,0.7,,180,180,800,800,,,,,80,80,1800,108000,,2,12273,,100,28,30,,,,,3,,"-260, 10, -150",,,12517,,
3471,魔龙2级,290,0.7,,180,180,820,820,,,,,80,80,1800,108000,,2,12273,,100,28,30,,,,,3,,"-260, 10, -150",,,12517,,
34693,魔龙3级,290,0.7,,180,180,840,840,,,,,80,80,1800,108000,,2,12273,,100,28,30,,,,,3,,"-260, 10, -150",,,12517,,
34694,魔龙4级,290,0.7,,180,180,860,860,,,,,80,80,1800,108000,,2,12273,,100,28,30,,,,,3,,"-260, 10, -150",,,12517,,
34695,魔龙5级,290,0.7,,200,200,880,880,,,,,90,90,1800,108000,,2,12273,,100,28,30,,,,,3,,"-260, 10, -150",,,12517,,
34696,魔龙6级,290,0.7,,200,200,900,900,,,,,90,90,1800,108000,,2,12273,,100,28,30,,,,,3,,"-260, 10, -150",,,12517,,
34697,魔龙7级,290,0.7,,200,200,920,920,,,,,90,90,1800,108000,,2,12273,,100,28,30,,,,,3,,"-260, 10, -150",,,12517,,
34698,魔龙8级,290,0.7,,200,200,940,940,,,,,90,90,1800,108000,,2,12273,,100,28,30,,,,,3,,"-260, 10, -150",,,12517,,
34699,魔龙9级,290,0.7,,200,200,960,960,,,,,90,90,1800,108000,,2,12273,,100,28,30,,,,,3,,"-260, 10, -150",,,12517,,
34700,魔龙10级,290,0.7,,220,220,1000,1000,,,,,100,100,1800,72000,,3,12273,12274,100,29,241,,,,,3,,"-260, 10, -150",,,12517,,
3472,钢锁0级,190,0.55,,100,100,1000,1000,,,,,70,70,,,,,,,,,,,,,,1,,,,,,,
3473,钢锁,190,0.55,,100,100,2000,2000,,,,,70,70,,,,,,,,32,,,,,,1,,,,,,,
3474,飞标0级,190,0.55,,100,100,1000,1000,,,,,80,80,,,,,,,,,,,,,,1,,,,,,,
3475,飞标,190,0.55,,100,100,2000,2000,,,,,80,80,,,,,,,,33,,,,,,1,,,,,,,
3476,嚎叫0级,190,0.55,,100,100,1000,1000,,,,,70,70,,,,,,,,,,,,,,1,,,,,,,
3477,嚎叫,190,0.55,,100,100,2000,2000,,,,,70,70,,,,,,,,34,,,,,,1,,,,,,,
3478,月明星稀,290,0.7,0.7,160,160,400,400,,,,,50,50,,,,1,11810,,1,,,,,,,3,,"-260, -80, -150",,,302,,
3479,玉兔桃花,290,0.7,,180,180,800,800,,,,,80,80,1801,108000,,2,12273,,100,35,,,,,,3,,"-260, -80, -150",,,302,,
3480,玉兔桃花,290,0.7,,180,180,820,820,,,,,80,80,1801,108000,,2,12273,,100,35,,,,,,3,,"-260, -80, -150",,,302,,
34783,玉兔桃花,290,0.7,,180,180,840,840,,,,,80,80,1801,108000,,2,12273,,100,35,,,,,,3,,"-260, -80, -150",,,302,,
34784,玉兔桃花,290,0.7,,180,180,860,860,,,,,80,80,1801,108000,,2,12273,,100,35,,,,,,3,,"-260, -80, -150",,,302,,
34785,玉兔桃花,290,0.7,,200,200,880,880,,,,,90,90,1801,108000,,2,12273,,100,35,,,,,,3,,"-260, -80, -150",,,302,,
34786,玉兔桃花,290,0.7,,200,200,900,900,,,,,90,90,1801,108000,,2,12273,,100,35,,,,,,3,,"-260, -80, -150",,,302,,
34787,玉兔桃花,290,0.7,,200,200,920,920,,,,,90,90,1801,108000,,2,12273,,100,35,,,,,,3,,"-260, -80, -150",,,302,,
34788,玉兔桃花,290,0.7,,200,200,940,940,,,,,90,90,1801,108000,,2,12273,,100,35,,,,,,3,,"-260, -80, -150",,,302,,
34789,玉兔桃花,290,0.7,,200,200,960,960,,,,,90,90,1801,108000,,2,12273,,100,35,,,,,,3,,"-260, -80, -150",,,302,,
34790,皎月仙宫,290,0.7,,220,220,1000,1000,,,,,100,100,1801,72000,,3,12273,12274,100,35,241,,,,,3,,"-230, -80, -150",,,302,,
3481,兔子先生拉比0级,190,0.55,,100,100,1000,1000,,,,,60,60,,,,,,,,,,,,,,1,,,,,,,
3482,兔子先生拉比,190,0.55,,100,100,1500,1500,,,,,60,60,,,,,,,,37,,,,,,1,,,,,,,
3483,圣诞坐骑0级暖冬祝福,290,0.55,0.7,160,160,400,400,,,,,50,50,,,,1,11810,,1,,,,,,,3,,"-240, 20, -150",,,236,,
3484,圣夜惊喜,290,0.55,0.7,180,180,800,800,,,,,80,80,1802,108000,,2,11810,,100,22,,,,,,3,,"-240, 20, -150",,,236,,
3485,圣夜惊喜,290,0.55,0.7,180,180,820,820,,,,,80,80,1802,108000,,2,11810,,100,22,,,,,,3,,"-240, 20, -150",,,236,,
34833,圣夜惊喜,290,0.55,0.7,180,180,840,840,,,,,80,80,1802,108000,,2,11810,,100,22,,,,,,3,,"-240, 20, -150",,,236,,
34834,圣夜惊喜,290,0.55,0.7,180,180,860,860,,,,,80,80,1802,108000,,2,11810,,100,22,,,,,,3,,"-240, 20, -150",,,236,,
34835,圣夜惊喜,290,0.55,0.7,200,200,880,880,,,,,90,90,1802,108000,,2,11810,,100,22,,,,,,3,,"-240, 20, -150",,,236,,
34836,圣夜惊喜,290,0.55,0.7,200,200,900,900,,,,,90,90,1802,108000,,2,11810,,100,22,,,,,,3,,"-240, 20, -150",,,236,,
34837,圣夜惊喜,290,0.55,0.7,200,200,920,920,,,,,90,90,1802,108000,,2,11810,,100,22,,,,,,3,,"-240, 20, -150",,,236,,
34838,圣夜惊喜,290,0.55,0.7,200,200,940,940,,,,,90,90,1802,108000,,2,11810,,100,22,,,,,,3,,"-240, 20, -150",,,236,,
34839,圣夜惊喜,290,0.55,0.7,200,200,960,960,,,,,90,90,1802,108000,,2,11810,,100,22,,,,,,3,,"-240, 20, -150",,,236,,
34840,冰雪传说,290,0.55,0.7,220,220,1000,1000,,,,,100,100,1802,72000,,3,11810,,100,22,39,248,,,,3,,"-240, 20, -150",,,236,,
3486,缤纷幻想0级,290,0.55,1.7,200,200,600,600,,,,,70,70,,,,1,11810,,100,,,,,,,3,,"-290, 20, -150",,,11099,,
3487,缤纷幻想,290,0.55,1.7,200,200,600,600,,,,,70,70,,,,2,11810,,100,40,,,,,,3,,"-290, 20, -150",,,11099,,
3488,福运哞哞0,290,0.55,1.2,200,200,600,600,,,,,70,70,,,,1,11810,,100,,,,,,,3,,,,,236,,
3489,福运哞哞,290,0.55,1.2,200,200,600,600,,,,,70,70,,,,2,11810,,100,41,,,,,,3,,,,,236,,
3490,攀崖观日,290,0.2,0.3,200,200,600,600,,,500,500,70,70,,,,1,11810,,1,,,,,,,3,,"-290, 60, -150",,,12521,,
3491,北辰荧火,290,0.2,0.3,200,200,800,800,,,600,600,100,100,1803,108000,,2,11810,,100,42,44,,,,,3,,"-290, 60, -150",,,12521,,
3492,北辰荧火,290,0.2,0.3,210,210,820,820,,,600,600,100,100,1803,108000,,2,11810,,100,42,44,,,,,3,,"-290, 60, -150",,,12521,,
34903,北辰荧火,290,0.2,0.3,220,220,840,840,,,600,600,100,100,1803,108000,,2,11810,,100,42,44,,,,,3,,"-290, 60, -150",,,12521,,
34904,北辰荧火,290,0.2,0.3,230,230,860,860,,,600,600,110,110,1803,108000,,2,11810,,100,42,44,,,,,3,,"-290, 60, -150",,,12521,,
34905,北辰荧火,290,0.2,0.3,240,240,880,880,,,600,600,110,110,1803,108000,,2,11810,,100,42,44,,,,,3,,"-290, 60, -150",,,12521,,
34906,北辰荧火,290,0.2,0.3,250,250,900,900,,,600,600,110,110,1803,108000,,2,11810,,100,42,44,,,,,3,,"-290, 60, -150",,,12521,,
34907,北辰荧火,290,0.2,0.3,260,260,920,920,,,600,600,120,120,1803,108000,,2,11810,,100,42,44,,,,,3,,"-290, 60, -150",,,12521,,
34908,北辰荧火,290,0.2,0.3,270,270,940,940,,,600,600,120,120,1803,108000,,2,11810,,100,42,44,,,,,3,,"-290, 60, -150",,,12521,,
34909,北辰荧火,290,0.2,0.3,280,280,960,960,,,600,600,120,120,1803,108000,,2,11810,,100,42,44,,,,,3,,"-290, 60, -150",,,12521,,
34910,浮游山海,290,0.2,0.3,300,300,1000,1000,,,750,750,130,130,1803,72000,,3,11810,,100,42,44,241,,,,3,,"-290, 60, -150",,,12521,,
3493,牛魔王0级,190,0.55,0.3,100,100,1000,1000,,,,,80,80,,,,,,,,,,,,,,1,,,,,,,
3494,牛魔王,190,0.55,,100,100,1500,1500,,,,,110,110,,,,,,,,45,46,,,,,1,,,,,,,
3495,莲花0级,290,0.4,0.5,160,160,400,400,,,,,50,50,,,,1,11810,,1,,,,,,,3,,"-280, 20, -150",,,12500,,
3496,莲花1级,290,0.4,0.5,180,180,800,800,,,,,80,80,1804,108000,,2,12273,,100,47,,,,,,3,,"-280, 20, -150",,,12500,,
3497,莲花2级,290,0.4,0.5,180,180,820,820,,,,,80,80,1804,108000,,2,12273,,100,47,,,,,,3,,"-280, 20, -150",,,12500,,
34953,莲花3级,290,0.4,0.5,180,180,840,840,,,,,80,80,1804,108000,,2,12273,,100,47,,,,,,3,,"-280, 20, -150",,,12500,,
34954,莲花4级,290,0.4,0.5,180,180,860,860,,,,,80,80,1804,108000,,2,12273,,100,47,,,,,,3,,"-280, 20, -150",,,12500,,
34955,莲花5级,290,0.4,0.5,200,200,880,880,,,,,90,90,1804,108000,,2,12273,,100,47,,,,,,3,,"-280, 20, -150",,,12500,,
34956,莲花6级,290,0.4,0.5,200,200,900,900,,,,,90,90,1804,108000,,2,12273,,100,47,,,,,,3,,"-280, 20, -150",,,12500,,
34957,莲花7级,290,0.4,0.5,200,200,920,920,,,,,90,90,1804,108000,,2,12273,,100,47,,,,,,3,,"-280, 20, -150",,,12500,,
34958,莲花8级,290,0.4,0.5,200,200,940,940,,,,,90,90,1804,108000,,2,12273,,100,47,,,,,,3,,"-280, 20, -150",,,12500,,
34959,莲花9级,290,0.4,0.5,200,200,960,960,,,,,90,90,1804,108000,,2,12273,,100,47,,,,,,3,,"-280, 20, -150",,,12500,,
34960,莲花10级,290,0.4,0.5,220,220,1000,1000,,,,,100,100,1804,72000,,3,12273,12274,100,241,,,,,,3,,"-240, 20, -150",,,12500,,
3625,海马（驯服）,290,0.2,0.3,300,300,750,750,,,750,750,60,60,,,,3,11810,,100,60,,,,,,2,,,,,,,
3823,骆驼（驯服）,290,0.7,,150,150,400,400,,,,,60,60,,,,1,11810,,1,,,,,,,2,,,,,,,
3891,驯服的牛,190,0.7,,70,70,300,300,,,,,50,50,,,,1,11810,,,,,,,,,3,,,,,,,
3896,驯服的焱焱蟹（坐骑）,190,0.8,,100,100,250,250,,,,,50,50,,,,1,11810,,,6,,,,,,3,,,,,,,
3912,牦牛（驯服）,290,0.7,,150,150,500,500,2horse456,,,,60,60,,,,1,11810,,1,,,,,,,2,,,,,,,
4500,九色鹿0级,290,0.4,,200,200,600,600,,,,,70,70,,,,1,11810,,1,,,,,,,3,,"-300, 20, -150",,,236,,
4501,九色鹿1级,290,0.4,,180,180,800,800,,,,,80,80,,,,2,12273,12274,100,49,,,,,,3,,"-300, 20, -150",,,236,,
4502,九色鹿2级,290,0.4,,180,180,820,820,,,,,80,80,,,,2,12273,12274,100,49,,,,,,3,,"-300, 20, -150",,,236,,
4503,九色鹿3级,290,0.4,,180,180,840,840,,,,,80,80,,,,2,12273,12274,100,49,,,,,,3,,"-300, 20, -150",,,236,,
45004,九色鹿4级,290,0.4,,180,180,860,860,,,,,80,80,,,,2,12273,12274,100,49,,,,,,3,,"-300, 20, -150",,,236,,
45005,九色鹿5级,290,0.4,,200,200,880,880,,,,,90,90,,,,3,12273,12274,100,50,,,,,,3,,"-300, 20, -150",,,236,,
45006,九色鹿6级,290,0.4,,200,200,900,900,,,,,90,90,,,,3,12273,12274,100,50,,,,,,3,,"-300, 20, -150",,,236,,
45007,九色鹿7级,290,0.4,,200,200,920,920,,,,,90,90,,,,3,12273,12274,100,50,,,,,,3,,"-300, 20, -150",,,236,,
45008,九色鹿8级,290,0.4,,200,200,940,940,,,,,90,90,,,,3,12273,12274,100,50,,,,,,3,,"-300, 20, -150",,,236,,
45009,九色鹿9级,290,0.4,,200,200,960,960,,,,,90,90,,,,3,12273,12274,100,50,,,,,,3,,"-300, 20, -150",,,236,,
45010,九色鹿10级,290,0.4,,220,220,1000,1000,,,,,100,100,,,,4,12273,12274,100,50,51,248,,,,3,,"-300, 20, -150",,,236,,
4504,南瓜车0级,290,0.4,0.7,200,200,600,600,,,,,70,70,,,1,1,11810,,1,,,,,,,3,,"-230, 20, -150",,,12515,,
4505,南瓜车1级,290,0.4,0.7,180,180,800,800,,,,,80,80,,,1,2,12273,12274,100,52,,,,,,3,,"-230, 20, -150",,,12515,,
4506,南瓜车2级,290,0.4,0.7,180,180,820,820,,,,,80,80,,,1,2,12273,12274,100,52,,,,,,3,,"-230, 20, -150",,,12515,,
4507,南瓜车3级,290,0.4,0.7,180,180,840,840,,,,,80,80,,,1,2,12273,12274,100,52,,,,,,3,,"-230, 20, -150",,,12515,,
45044,南瓜车4级,290,0.4,0.7,180,180,860,860,,,,,80,80,,,1,2,12273,12274,100,52,,,,,,3,,"-230, 20, -150",,,12515,,
45045,南瓜车5级,290,0.4,0.7,200,200,880,880,,,,,90,90,,,1,3,12273,12274,100,52,54,,,,,3,,"-230, 20, -150",,,12515,,
45046,南瓜车6级,290,0.4,0.7,200,200,900,900,,,,,90,90,,,1,3,12273,12274,100,52,54,,,,,3,,"-230, 20, -150",,,12515,,
45047,南瓜车7级,290,0.4,0.7,200,200,920,920,,,,,90,90,,,1,3,12273,12274,100,52,54,,,,,3,,"-230, 20, -150",,,12515,,
45048,南瓜车8级,290,0.4,0.7,200,200,940,940,,,,,90,90,,,1,3,12273,12274,100,52,54,,,,,3,,"-230, 20, -150",,,12515,,
45049,南瓜车9级,290,0.4,0.7,200,200,960,960,,,,,90,90,,,1,3,12273,12274,100,52,54,,,,,3,,"-230, 20, -150",,,12515,,
45050,南瓜车10级,290,0.4,0.7,220,220,1000,1000,,,,,100,100,,,1,4,12273,12274,100,53,55,248,,,,3,,"-230, 20, -150",,,12515,,
4508,竹蜻蜓0级,290,0.7,,140,140,300,300,,,,,60,60,,,,1,11810,,1,,,,,,,3,,"-260, 60, -150",,,378,1,
4509,竹蜻蜓1级,290,0.7,1.7,160,160,600,600,,,,,70,70,,,,2,12273,12274,100,56,57,,,,,3,,"-260, 60, -150",,,378,1,
4511,白天鹅0级,290,0.7,,160,160,400,400,,,,,70,70,,,,1,,,,,,,,,,3,,"-300, 20, -150",,,12525,,
4512,灰甜绒绒,290,0.7,,140,140,600,600,,,,,70,70,,,,2,11810,,100,,,,,,,3,,"-300, 20, -150",,,12525,,
4513,灰甜绒绒,290,0.7,,145,145,600,600,,,,,70,70,,,,2,11810,,100,,,,,,,3,,"-300, 20, -150",,,12525,,
4514,灰甜绒绒,290,0.7,,150,150,600,600,,,,,70,70,,,,2,11810,,100,,,,,,,3,,"-300, 20, -150",,,12525,,
4515,星愿雪霜,290,0.7,,160,160,700,700,,,,,70,70,,,,3,12273,12274,100,59,,,,,,3,,"-280, 20, -150",,,12525,,
45115,星愿雪霜,290,0.7,,165,165,700,700,,,,,70,70,,,,3,12273,12274,100,59,,,,,,3,,"-280, 20, -150",,,12525,,
45116,星愿雪霜,290,0.7,,170,170,700,700,,,,,70,70,,,,3,12273,12274,100,59,,,,,,3,,"-280, 20, -150",,,12525,,
45117,绮幻奇旅,290,0.7,,180,180,800,800,,,500,500,90,90,,,,4,12273,12274,100,59,60,,,,,3,,"-280, 20, -150",,,12525,,
45118,绮幻奇旅,290,0.7,,185,185,800,800,,,500,500,90,90,,,,4,12273,12274,100,59,60,,,,,3,,"-280, 20, -150",,,12525,,
45119,绮幻奇旅,290,0.7,,190,190,800,800,,,500,500,90,90,,,,4,12273,12274,100,59,60,,,,,3,,"-280, 20, -150",,,12525,,
45120,曦光绘梦,290,0.7,,200,200,900,900,,,700,700,130,130,,,,5,12273,12274,100,59,60,61,,,,3,,"-280, 20, -150",,,12525,,
4516,黑飞机0级,290,0.4,0.6,140,140,300,300,,,,,50,50,,,1,1,11810,,1,,,,,,,3,,,,,11099,,
4517,黑飞机1级,290,0.4,0.6,180,180,800,800,,,,,80,80,,,1,2,12273,,100,62,66,,,,,3,,,,,11099,,
4518,黑飞机2级,290,0.4,0.6,180,180,820,820,,,,,80,80,,,1,2,12273,12274,100,62,66,,,,,3,,,,,11099,,
45163,黑飞机3级,290,0.4,0.6,180,180,840,840,,,,,80,80,,,1,2,12273,12274,100,62,66,,,,,3,,,,,11099,,
45164,黑飞机4级,290,0.4,0.6,180,180,860,860,,,,,80,80,,,1,2,12273,12274,100,62,66,,,,,3,,,,,11099,,
45165,黑飞机5级,290,0.4,0.6,200,200,880,880,,,,,90,90,,,1,2,12273,12274,100,62,66,,,,,3,,,,,11099,,
45166,黑飞机6级,290,0.4,0.6,200,200,900,900,,,,,90,90,,,1,2,12273,12274,100,62,66,,,,,3,,,,,11099,,
45167,黑飞机7级,290,0.4,0.6,200,200,920,920,,,,,90,90,,,1,2,12273,12274,100,62,66,,,,,3,,,,,11099,,
45168,黑飞机8级,290,0.4,0.6,200,200,940,940,,,,,90,90,,,1,2,12273,12274,100,62,66,,,,,3,,,,,11099,,
45169,黑飞机9级,290,0.4,0.6,200,200,960,960,,,,,90,90,,,1,2,12273,12274,100,62,66,,,,,3,,,,,11099,,
45170,黑飞机10级,290,0.4,0.6,220,220,1000,1000,,,,,100,100,,,1,3,12273,12274,100,63,241,68,,,,3,,,,,11099,,
4519,白飞机0级,290,0.4,0.6,140,140,300,300,,,,,50,50,,,1,1,11810,,1,,,,,,,3,,,,,11099,,
4520,白飞机1级,290,0.4,0.6,180,180,800,800,,,,,80,80,,,1,2,12273,,100,64,66,,,,,3,,,,,11099,,
4521,白飞机2级,290,0.4,0.6,180,180,820,820,,,,,80,80,,,1,2,12273,12274,100,64,66,,,,,3,,,,,11099,,
45203,白飞机3级,290,0.4,0.6,180,180,840,840,,,,,80,80,,,1,2,12273,12274,100,64,66,,,,,3,,,,,11099,,
45204,白飞机4级,290,0.4,0.6,180,180,860,860,,,,,80,80,,,1,2,12273,12274,100,64,66,,,,,3,,,,,11099,,
45205,白飞机5级,290,0.4,0.6,200,200,880,880,,,,,90,90,,,1,2,12273,12274,100,64,66,,,,,3,,,,,11099,,
45206,白飞机6级,290,0.4,0.6,200,200,900,900,,,,,90,90,,,1,2,12273,12274,100,64,66,,,,,3,,,,,11099,,
45207,白飞机7级,290,0.4,0.6,200,200,920,920,,,,,90,90,,,1,2,12273,12274,100,64,66,,,,,3,,,,,11099,,
45208,白飞机8级,290,0.4,0.6,200,200,940,940,,,,,90,90,,,1,2,12273,12274,100,64,66,,,,,3,,,,,11099,,
45209,白飞机9级,290,0.4,0.6,200,200,960,960,,,,,90,90,,,1,2,12273,12274,100,64,66,,,,,3,,,,,11099,,
45210,白飞机10级,290,0.4,0.6,220,220,1000,1000,,,,,100,100,,,1,3,12273,12274,100,65,241,68,,,,3,,,,,11099,,
4522,小汽车0级,290,0.7,,180,180,500,500,,,,,60,60,,,1,1,11810,,1,,,,,,,3,,,,,11099,,
4523,小汽车1级,290,0.4,0.7,200,200,600,600,,,,,70,70,,,1,2,11810,,1,69,,,,,,3,,,,,11099,,
4524,环海洛洛0级,290,0.4,0.7,160,160,400,400,,,,,70,70,,,1,1,,,,,,,,,,3,,"-320, 20, -150",,,12525,1,
4525,环海洛洛,290,0.4,0.7,180,180,700,700,,,500,500,80,80,,,1,2,11810,,100,70,13,,,,,3,,"-320, 20, -150",,,12525,1,
4526,环海洛洛,290,0.4,0.7,180,180,730,730,,,500,500,80,80,,,1,2,11810,,100,70,13,,,,,3,,"-320, 20, -150",,,12525,1,
45243,环海洛洛,290,0.4,0.7,180,180,760,760,,,500,500,80,80,,,1,2,11810,,100,70,13,,,,,3,,"-320, 20, -150",,,12525,1,
45244,环海洛洛,290,0.4,0.7,180,180,790,790,,,500,500,80,80,,,1,2,11810,,100,70,13,,,,,3,,"-320, 20, -150",,,12525,1,
45245,环海洛洛,290,0.4,0.7,200,200,800,800,,,500,500,90,90,,,1,2,11810,,100,70,13,,,,,3,,"-320, 20, -150",,,12525,1,
45246,环海洛洛,290,0.4,0.7,200,200,820,820,,,500,500,90,90,,,1,2,11810,,100,70,13,,,,,3,,"-320, 20, -150",,,12525,1,
45247,环海洛洛,290,0.4,0.7,200,200,840,840,,,500,500,90,90,,,1,2,11810,,100,70,13,,,,,3,,"-320, 20, -150",,,12525,1,
45248,环海洛洛,290,0.4,0.7,200,200,860,860,,,500,500,90,90,,,1,2,11810,,100,70,13,,,,,3,,"-320, 20, -150",,,12525,1,
45249,环海洛洛,290,0.4,0.7,200,200,880,880,,,500,500,90,90,,,1,2,11810,,100,70,13,,,,,3,,"-320, 20, -150",,,12525,1,
45250,环海洛洛-进阶,290,0.4,0.7,220,220,900,900,,,700,700,100,100,,,1,3,12273,12274,100,70,13,71,,,,3,,"-320, 20, -150",,,12525,1,
4527,尼东洛洛0级,290,0.5,0.9,160,160,400,400,,,,,70,70,,,1,1,,,,,,,,,,3,,"-320, 20, -150",,,12520,1,
4528,尼东洛洛,290,0.5,0.9,180,180,700,700,,,500,500,80,80,,,1,2,11810,,100,72,13,,,,,3,,"-320, 20, -150",,,12520,1,
4529,尼东洛洛,290,0.5,0.9,180,180,730,730,,,500,500,80,80,,,1,2,11810,,100,72,13,,,,,3,,"-320, 20, -150",,,12520,1,
45273,尼东洛洛,290,0.5,0.9,180,180,760,760,,,500,500,80,80,,,1,2,11810,,100,72,13,,,,,3,,"-320, 20, -150",,,12520,1,
45274,尼东洛洛,290,0.5,0.9,180,180,790,790,,,500,500,80,80,,,1,2,11810,,100,72,13,,,,,3,,"-320, 20, -150",,,12520,1,
45275,尼东洛洛,290,0.5,0.9,200,200,800,800,,,500,500,90,90,,,1,2,11810,,100,72,13,,,,,3,,"-320, 20, -150",,,12520,1,
45276,尼东洛洛,290,0.5,0.9,200,200,820,820,,,500,500,90,90,,,1,2,11810,,100,72,13,,,,,3,,"-320, 20, -150",,,12520,1,
45277,尼东洛洛,290,0.5,0.9,200,200,840,840,,,500,500,90,90,,,1,2,11810,,100,72,13,,,,,3,,"-320, 20, -150",,,12520,1,
45278,尼东洛洛,290,0.5,0.9,200,200,860,860,,,500,500,90,90,,,1,2,11810,,100,72,13,,,,,3,,"-320, 20, -150",,,12520,1,
45279,尼东洛洛,290,0.5,0.9,200,200,880,880,,,500,500,90,90,,,1,2,11810,,100,72,13,,,,,3,,"-320, 20, -150",,,12520,1,
45280,尼东洛洛-进阶,290,0.5,0.9,220,220,900,900,,,700,700,100,100,,,1,3,12273,12274,100,72,13,73,,,,3,,"-320, 20, -150",,,12520,1,
4530,龙0级,290,0.5,0.7,160,160,500,500,,,,,80,80,,,1,1,11810,,1,,,,,,,3,,"-300, 20, -150",,,12519,,
4531,龙1级,290,0.5,0.7,180,180,800,800,,,,,80,80,,,1,2,12273,12274,100,74,,,,,,3,,"-300, 20, -150",,,12519,,
4532,龙2级,290,0.5,0.7,180,180,820,820,,,,,80,80,,,1,2,12273,12274,100,74,,,,,,3,,"-300, 20, -150",,,12519,,
4533,龙3级,290,0.5,0.7,180,180,840,840,,,,,80,80,,,1,2,12273,12274,100,74,,,,,,3,,"-300, 20, -150",,,12519,,
45304,龙4级,290,0.5,0.7,180,180,860,860,,,,,80,80,,,1,2,12273,12274,100,74,,,,,,3,,"-300, 20, -150",,,12519,,
45305,龙5级,290,0.5,0.7,200,200,880,880,,,,,90,90,,,1,3,12273,12274,100,75,20,,,,,3,,"-300, 20, -150",,,12519,,
45306,龙6级,290,0.5,0.7,200,200,900,900,,,,,90,90,,,1,3,12273,12274,100,75,20,,,,,3,,"-300, 20, -150",,,12519,,
45307,龙7级,290,0.5,0.7,200,200,920,920,,,,,90,90,,,1,3,12273,12274,100,75,20,,,,,3,,"-300, 20, -150",,,12519,,
45308,龙8级,290,0.5,0.7,200,200,940,940,,,,,90,90,,,1,3,12273,12274,100,75,20,,,,,3,,"-300, 20, -150",,,12519,,
45309,龙9级,290,0.5,0.7,200,200,960,960,,,,,90,90,,,1,3,12273,12274,100,75,20,,,,,3,,"-300, 20, -150",,,12519,,
45310,龙10级,290,0.5,0.7,280,280,1000,1000,,,,,100,100,,,1,4,12273,12274,100,76,11,241,,,,3,,"-300, 20, -150",,,12519,,
4534,画舫0级,290,0.4,0.5,160,160,400,400,,,,,50,50,,,1,1,11810,,1,,,,,,,3,,"-300, 20, -150",,,11326,,
4535,玲珑音韵,290,0.4,0.5,180,180,800,800,,,,,80,80,,,1,2,12273,12274,100,77,,,,,,3,,"-300, 20, -150",,,11326,,
4536,玲珑音韵,290,0.4,0.5,180,180,820,820,,,,,80,80,,,1,2,12273,12274,100,77,,,,,,3,,"-300, 20, -150",,,11326,,
4537,玲珑音韵,290,0.4,0.5,180,180,840,840,,,,,80,80,,,1,2,12273,12274,100,77,,,,,,3,,"-300, 20, -150",,,11326,,
45344,玲珑音韵,290,0.4,0.5,180,180,860,860,,,,,80,80,,,1,2,12273,12274,100,77,,,,,,3,,"-300, 20, -150",,,11326,,
45345,蝶弄清影,290,0.4,0.5,200,200,880,880,,,,,90,90,,,1,3,12273,12274,100,78,3,,,,,3,,"-300, 20, -150",,,11326,,
45346,蝶弄清影,290,0.4,0.5,200,200,900,900,,,,,90,90,,,1,3,12273,12274,100,78,3,,,,,3,,"-300, 20, -150",,,11326,,
45347,蝶弄清影,290,0.4,0.5,200,200,920,920,,,,,90,90,,,1,3,12273,12274,100,78,3,,,,,3,,"-300, 20, -150",,,11326,,
45348,蝶弄清影,290,0.4,0.5,200,200,940,940,,,,,90,90,,,1,3,12273,12274,100,78,3,,,,,3,,"-300, 20, -150",,,11326,,
45349,蝶弄清影,290,0.4,0.5,200,200,960,960,,,,,90,90,,,1,3,12273,12274,100,78,3,,,,,3,,"-300, 20, -150",,,11326,,
45350,繁花夜明,290,0.4,0.5,220,220,1000,1000,,,,,100,100,,,1,4,12273,12274,100,79,80,248,,,,3,,"-220, 20, -150",,,11326,,
4538,魔毯0级,290,0.5,0.7,160,160,400,400,,,,,50,50,,,1,1,11810,,1,,,,,,,3,,,,,12565,,
4539,天方夜谭,290,0.5,0.7,180,180,800,800,,,,,80,80,,,1,2,12273,12274,100,81,,,,,,3,,,,,12565,,
4540,天方夜谭,290,0.5,0.7,180,180,820,820,,,,,80,80,,,1,2,12273,12274,100,81,,,,,,3,,,,,12565,,
4541,天方夜谭,290,0.5,0.7,180,180,840,840,,,,,80,80,,,1,2,12273,12274,100,81,,,,,,3,,,,,12565,,
45384,天方夜谭,290,0.5,0.7,180,180,860,860,,,,,80,80,,,1,2,12273,12274,100,81,,,,,,3,,,,,12565,,
45385,波斯飞毯,290,0.5,0.7,200,200,880,880,,,,,90,90,,,1,3,12273,12274,100,82,22,,,,,3,,,,,12565,,
45386,波斯飞毯,290,0.5,0.7,200,200,900,900,,,,,90,90,,,1,3,12273,12274,100,82,22,,,,,3,,,,,12565,,
45387,波斯飞毯,290,0.5,0.7,200,200,920,920,,,,,90,90,,,1,3,12273,12274,100,82,22,,,,,3,,,,,12565,,
45388,波斯飞毯,290,0.5,0.7,200,200,940,940,,,,,90,90,,,1,3,12273,12274,100,82,22,,,,,3,,,,,12565,,
45389,波斯飞毯,290,0.5,0.7,200,200,960,960,,,,,90,90,,,1,3,12273,12274,100,82,22,,,,,3,,,,,12565,,
45390,星月魔毯,290,0.5,0.7,220,220,1000,1000,,,,,100,100,,,1,4,12273,12274,100,83,22,84,241,,,3,,,,,12565,,
4542,机械鸟0级,290,0.5,0.7,160,160,500,500,,,,,50,50,,,1,1,11810,,1,,,,,,,3,,"-380, 20, -150",,,12705,,
4543,咕咕,290,0.5,0.7,180,180,800,800,,,,,80,80,,,1,2,12273,12274,100,85,,,,,,3,,"-380, 20, -150",,,12705,,
4544,咕咕,290,0.5,0.7,180,180,820,820,,,,,80,80,,,1,2,12273,12274,100,85,,,,,,3,,"-300, 20, -150",,,12705,,
4545,咕咕,290,0.5,0.7,180,180,840,840,,,,,80,80,,,1,2,12273,12274,100,85,,,,,,3,,"-300, 20, -150",,,12705,,
45424,咕咕,290,0.5,0.7,180,180,860,860,,,,,80,80,,,1,2,12273,12274,100,85,,,,,,3,,"-300, 20, -150",,,12705,,
45425,炼金雀,290,0.5,0.7,200,200,880,880,,,,,90,90,,,1,3,12273,12274,100,85,87,,,,,3,,"-300, 20, -150",,,12705,,
45426,炼金雀,290,0.5,0.7,200,200,900,900,,,,,90,90,,,1,3,12273,12274,100,85,87,,,,,3,,"-300, 20, -150",,,12705,,
45427,炼金雀,290,0.5,0.7,200,200,920,920,,,,,90,90,,,1,3,12273,12274,100,85,87,,,,,3,,"-300, 20, -150",,,12705,,
45428,炼金雀,290,0.5,0.7,200,200,940,940,,,,,90,90,,,1,3,12273,12274,100,85,87,,,,,3,,"-300, 20, -150",,,12705,,
45429,炼金雀,290,0.5,0.7,200,200,960,960,,,,,90,90,,,1,3,12273,12274,100,85,87,,,,,3,,"-300, 20, -150",,,12705,,
45430,千机隼,290,0.5,0.7,220,220,1000,1000,,,,,100,100,,,1,4,12273,12274,100,86,87,241,,,,3,,"-300, 20, -150",,,12705,,
4546,打碟机0级,290,0.5,0.7,200,200,600,600,,,,,60,60,,,1,1,11810,,1,,,,,,,3,,,,,12574,1,
4547,最强音浪,290,0.5,0.7,180,180,800,800,,,,,80,80,,,1,2,12273,12274,100,89,91,,,,,3,,,,,12574,1,
4548,最强音浪,290,0.5,0.7,180,180,820,820,,,,,80,80,,,1,2,12273,12274,100,89,9102,,,,,3,,,,,12574,1,
45463,最强音浪,290,0.5,0.7,180,180,840,840,,,,,80,80,,,1,2,12273,12274,100,89,9103,,,,,3,,,,,12574,1,
45464,最强音浪,290,0.5,0.7,180,180,860,860,,,,,80,80,,,1,2,12273,12274,100,89,9104,,,,,3,,,,,12574,1,
45465,最强音浪,290,0.5,0.7,200,200,880,880,,,,,90,90,,,1,2,12273,12274,100,89,9105,,,,,3,,,,,12574,1,
45466,最强音浪,290,0.5,0.7,200,200,900,900,,,,,90,90,,,1,2,12273,12274,100,89,9106,,,,,3,,,,,12574,1,
45467,最强音浪,290,0.5,0.7,200,200,920,920,,,,,90,90,,,1,2,12273,12274,100,89,9106,,,,,3,,,,,12574,1,
45468,最强音浪,290,0.5,0.7,200,200,940,940,,,,,90,90,,,1,2,12273,12274,100,89,9106,,,,,3,,,,,12574,1,
45469,最强音浪,290,0.5,0.7,200,200,960,960,,,,,90,90,,,1,2,12273,12274,100,89,9106,,,,,3,,,,,12574,1,
45470,无限电音,290,0.5,0.7,220,220,1000,1000,,,,,100,100,,,1,3,12273,12274,100,90,92,248,,,,3,,"-220, 20, -150",,,12574,1,
4549,花架0级,290,0.5,0.5,160,160,600,600,,,,,60,60,,,1,1,11810,,1,,,,,,,3,,"-290, 20, -150",,,378,,
4550,云中花架,290,0.55,0.55,180,180,800,800,,,,,80,80,,,1,2,12273,12274,100,93,94,,,,,3,,"-290, 20, -150",,,378,,
4551,云中花架,290,0.55,0.55,180,180,820,820,,,,,80,80,,,1,2,12273,12274,100,93,94,,,,,3,,"-290, 20, -150",,,378,,
45493,云中花架,290,0.55,0.55,180,180,840,840,,,,,80,80,,,1,2,12273,12274,100,93,94,,,,,3,,"-290, 20, -150",,,378,,
45494,云中花架,290,0.55,0.55,180,180,860,860,,,,,80,80,,,1,2,12273,12274,100,93,94,,,,,3,,"-290, 20, -150",,,378,,1 1 1|0 1 0|1 1 0|1 0 0.5|1 0 1|0 0.5 1
45495,云中花架,290,0.55,0.55,200,200,880,880,,,,,90,90,,,1,2,12273,12274,100,93,94,,,,,3,,"-290, 20, -150",,,378,,1 1 1|0 1 0|1 1 0|1 0 0.5|1 0 1|0 0.5 1
45496,云中花架,290,0.55,0.55,200,200,900,900,,,,,90,90,,,1,2,12273,12274,100,93,94,,,,,3,,"-290, 20, -150",,,378,,
45497,云中花架,290,0.55,0.55,200,200,920,920,,,,,90,90,,,1,2,12273,12274,100,93,94,,,,,3,,"-290, 20, -150",,,378,,
45498,云中花架,290,0.55,0.55,200,200,940,940,,,,,90,90,,,1,2,12273,12274,100,93,94,,,,,3,,"-290, 20, -150",,,378,,
45499,云中花架,290,0.55,0.55,200,200,960,960,,,,,90,90,,,1,2,12273,12274,100,93,94,,,,,3,,"-290, 20, -150",,,378,,
45500,云梦飞舞,290,0.55,0.55,220,220,1000,1000,,,,,100,100,,,1,3,12273,12274,100,93,95,241,,,,3,,"-290, 20, -150",,,378,,
4552,扇子0级,290,0.5,0.7,200,200,600,600,,,,,60,60,,,1,1,11810,,1,,,,,,,3,,,,,12601,,
4553,水云游,290,0.5,0.7,220,220,800,800,,,,,80,80,,,1,2,12273,12274,100,96,98,,,,,3,,,,,12601,,
4554,水云游,290,0.5,0.7,220,220,820,820,,,,,80,80,,,1,2,12273,12274,100,96,98,,,,,3,,,,,12601,,
45523,水云游,290,0.5,0.7,220,220,840,840,,,,,80,80,,,1,2,12273,12274,100,96,98,,,,,3,,,,,12601,,
45524,水云游,290,0.5,0.7,220,220,860,860,,,,,80,80,,,1,2,12273,12274,100,96,98,,,,,3,,,,,12601,,
45525,水云游,290,0.5,0.7,220,220,880,880,,,,,90,90,,,1,2,12273,12274,100,96,98,,,,,3,,,,,12601,,
45526,水云游,290,0.5,0.7,220,220,900,900,,,,,90,90,,,1,2,12273,12274,100,96,98,,,,,3,,,,,12601,,
45527,水云游,290,0.5,0.7,220,220,920,920,,,,,90,90,,,1,2,12273,12274,100,96,98,,,,,3,,,,,12601,,
45528,水云游,290,0.5,0.7,220,220,940,940,,,,,90,90,,,1,2,12273,12274,100,96,98,,,,,3,,,,,12601,,
45529,水云游,290,0.5,0.7,220,220,960,960,,,,,90,90,,,1,2,12273,12274,100,96,98,,,,,3,,,,,12601,,
45530,醉花荫,290,0.5,0.7,260,260,1000,1000,,,,,100,100,,,1,3,12273,12274,100,97,241,99,,,,3,,,,,12601,,
4555,旺财0级,290,0.5,,200,200,600,600,,,,,60,60,,,1,1,11810,,1,,,,,,,3,,"-300, 20, -150",,,12518,,
4556,旺财,290,0.5,,200,200,600,600,,,,,70,70,,,1,2,12273,12274,101,100,,,,,,3,,"-300, 20, -150",,,12518,,
4559,帝皇驹0级,290,0.5,,220,220,800,800,,,,,60,60,,,1,1,11810,,1,,,,,,,3,,"-300, 20, -150",,,12531,,
4560,超音帝皇驹,290,0.5,,220,220,800,800,,,,,80,80,,,1,2,12273,12274,100,101,,,,,,3,,"-300, 20, -150",,,12531,,
4561,超音帝皇驹,290,0.5,,220,220,830,830,,,,,80,80,,,1,2,12273,12274,100,101,,,,,,3,,"-300, 20, -150",,,12531,,
4562,超音帝皇驹,290,0.5,,220,220,860,860,,,,,80,80,,,1,2,12273,12274,100,101,,,,,,3,,"-300, 20, -150",,,12531,,
45594,超音帝皇驹,290,0.5,,220,220,890,890,,,,,80,80,,,1,2,12273,12274,100,101,,,,,,3,,"-300, 20, -150",,,12531,,
45595,陆行帝皇驹,290,0.5,,240,240,900,900,,,,,90,90,,,1,3,12273,12274,100,101,103,,,,,3,210,"-300, 20, -150",,,12531,,
45596,陆行帝皇驹,290,0.5,,240,240,920,920,,,,,90,90,,,1,3,12273,12274,100,101,103,,,,,3,210,"-300, 20, -150",,,12531,,
45597,陆行帝皇驹,290,0.5,,240,240,940,940,,,,,90,90,,,1,3,12273,12274,100,101,103,,,,,3,210,"-300, 20, -150",,,12531,,
45598,陆行帝皇驹,290,0.5,,240,240,960,960,,,,,90,90,,,1,3,12273,12274,100,101,103,,,,,3,210,"-300, 20, -150",,,12531,,
45599,陆行帝皇驹,290,0.5,,240,240,980,980,,,,,90,90,,,1,3,12273,12274,100,101,103,,,,,3,210,"-300, 20, -150",,,12531,,
45600,帝皇战龙,290,0.5,,260,260,1000,1000,,,,,100,100,,,1,4,12273,12274,100,102,103,241,,,,3,220,"-300, 20, -150",,,12531,,
4563,布老虎0级,290,0.5,,180,180,700,700,,,,,60,60,,,1,1,11810,,1,,,,,,,3,,"-300, 20, -150",,,12530,,
4564,小老虎,290,0.5,,180,180,800,800,,,,,80,80,,,1,2,12273,12274,100,105,,,,,,3,,"-300, 20, -150",,,12530,,
4565,小老虎,290,0.5,,180,180,830,830,,,,,80,80,,,1,2,12273,12274,100,105,,,,,,3,,"-300, 20, -150",,,12530,,
4566,小老虎,290,0.5,,180,180,860,860,,,,,80,80,,,1,2,12273,12274,100,105,,,,,,3,,"-300, 20, -150",,,12530,,
45634,小老虎,290,0.5,,180,180,890,890,,,,,80,80,,,1,2,12273,12274,100,105,,,,,,3,,"-300, 20, -150",,,12530,,
45635,萌虎下山,290,0.5,,200,200,900,900,,,,,90,90,,,1,3,12273,12274,100,105,107,,,,,3,210,"-300, 20, -150",,,12530,,
45636,萌虎下山,290,0.5,,200,200,920,920,,,,,90,90,,,1,3,12273,12274,100,105,10702,,,,,3,210,"-300, 20, -150",,,12530,,
45637,萌虎下山,290,0.5,,200,200,940,940,,,,,90,90,,,1,3,12273,12274,100,105,10703,,,,,3,210,"-300, 20, -150",,,12530,,
45638,萌虎下山,290,0.5,,200,200,960,960,,,,,90,90,,,1,3,12273,12274,100,105,10704,,,,,3,210,"-300, 20, -150",,,12530,,
45639,萌虎下山,290,0.5,,200,200,980,980,,,,,90,90,,,1,3,12273,12274,100,105,10705,,,,,3,210,"-300, 20, -150",,,12530,,
45640,虎虎生威,290,0.5,,220,220,1000,1000,,,,,100,100,,,1,4,12273,12274,100,106,10706,108,248,,,3,220,"-300, 20, -150",,,12530,,
4567,米兰达0级,290,0.5,,100,100,2000,2000,,,,,70,70,,,,1,11810,,,,,,,,,1,,,,,,,
4568,米兰达,290,0.5,,100,100,2000,2000,,,,,70,70,,,,2,12273,12274,,,,,,,,1,,,,,,,
4569,帝皇侠0级,290,0.5,,100,100,2000,2000,,,,,70,70,,,,1,11810,,,,,,,,,1,,,,,,,
4570,帝皇侠,290,0.5,,100,100,2000,2000,,,,,70,70,,,,2,12273,12274,,,,,,,,1,,,,,,,
4571,纸鹤0级,290,0.5,0.7,160,160,500,500,,,,,60,60,,,1,1,11810,,1,,,,,,,3,,"-300, 20, -150",,,302,,
4572,星语心愿,290,0.5,0.7,180,180,800,800,,,,,80,80,,,1,2,12273,12274,100,109,,,,,,3,,"-300, 20, -150",,,302,,
4573,星语心愿,290,0.5,0.7,180,180,830,830,,,,,80,80,,,1,2,12273,12274,100,109,,,,,,3,,"-300, 20, -150",,,302,,
4574,星语心愿,290,0.5,0.7,180,180,860,860,,,,,80,80,,,1,2,12273,12274,100,109,,,,,,3,,"-300, 20, -150",,,302,,
45744,星语心愿,290,0.5,0.7,180,180,890,890,,,,,80,80,,,1,2,12273,12274,100,109,,,,,,3,,"-300, 20, -150",,,302,,
45745,华灯初上,290,0.5,0.7,200,200,900,900,,,,,90,90,,,1,3,12273,12274,100,110,112,,,,,3,,"-300, 20, -150",,,302,,
45746,华灯初上,290,0.5,0.7,200,200,920,920,,,,,90,90,,,1,3,12273,12274,100,110,112,,,,,3,,"-300, 20, -150",,,302,,
45747,华灯初上,290,0.5,0.7,200,200,940,940,,,,,90,90,,,1,3,12273,12274,100,110,112,,,,,3,,"-300, 20, -150",,,302,,
45748,华灯初上,290,0.5,0.7,200,200,960,960,,,,,90,90,,,1,3,12273,12274,100,110,112,,,,,3,,"-300, 20, -150",,,302,,
45749,华灯初上,290,0.5,0.7,200,200,980,980,,,,,90,90,,,1,3,12273,12274,100,110,112,,,,,3,,"-300, 20, -150",,,302,,
45750,春风燕语,290,0.5,0.7,220,220,1000,1000,,,,,100,100,,,1,4,12273,12274,100,111,241,113,,,,3,,"-300, 20, -150",,,302,,
4575,沙漠之舟0级,290,0.5,,160,160,500,500,,,,,60,60,,,1,1,11810,,1,,,,,,,3,,,,,,,
4576,沙漠之舟,290,0.5,,220,220,600,600,,,,,60,60,,,1,2,12273,12274,100,6,,,,,,3,,,,,,,
4577,绿洲使者,290,0.5,,260,260,700,700,,,,,70,70,,,1,3,12273,12274,100,6,,,,,,3,,,,,,,
4578,华丽神驼,290,0.5,,290,290,800,800,,,,,80,80,,,1,4,12273,12274,100,6,,,,,,3,,,,,,,
4579,画卷0级,290,0.5,,180,180,600,600,,,,,60,60,,,1,1,11810,,1,,,,,,,3,,"-210, 20, -150",,,12613,,
4580,梦逍遥,290,0.5,,180,180,800,800,,,,,80,80,,,1,2,12273,12274,100,114,116,,,,,3,,"-210, 20, -150",,,12613,,
4581,梦逍遥,290,0.5,,180,180,830,830,,,,,80,80,,,1,2,12273,12274,100,114,116,,,,,3,,"-210, 20, -150",,,12613,,
45793,梦逍遥,290,0.5,,180,180,860,860,,,,,80,80,,,1,2,12273,12274,100,114,116,,,,,3,,"-210, 20, -150",,,12613,,
45794,梦逍遥,290,0.5,,180,180,890,890,,,,,80,80,,,1,2,12273,12274,100,114,116,,,,,3,,"-210, 20, -150",,,12613,,
45795,梦逍遥,290,0.5,,200,200,900,900,,,,,90,90,,,1,2,12273,12274,100,114,116,,,,,3,,"-210, 20, -150",,,12613,,
45796,梦逍遥,290,0.5,,200,200,920,920,,,,,90,90,,,1,2,12273,12274,100,114,116,,,,,3,,"-210, 20, -150",,,12613,,
45797,梦逍遥,290,0.5,,200,200,940,940,,,,,90,90,,,1,2,12273,12274,100,114,116,,,,,3,,"-210, 20, -150",,,12613,,
45798,梦逍遥,290,0.5,,200,200,960,960,,,,,90,90,,,1,2,12273,12274,100,114,116,,,,,3,,"-210, 20, -150",,,12613,,
45799,梦逍遥,290,0.5,,200,200,980,980,,,,,90,90,,,1,2,12273,12274,100,114,116,,,,,3,,"-210, 20, -150",,,12613,,
45800,绘江山,290,0.5,,220,220,1000,1000,,,,,100,100,,,1,3,12273,12274,100,115,116,117,241,,,3,,"-210, 20, -150",,,12613,,
4582,仙钥0级,290,0.5,0.55,160,160,500,500,,,,,60,60,,,1,1,11810,,1,,,,,,,3,,,,,12508,,
4583,逐影之钥,290,0.5,0.7,180,180,800,800,,,,,80,80,,,1,2,12273,12274,100,118,,,,,,3,200,"-230, 20, -150",,,12508,,
4584,逐影之钥,290,0.5,0.7,180,180,830,830,,,,,80,80,,,1,2,12273,12274,100,118,,,,,,3,200,"-230, 20, -150",,,12508,,
4585,逐影之钥,290,0.5,0.6,180,180,860,860,,,,,80,80,,,1,2,12273,12274,100,118,,,,,,3,200,"-230, 20, -150",,,12508,,
45824,逐影之钥,290,0.5,0.6,180,180,890,890,,,,,80,80,,,1,2,12273,12274,100,118,,,,,,3,200,"-230, 20, -150",,,12508,,
45825,梦璃之钥,290,0.5,0.6,200,200,900,900,,,,,90,90,,,1,3,12273,12274,100,118,9,,,,,3,210,,,,12508,,
45826,梦璃之钥,290,0.5,0.6,200,200,920,920,,,,,90,90,,,1,3,12273,12274,100,118,9,,,,,3,210,,,,12508,,
45827,梦璃之钥,290,0.5,0.6,200,200,940,940,,,,,90,90,,,1,3,12273,12274,100,118,9,,,,,3,210,,,,12508,,
45828,梦璃之钥,290,0.5,0.6,200,200,960,960,,,,,90,90,,,1,3,12273,12274,100,118,9,,,,,3,210,,,,12508,,
45829,梦璃之钥,290,0.5,0.6,200,200,980,980,,,,,90,90,,,1,3,12273,12274,100,118,9,,,,,3,210,,,,12508,,
45830,羽辉之钥,290,0.5,0.6,220,220,1000,1000,,,,,100,100,,,1,4,12273,12274,100,119,9,120,241,,,3,220,"-290, 20, -150",,,12508,,
4586,御剑0级,290,0.5,,180,180,600,600,,,,,60,60,,,1,1,11810,,1,,,,,,,3,,,,,12516,1,
4587,赤霄长剑,290,0.5,,160,160,700,700,,,,,70,70,,,1,2,12273,12274,100,121,123,,,,,3,,,,,12516,1,
4588,赤霄长剑,290,0.5,,160,160,730,730,,,,,70,70,,,1,2,12273,12274,100,121,123,,,,,3,,,,,12516,1,
45863,赤霄长剑,290,0.5,,160,160,760,760,,,,,70,70,,,1,2,12273,12274,100,121,123,,,,,3,,,,,12516,1,
45864,赤霄长剑,290,0.5,,160,160,790,790,,,,,70,70,,,1,2,12273,12274,100,121,123,,,,,3,,,,,12516,1,
45865,赤霄长剑,290,0.5,,170,170,800,800,,,,,80,80,,,1,2,12273,12274,100,121,123,,,,,3,,,,,12516,1,
45866,赤霄长剑,290,0.5,,170,170,820,820,,,,,80,80,,,1,2,12273,12274,100,121,123,,,,,3,,,,,12516,1,
45867,赤霄长剑,290,0.5,,170,170,840,840,,,,,80,80,,,1,2,12273,12274,100,121,123,,,,,3,,,,,12516,1,
45868,赤霄长剑,290,0.5,,170,170,860,860,,,,,80,80,,,1,2,12273,12274,100,121,123,,,,,3,,,,,12516,1,
45869,赤霄长剑,290,0.5,,170,170,880,880,,,,,80,80,,,1,2,12273,12274,100,121,123,,,,,3,,,,,12516,1,
45870,轩辕圣剑,290,0.5,,180,180,900,900,,,,,90,90,,,1,3,12273,12274,100,122,123,124,,,,3,,,,,12516,1,
4589,浴缸0级,290,0.5,,180,180,600,600,,,,,60,60,,,1,1,11810,,1,,,,,,,3,,"-280, 30, -150",,,12500,,
4590,休闲时光,290,0.3,0.6,180,180,800,800,,,,,80,80,,,1,2,12273,12274,100,125,,,,,,3,,"-280, 30, -150",,,12500,,
4591,休闲时光,290,0.3,0.6,180,180,830,830,,,,,80,80,,,1,2,12273,12274,100,125,,,,,,3,,"-280, 30, -150",,,12500,,
4592,休闲时光,290,0.3,0.5,180,180,860,860,,,,,80,80,,,1,2,12273,12274,100,125,,,,,,3,,"-280, 30, -150",,,12500,,
45894,休闲时光,290,0.3,0.5,180,180,890,890,,,,,80,80,,,1,2,12273,12274,100,125,,,,,,3,,"-280, 30, -150",,,12500,,
45895,童趣时光,290,0.3,0.5,200,200,900,900,,,,,90,90,,,1,3,12273,12274,100,125,127,,,,,3,,"-280, 30, -150",,,12500,,
45896,童趣时光,290,0.3,0.5,200,200,920,920,,,,,90,90,,,1,3,12273,12274,100,125,127,,,,,3,,"-280, 30, -150",,,12500,,
45897,童趣时光,290,0.3,0.5,200,200,940,940,,,,,90,90,,,1,3,12273,12274,100,125,127,,,,,3,,"-280, 30, -150",,,12500,,
45898,童趣时光,290,0.3,0.5,200,200,960,960,,,,,90,90,,,1,3,12273,12274,100,125,127,,,,,3,,"-280, 30, -150",,,12500,,
45899,童趣时光,290,0.3,0.5,200,200,980,980,,,,,90,90,,,1,3,12273,12274,100,125,127,,,,,3,,"-280, 30, -150",,,12500,,
45900,梦幻时光,290,0.3,0.5,220,220,1000,1000,,,,,100,100,,,1,4,12273,12274,100,126,248,128,,,,3,,"-280, 30, -150",,,12500,,
4593,狐仙0级,290,0.5,,180,180,600,600,,,,,60,60,,,1,1,11810,,1,,,,,,,3,,"-280, 20, -150",,,12525,,
4594,萌小狸,290,0.5,,180,180,800,800,,,,,80,80,,,1,2,12273,12274,100,129,,,,,,3,200,"-340, 20, -150",,,12525,,
4595,萌小狸,290,0.5,,180,180,830,830,,,,,80,80,,,1,2,12273,12274,100,129,,,,,,3,200,"-340, 20, -150",,,12525,,
4596,萌小狸,290,0.5,,180,180,860,860,,,,,80,80,,,1,2,12273,12274,100,129,,,,,,3,200,"-340, 20, -150",,,12525,,
45934,萌小狸,290,0.5,,180,180,890,890,,,,,80,80,,,1,2,12273,12274,100,129,,,,,,3,200,"-340, 20, -150",,,12525,,
45935,狐灵俐,290,0.5,,200,200,900,900,,,,,90,90,,,1,3,12273,12274,100,129,131,,,,,3,210,"-300, 20, -150",,,12525,,
45936,狐灵俐,290,0.5,,200,200,920,920,,,,,90,90,,,1,3,12273,12274,100,129,13101,,,,,3,210,"-300, 20, -150",,,12525,,
45937,狐灵俐,290,0.5,,200,200,940,940,,,,,90,90,,,1,3,12273,12274,100,129,13102,,,,,3,210,"-300, 20, -150",,,12525,,
45938,狐灵俐,290,0.5,,200,200,960,960,,,,,90,90,,,1,3,12273,12274,100,129,13103,,,,,3,210,"-300, 20, -150",,,12525,,
45939,狐灵俐,290,0.5,,200,200,980,980,,,,,90,90,,,1,3,12273,12274,100,129,13104,,,,,3,210,"-300, 20, -150",,,12525,,
45940,赤颜幻姬,290,0.5,,220,220,1000,1000,,,,,100,100,,,1,4,12273,12274,100,130,13105,132,248,,,3,220,"-280, 20, -150",,,12525,,
4597,猫猫车0级,290,0.5,,200,200,600,600,,,,,60,60,,,1,1,11810,,1,,,,,,,3,,"-280, 20, -150",,,11099,,
4598,喵萌敞篷车,290,0.5,,200,200,600,600,,,,,70,70,,,1,2,12273,12274,100,133,,,,,,3,,"-280, 20, -150",,,11099,,
4601,骆驼0级,290,0.5,,180,180,600,600,,,,,60,60,,,1,1,11810,,1,,,,,,,3,,"-280, 20, -150",,,12601,,
4602,驼铃声声,290,0.5,,160,160,600,600,,,,,70,70,,,1,2,12273,12274,100,134,,,,,,3,,"-280, 20, -150",,,12601,,
4603,驼铃声声,290,0.5,,160,160,620,620,,,,,70,70,,,1,2,12273,12274,100,134,,,,,,3,,"-280, 20, -150",,,12601,,
46013,驼铃声声,290,0.5,,160,160,640,640,,,,,70,70,,,1,2,12273,12274,100,134,,,,,,3,,"-280, 20, -150",,,12601,,
46014,驼铃声声,290,0.5,,160,160,660,660,,,,,70,70,,,1,2,12273,12274,100,134,,,,,,3,,"-280, 20, -150",,,12601,,
46015,驼铃声声,290,0.5,,160,160,680,680,,,,,80,80,,,1,2,12273,12274,100,134,,,,,,3,,"-280, 20, -150",,,12601,,
46016,驼铃声声,290,0.5,,160,160,700,700,,,,,80,80,,,1,2,12273,12274,100,134,,,,,,3,,"-280, 20, -150",,,12601,,
46017,驼铃声声,290,0.5,,160,160,720,720,,,,,80,80,,,1,2,12273,12274,100,134,,,,,,3,,"-280, 20, -150",,,12601,,
46018,驼铃声声,290,0.5,,160,160,740,740,,,,,80,80,,,1,2,12273,12274,100,134,,,,,,3,,"-280, 20, -150",,,12601,,
46019,驼铃声声,290,0.5,,160,160,760,760,,,,,80,80,,,1,2,12273,12274,100,134,,,,,,3,,"-280, 20, -150",,,12601,,
46020,沙漠之舟,290,0.5,,180,180,800,800,,,,,90,90,,,1,3,12273,12274,100,134,135,,,,,3,,"-280, 20, -150",,,12601,,
4605,孔雀0级,290,0.5,,180,180,600,600,,,,,60,60,,,1,1,11810,,1,,,,,,,3,,"-280, 20, -150",,,12525,,
4606,青绿,290,0.5,,180,180,800,800,,,,,80,80,,,1,2,12273,12274,100,136,,,,,,3,200,"-280, 20, -150",,,12525,,
4607,青绿,290,0.5,,180,180,830,830,,,,,80,80,,,1,2,12273,12274,100,136,,,,,,3,200,"-280, 20, -150",,,12525,,
4608,青绿,290,0.5,,180,180,860,860,,,,,80,80,,,1,2,12273,12274,100,136,,,,,,3,200,"-280, 20, -150",,,12525,,
46054,青绿,290,0.5,,180,180,890,890,,,,,80,80,,,1,2,12273,12274,100,136,,,,,,3,200,"-280, 20, -150",,,12525,,
46055,子夜,290,0.5,,200,200,900,900,,,,,90,90,,,1,3,12273,12274,100,137,139,,,,,3,210,"-280, 20, -150",,,12525,,
46056,子夜,290,0.5,,200,200,920,920,,,,,90,90,,,1,3,12273,12274,100,137,139,,,,,3,210,"-280, 20, -150",,,12525,,
46057,子夜,290,0.5,,200,200,940,940,,,,,90,90,,,1,3,12273,12274,100,137,139,,,,,3,210,"-280, 20, -150",,,12525,,
46058,子夜,290,0.5,,200,200,960,960,,,,,90,90,,,1,3,12273,12274,100,137,139,,,,,3,210,"-280, 20, -150",,,12525,,
46059,子夜,290,0.5,,200,200,980,980,,,,,90,90,,,1,3,12273,12274,100,137,139,,,,,3,210,"-280, 20, -150",,,12525,,
46060,韶光,290,0.5,,220,220,1000,1000,,,,,100,100,,,1,4,12273,12274,100,138,241,140,,,,3,220,"-280, 20, -150",,,12525,,
4609,月饼0级,290,0.5,,180,180,600,600,,,,,60,60,,,1,1,11810,,1,,,,,,,3,,"-320, 20, -150",,,11599,,
4610,心里软,290,0.5,,180,180,800,800,,,,,80,80,,,1,2,12273,12274,100,141,,,,,,3,200,"-320, 20, -150",,,11599,,
4611,心里软,290,0.5,,180,180,830,830,,,,,80,80,,,1,2,12273,12274,100,141,,,,,,3,200,"-320, 20, -150",,,11599,,
4612,心里软,290,0.5,,180,180,860,860,,,,,80,80,,,1,2,12273,12274,100,141,,,,,,3,200,"-320, 20, -150",,,11599,,
46094,心里软,290,0.5,,180,180,890,890,,,,,80,80,,,1,2,12273,12274,100,141,,,,,,3,200,"-320, 20, -150",,,11599,,
46095,遥相思,290,0.5,0.7,200,200,900,900,,,,,90,90,,,1,3,12273,12274,100,142,143,,,,,3,210,"-300, 20, -150",,,11599,,
46096,遥相思,290,0.5,0.7,200,200,920,920,,,,,90,90,,,1,3,12273,12274,100,142,143,,,,,3,210,"-300, 20, -150",,,11599,,
46097,遥相思,290,0.5,0.7,200,200,940,940,,,,,90,90,,,1,3,12273,12274,100,142,143,,,,,3,210,"-300, 20, -150",,,11599,,
46098,遥相思,290,0.5,0.7,200,200,960,960,,,,,90,90,,,1,3,12273,12274,100,142,143,,,,,3,210,"-300, 20, -150",,,11599,,
46099,遥相思,290,0.5,0.7,200,200,980,980,,,,,90,90,,,1,3,12273,12274,100,142,143,,,,,3,210,"-300, 20, -150",,,11599,,
46100,月中桂,290,0.5,0.6,220,220,1000,1000,,,,,100,100,,,1,4,12273,12274,100,142,248,144,,,,3,220,"-280, 20, -150",,,11599,,
4613,步撵0级,290,0.5,,180,180,600,600,,,,,60,60,,,1,1,11810,,1,,,,,,,3,,,,,12610,,
4614,紫幽铃,290,0.5,0.75,180,180,800,800,,,,,80,80,,,1,2,12273,12274,100,145,,,,,,3,,,,,12610,,
4615,紫幽铃,290,0.5,0.75,180,180,830,830,,,,,80,80,,,1,2,12273,12274,100,145,,,,,,3,,,,,12610,,
4616,紫幽铃,290,0.5,0.75,180,180,860,860,,,,,80,80,,,1,2,12273,12274,100,145,,,,,,3,,,,,12610,,
46134,紫幽铃,290,0.5,0.75,180,180,890,890,,,,,80,80,,,1,2,12273,12274,100,145,,,,,,3,,,,,12610,,
46135,铃梦沁蝶,290,0.5,0.75,200,200,900,900,,,,,90,90,,,1,3,12273,12274,100,145,147,,,,,3,,,,,12610,,
46136,铃梦沁蝶,290,0.5,0.75,200,200,920,920,,,,,90,90,,,1,3,12273,12274,100,145,147,,,,,3,,,,,12610,,
46137,铃梦沁蝶,290,0.5,0.75,200,200,940,940,,,,,90,90,,,1,3,12273,12274,100,145,147,,,,,3,,,,,12610,,
46138,铃梦沁蝶,290,0.5,0.75,200,200,960,960,,,,,90,90,,,1,3,12273,12274,100,145,147,,,,,3,,,,,12610,,
46139,铃梦沁蝶,290,0.5,0.75,200,200,980,980,,,,,90,90,,,1,3,12273,12274,100,145,147,,,,,3,,,,,12610,,
46140,风铃兰语,290,0.5,0.75,220,220,1200,1200,,,,,100,100,,,1,4,12273,12274,100,146,241,148,,,,3,,,,,12610,,
4617,滑板0级,290,0.5,,180,180,600,600,,,,,60,60,,,1,1,11810,,1,,,,,,,3,,"-320,20,-150",,,12613,1,
4618,枫潮滑板,290,0.5,1.2,160,160,600,600,,,,,70,70,,,1,2,12273,12274,100,149,,,,,,3,,"-320,20,-150",,,12613,1,
4619,枫潮滑板,290,0.5,1.2,160,160,620,620,,,,,70,70,,,1,2,12273,12274,100,149,,,,,,3,,"-320,20,-150",,,12613,1,
46173,枫潮滑板,290,0.5,1.2,160,160,640,640,,,,,70,70,,,1,2,12273,12274,100,149,,,,,,3,,"-320,20,-150",,,12613,1,
46174,枫潮滑板,290,0.5,1.2,160,160,660,660,,,,,70,70,,,1,2,12273,12274,100,149,,,,,,3,,"-320,20,-150",,,12613,1,
46175,枫潮滑板,290,0.5,1.2,160,160,680,680,,,,,80,80,,,1,2,12273,12274,100,149,,,,,,3,,"-320,20,-150",,,12613,1,
46176,枫潮滑板,290,0.5,1.2,160,160,700,700,,,,,80,80,,,1,2,12273,12274,100,149,,,,,,3,,"-320,20,-150",,,12613,1,
46177,枫潮滑板,290,0.5,1.2,160,160,720,720,,,,,80,80,,,1,2,12273,12274,100,149,,,,,,3,,"-320,20,-150",,,12613,1,
46178,枫潮滑板,290,0.5,1.2,160,160,740,740,,,,,80,80,,,1,2,12273,12274,100,149,,,,,,3,,"-320,20,-150",,,12613,1,
46179,枫潮滑板,290,0.5,1.2,160,160,760,760,,,,,80,80,,,1,2,12273,12274,100,149,,,,,,3,,"-320,20,-150",,,12613,1,
46180,极限枫动,290,0.5,1.2,180,180,800,800,,,,,90,90,,,1,3,12273,12274,100,149,150,,,,,3,,"-320,20,-150",,,12613,1,
4621,天幕星龙 卡珀0级,290,0.5,,100,100,2000,2000,,,,,70,70,,,,1,11810,,,,,,,,,1,,,,,,,
4622,天幕星龙 卡珀,290,0.5,,100,100,2000,2000,,,,,70,70,,,,2,12273,12274,,,,,,,,1,,,,,,,
4623,猪宝宝,290,0.5,,160,160,600,600,,,,,60,60,,,1,1,11810,,1,,,,,,,3,200,"-280, 40, -150",,,12601,,
4624,飞行猪噜噜,290,0.5,0.8,180,180,800,800,,,,,80,80,1873,108000,1,2,12273,12274,100,151,,,,,,3,210,"-320, 40, -150",,,12601,,
4625,飞行猪噜噜,290,0.5,0.8,180,180,830,830,,,,,80,80,1873,108000,1,2,12273,12274,100,151,,,,,,3,210,"-320, 40, -150",,,12601,,
46233,飞行猪噜噜,290,0.5,0.8,180,180,860,860,,,,,80,80,1873,108000,1,2,12273,12274,100,151,,,,,,3,210,"-320, 40, -150",,,12601,,
46234,飞行猪噜噜,290,0.5,0.8,180,180,890,890,,,,,80,80,1873,108000,1,2,12273,12274,100,151,,,,,,3,210,"-320, 40, -150",,,12601,,
46235,飞行猪噜噜,290,0.5,0.8,200,200,900,900,,,,,90,90,1873,108000,1,2,12273,12274,100,151,,,,,,3,210,"-320, 40, -150",,,12601,,
46236,飞行猪噜噜,290,0.5,0.8,200,200,920,920,,,,,90,90,1873,108000,1,2,12273,12274,100,151,,,,,,3,210,"-320, 40, -150",,,12601,,
46237,飞行猪噜噜,290,0.5,0.8,200,200,940,940,,,,,90,90,1873,108000,1,2,12273,12274,100,151,,,,,,3,210,"-320, 40, -150",,,12601,,
46238,飞行猪噜噜,290,0.5,0.8,200,200,960,960,,,,,90,90,1873,108000,1,2,12273,12274,100,151,,,,,,3,210,"-320, 40, -150",,,12601,,
46239,飞行猪噜噜,290,0.5,0.8,200,200,980,980,,,,,90,90,1873,108000,1,2,12273,12274,100,151,,,,,,3,210,"-320, 40, -150",,,12601,,
46240,朋克猪燃燃,290,0.5,0.8,220,220,1000,1000,,,,,100,100,1873,72000,1,3,12273,12274,100,241,152,,,,,3,220,"-280, 40, -150",,,12601,,
4627,兔子坐骑0级,290,0.5,,160,160,600,600,,,,,60,60,,,1,1,11810,,1,,,,,,,3,,"-300, 20, -150",,,11599,,
4628,流云玉兔,290,0.5,,180,180,800,800,,,,,80,80,,,1,2,12273,12274,100,153,154,,,,,3,200,"-300, 20, -150",,,11599,,
4629,流云玉兔,290,0.5,,180,180,830,830,,,,,80,80,,,1,2,12273,12274,100,153,15402,,,,,3,200,"-300, 20, -150",,,11599,,
46273,流云玉兔,290,0.5,,180,180,860,860,,,,,80,80,,,1,2,12273,12274,100,153,15403,,,,,3,200,"-300, 20, -150",,,11599,,
46274,流云玉兔,290,0.5,,180,180,890,890,,,,,80,80,,,1,2,12273,12274,100,153,15404,,,,,3,200,"-300, 20, -150",,,11599,,
46275,流云玉兔,290,0.5,,200,200,900,900,,,,,90,90,,,1,2,12273,12274,100,153,15405,,,,,3,200,"-300, 20, -150",,,11599,,
46276,流云玉兔,290,0.5,,200,200,920,920,,,,,90,90,,,1,2,12273,12274,100,153,15406,,,,,3,200,"-300, 20, -150",,,11599,,
46277,流云玉兔,290,0.5,,200,200,940,940,,,,,90,90,,,1,2,12273,12274,100,153,15407,,,,,3,200,"-300, 20, -150",,,11599,,
46278,流云玉兔,290,0.5,,200,200,960,960,,,,,90,90,,,1,2,12273,12274,100,153,15408,,,,,3,200,"-300, 20, -150",,,11599,,
46279,流云玉兔,290,0.5,,200,200,980,980,,,,,90,90,,,1,2,12273,12274,100,153,15409,,,,,3,200,"-300, 20, -150",,,11599,,
46280,福兔临门,290,0.5,,220,220,1000,1000,,,,,100,100,,,1,3,12273,12274,100,153,15410,155,248,,,3,200,"-300, 20, -150",,,11599,,
4631,妆盒坐骑0级,290,0.5,,160,160,600,600,,,,,60,60,,,1,1,11810,,1,,,,,,,3,,"-280, -50, -150",,,12500,,
4632,小粉匣,290,0.5,,180,180,800,800,,,,,80,80,,,1,2,12273,12274,100,156,,,,,,3,200,"-280, -50, -150",,,12500,,
4633,小粉匣,290,0.5,,180,180,830,830,,,,,80,80,,,1,2,12273,12274,100,156,,,,,,3,200,"-280, -50, -150",,,12500,,
4634,小粉匣,290,0.5,,180,180,860,860,,,,,80,80,,,1,2,12273,12274,100,156,,,,,,3,200,"-280, -50, -150",,,12500,,
46314,小粉匣,290,0.5,,180,180,890,890,,,,,80,80,,,1,2,12273,12274,100,156,,,,,,3,200,"-280, -50, -150",,,12500,,
46315,藏星之盒,290,0.5,0.9,200,200,900,900,,,,,90,90,,,1,3,12273,12274,100,156,158,,,,,3,210,"-280, -50, -150",,,12500,,
46316,藏星之盒,290,0.5,0.9,200,200,920,920,,,,,90,90,,,1,3,12273,12274,100,156,158,,,,,3,210,"-280, -50, -150",,,12500,,
46317,藏星之盒,290,0.5,0.9,200,200,940,940,,,,,90,90,,,1,3,12273,12274,100,156,158,,,,,3,210,"-280, -50, -150",,,12500,,
46318,藏星之盒,290,0.5,0.9,200,200,960,960,,,,,90,90,,,1,3,12273,12274,100,156,158,,,,,3,210,"-280, -50, -150",,,12500,,
46319,藏星之盒,290,0.5,0.9,200,200,980,980,,,,,90,90,,,1,3,12273,12274,100,156,158,,,,,3,210,"-280, -50, -150",,,12500,,
46320,揽梦之翼,290,0.5,0.65,220,220,1000,1000,,,,,100,100,,,1,4,12273,12274,100,157,241,159,,,,3,220,"-280, -50, -150",,,12500,,
4635,雪花0级,290,0.5,,160,160,600,600,,,,,60,60,,,1,1,11810,,1,,,,,,,3,,"-260, 80, -150",,,12574,,
4636,雪琉璃,290,0.5,,180,180,800,800,,,,,80,80,,,1,2,12273,12274,100,160,161,,,,,3,200,"-280, 80, -150",,,12574,,
4637,雪琉璃,290,0.5,,180,180,810,810,,,,,80,80,,,1,2,12273,12274,100,160,161,,,,,3,200,"-280, 80, -150",,,12574,,
46353,雪琉璃,290,0.5,,180,180,820,820,,,,,80,80,,,1,2,12273,12274,100,160,161,,,,,3,200,"-280, 80, -150",,,12574,,
46354,雪琉璃,290,0.5,,180,180,830,830,,,,,80,80,,,1,2,12273,12274,100,160,161,,,,,3,200,"-280, 80, -150",,,12574,,
46355,雪琉璃,290,0.5,,190,190,840,840,,,,,90,90,,,1,2,12273,12274,100,160,161,,,,,3,200,"-280, 80, -150",,,12574,,
46356,雪琉璃,290,0.5,,190,190,850,850,,,,,90,90,,,1,2,12273,12274,100,160,161,,,,,3,200,"-280, 80, -150",,,12574,,
46357,雪琉璃,290,0.5,,190,190,860,860,,,,,90,90,,,1,2,12273,12274,100,160,161,,,,,3,200,"-280, 80, -150",,,12574,,
46358,雪琉璃,290,0.5,,190,190,870,870,,,,,90,90,,,1,2,12273,12274,100,160,161,,,,,3,200,"-280, 80, -150",,,12574,,
46359,雪琉璃,290,0.5,,190,190,880,880,,,,,90,90,,,1,2,12273,12274,100,160,161,,,,,3,200,"-280, 80, -150",,,12574,,
46360,冰霜绽放,290,0.5,,200,200,900,900,,,,,100,100,,,1,3,12273,12274,100,160,161,162,,,,3,210,"-260, 80, -150",,,12574,,
4639,魔藤圣导 菲丽茜亚0级,290,0.5,,100,100,2000,2000,,,,,70,70,,,,1,11810,,,,,,,,,1,,,,,,,
4640,魔藤圣导 菲丽茜亚,290,0.5,,100,100,2000,2000,,,,,70,70,,,,2,12273,12274,,,,,,,,1,,,,,,,
4641,秘境精灵 菲丽茜亚0级,290,0.5,,100,100,2000,2000,,,,,70,70,,,,1,11810,,,,,,,,,1,,,,,,,
4642,秘境精灵 菲丽茜亚,290,0.5,,100,100,2000,2000,,,,,70,70,,,,2,12273,12274,,,,,,,,1,,,,,,,
4643,迷你变形车0级,290,0.5,,160,160,600,600,,,,,60,60,,,1,1,11810,,1,,,,,,,3,,,,,11099,,
4644,迷你变形车,290,0.5,,160,160,600,600,,,,,70,70,,,1,2,12273,12274,100,163,,,,,,3,,,,,11099,,
4645,庆典之书0级,290,0.5,,160,160,600,600,,,,,60,60,,,1,1,11810,,1,,,,,,,3,,,,,12613,,
4646,庆典之书,290,0.5,,220,220,1000,1000,,,,,100,100,,,1,2,12273,12274,100,164,165,166,241,,,3,,,,,12613,,
4647,咕噜兽0级,290,0.5,,160,160,600,600,,,,,60,60,,,1,1,11810,,1,,,,,,,3,,,,,12517,,
4648,咕噜兽,290,0.5,,220,220,1000,1000,,,,,100,100,,,1,2,12273,12274,100,167,168,241,,,,3,,,,,12517,,
4649,粽香摇0级,290,0.5,,160,160,600,600,,,,,60,60,,,1,1,11810,,1,,,,,,,3,,,,,12613,,
4650,粽香摇,290,0.5,,220,220,1000,1000,,,,,100,100,,,1,2,12273,12274,100,170,248,172,,,,3,,,,,12613,,
4651,路障0级,290,0.7,,100,100,1000,1000,,,,,80,80,,,1,1,11810,,1,,,,,,,1,,,,,,,
4652,路障,290,0.7,,100,100,2000,2000,,,,,80,80,,,1,2,12273,12274,100,,,,,,,1,,,,,,,
4653,山川云海0级,290,0.5,,160,160,600,600,,,,,60,60,,,1,1,11810,,1,,,,,,,3,,,,,378,,
4654,山川云海,290,0.5,0.55,220,220,1000,1000,,,,,100,100,,,1,2,12273,12274,100,173,174,175,241,,,3,,,,,378,,
4655,邂逅甜心0级,290,0.5,,160,160,600,600,,,,,60,60,,,1,1,11810,,1,,,,,,,3,,,,,12500,,
4656,邂逅甜心,290,0.5,,220,220,1000,1000,,,,,100,100,,,1,2,12273,12274,100,176,177,178,241,,,3,,,,,12500,,
4657,擎天圣0级,290,0.7,,100,100,1000,1000,,,,,80,80,,,1,1,11810,,1,,,,,,,1,,,,,,,
4658,擎天圣,290,0.7,,100,100,2000,2000,,,,,80,80,,,1,2,12273,12274,100,,,,,,,1,,,,,,,
4659,天禄0级,290,0.5,,160,160,600,600,,,,,60,60,,,1,1,11810,,1,,,,,,,3,,,,,12516,,
4660,天禄,290,0.5,,200,200,800,800,,,,,90,90,,,1,2,12273,12274,100,179,,,,,,3,,,,,12516,,
4661,核桃0级,290,0.5,,160,160,600,600,,,,,60,60,,,1,1,11810,,1,,,,,,,3,,,,,12516,,
4662,核桃,290,0.5,,200,200,800,800,,,,,90,90,,,1,2,12273,12274,100,180,,,,,,3,,,,,12516,,
4663,音乐盒0级,290,0.5,,160,160,600,600,,,,,60,60,,,1,1,11810,,1,,,,,,,3,,,,,12610,,
4664,乐见音乐盒,290,0.5,0.8,180,180,800,800,,,,,80,80,,,1,2,12273,12274,100,181,,,,,,3,200,,,,12610,,
4665,乐见音乐盒,290,0.5,0.8,180,180,830,830,,,,,80,80,,,1,2,12273,12274,100,181,,,,,,3,200,,,,12610,,
4666,乐见音乐盒,290,0.5,0.8,180,180,860,860,,,,,80,80,,,1,2,12273,12274,100,181,,,,,,3,200,,,,12610,,
46634,乐见音乐盒,290,0.5,0.8,180,180,890,890,,,,,80,80,,,1,2,12273,12274,100,181,,,,,,3,200,,,,12610,,
46635,逐星乐盒,290,0.5,0.8,200,200,900,900,,,,,90,90,,,1,3,12273,12274,100,181,183,,,,,3,210,,,,12610,,
46636,逐星乐盒,290,0.5,0.8,200,200,920,920,,,,,90,90,,,1,3,12273,12274,100,181,183,,,,,3,210,,,,12610,,
46637,逐星乐盒,290,0.5,0.8,200,200,940,940,,,,,90,90,,,1,3,12273,12274,100,181,183,,,,,3,210,,,,12610,,
46638,逐星乐盒,290,0.5,0.8,200,200,960,960,,,,,90,90,,,1,3,12273,12274,100,181,183,,,,,3,210,,,,12610,,
46639,逐星乐盒,290,0.5,0.8,200,200,980,980,,,,,90,90,,,1,3,12273,12274,100,181,183,,,,,3,210,,,,12610,,
46640,星穹之乐,290,0.5,0.55,220,220,1000,1000,,,,,100,100,,,1,4,12273,12274,100,182,183,184,241,,,3,220,,,,12610,,
4667,秋千坐骑0级,290,0.5,,160,160,600,600,,,,,60,60,,,1,1,11810,,1,,,,,,,3,,,,,12613,,
4668,翠叶新芽,290,0.5,0.8,180,180,800,800,,,,,80,80,,,1,2,12273,12274,100,185,,,,,,3,200,,,,12613,,
4669,翠叶新芽,290,0.5,0.8,180,180,830,830,,,,,80,80,,,1,2,12273,12274,100,185,,,,,,3,200,,,,12613,,
4670,翠叶新芽,290,0.5,0.8,180,180,860,860,,,,,80,80,,,1,2,12273,12274,100,185,,,,,,3,200,,,,12613,,
46674,翠叶新芽,290,0.5,0.8,180,180,890,890,,,,,80,80,,,1,2,12273,12274,100,185,,,,,,3,200,,,,12613,,
46675,悠扬长枝,290,0.5,0.7,200,200,900,900,,,,,90,90,,,1,3,12273,12274,100,185,187,,,,,3,210,,,,12613,,
46676,悠扬长枝,290,0.5,0.7,200,200,920,920,,,,,90,90,,,1,3,12273,12274,100,185,187,,,,,3,210,,,,12613,,
46677,悠扬长枝,290,0.5,0.7,200,200,940,940,,,,,90,90,,,1,3,12273,12274,100,185,187,,,,,3,210,,,,12613,,
46678,悠扬长枝,290,0.5,0.7,200,200,960,960,,,,,90,90,,,1,3,12273,12274,100,185,187,,,,,3,210,,,,12613,,
46679,悠扬长枝,290,0.5,0.7,200,200,980,980,,,,,90,90,,,1,3,12273,12274,100,185,187,,,,,3,210,,,,12613,,
46680,童梦翩跹,290,0.5,0.65,220,220,1000,1000,,,,,100,100,,,1,4,12273,12274,100,186,187,188,241,,,3,220,,,,12613,,
4671,贝壳0级,290,0.5,,160,160,600,600,,,400,450,60,60,,,1,1,11810,,1,,,,,,,3,,,,,12704,,
4672,微光星贝,290,0.5,0.8,180,180,800,800,,,550,550,80,80,,,1,2,12273,12274,100,189,,,,,,3,200,,,,12704,,
4673,微光星贝,290,0.5,0.8,180,180,830,830,,,550,550,80,80,,,1,2,12273,12274,100,189,,,,,,3,200,,,,12704,,
4674,微光星贝,290,0.5,0.8,180,180,860,860,,,550,550,80,80,,,1,2,12273,12274,100,189,,,,,,3,200,,,,12704,,
46714,微光星贝,290,0.5,0.8,180,180,890,890,,,550,550,80,80,,,1,2,12273,12274,100,189,,,,,,3,200,,,,12704,,
46715,浮光梦境,290,0.5,0.75,200,200,900,900,,,550,550,90,90,,,1,3,12273,12274,100,189,191,,,,,3,210,,,,12704,,
46716,浮光梦境,290,0.5,0.75,200,200,920,920,,,550,550,90,90,,,1,3,12273,12274,100,189,191,,,,,3,210,,,,12704,,
46717,浮光梦境,290,0.5,0.75,200,200,940,940,,,550,550,90,90,,,1,3,12273,12274,100,189,191,,,,,3,210,,,,12704,,
46718,浮光梦境,290,0.5,0.75,200,200,960,960,,,550,550,90,90,,,1,3,12273,12274,100,189,191,,,,,3,210,,,,12704,,
46719,浮光梦境,290,0.5,0.75,200,200,980,980,,,550,550,90,90,,,1,3,12273,12274,100,189,191,,,,,3,210,,,,12704,,
46720,珊海星歌,290,0.5,0.7,220,220,1000,1000,,,700,700,100,100,,,1,4,12273,12274,100,190,191,192,249,,,3,220,,,,12704,,
4675,冰晶精灵 雪糯儿0级,190,0.55,,100,100,1000,1000,,,,,60,60,,,,1,11810,,,,,,,,,1,,,,,,,
4676,冰晶精灵 雪糯儿,190,0.55,,100,100,1500,1500,,,,,60,60,,,,2,12273,12274,,,,,,,,1,,,,,,,
4677,锦鲤0级,290,0.5,,160,160,600,600,,,400,450,60,60,,,1,1,11810,,1,,,,,,,3,,,,,12703,,
4678,游鲤跃金,290,0.5,,180,180,800,800,,,550,550,80,80,,,1,2,12273,12274,100,193,,,,,,3,200,,,,12703,,
4679,游鲤跃金,290,0.5,,180,180,830,830,,,550,550,80,80,,,1,2,12273,12274,100,193,,,,,,3,200,,,,12703,,
4680,游鲤跃金,290,0.5,,180,180,860,860,,,550,550,80,80,,,1,2,12273,12274,100,193,,,,,,3,200,,,,12703,,
46774,游鲤跃金,290,0.5,,180,180,890,890,,,550,550,80,80,,,1,2,12273,12274,100,193,,,,,,3,200,,,,12703,,
46775,明灯锦华,290,0.5,,200,200,900,900,,,550,550,90,90,,,1,3,12273,12274,100,193,195,,,,,3,210,,,,12703,,
46776,明灯锦华,290,0.5,,200,200,920,920,,,550,550,90,90,,,1,3,12273,12274,100,193,195,,,,,3,210,,,,12703,,
46777,明灯锦华,290,0.5,,200,200,940,940,,,550,550,90,90,,,1,3,12273,12274,100,193,195,,,,,3,210,,,,12703,,
46778,明灯锦华,290,0.5,,200,200,960,960,,,550,550,90,90,,,1,3,12273,12274,100,193,195,,,,,3,210,,,,12703,,
46779,明灯锦华,290,0.5,,200,200,980,980,,,550,550,90,90,,,1,3,12273,12274,100,193,195,,,,,3,210,,,,12703,,
46780,雾海长明,290,0.5,,220,220,1000,1000,,,700,700,100,100,,,1,4,12273,12274,100,194,195,196,249,,,3,220,,,,12703,,
4681,木马0级,290,0.5,,160,160,600,600,,,,,60,60,,,1,1,11810,,1,,,,,,,3,,,,,11599,,
4682,梦影云端,290,0.5,,180,180,800,800,,,,,80,80,,,1,2,12273,12274,100,197,,,,,,3,200,,,,11599,,
4683,梦影云端,290,0.5,,180,180,830,830,,,,,80,80,,,1,2,12273,12274,100,197,,,,,,3,200,,,,11599,,
4684,梦影云端,290,0.5,,180,180,860,860,,,,,80,80,,,1,2,12273,12274,100,197,,,,,,3,200,,,,11599,,
46814,梦影云端,290,0.5,,180,180,890,890,,,,,80,80,,,1,2,12273,12274,100,197,,,,,,3,200,,,,11599,,
46815,梦境之影,290,0.5,,200,200,900,900,,,,,90,90,,,1,3,12273,12274,100,197,199,,,,,3,210,,,,11599,,
46816,梦境之影,290,0.5,,200,200,920,920,,,,,90,90,,,1,3,12273,12274,100,197,199,,,,,3,210,,,,11599,,
46817,梦境之影,290,0.5,,200,200,940,940,,,,,90,90,,,1,3,12273,12274,100,197,199,,,,,3,210,,,,11599,,
46818,梦境之影,290,0.5,,200,200,960,960,,,,,90,90,,,1,3,12273,12274,100,197,199,,,,,3,210,,,,11599,,
46819,梦境之影,290,0.5,,200,200,980,980,,,,,90,90,,,1,3,12273,12274,100,197,199,,,,,3,210,,,,11599,,
46820,云霓仙踪,290,0.5,,220,220,1000,1000,,,,,100,100,,,1,4,12273,12274,100,198,199,200,241,,,3,220,,,,11599,,
4685,大块头0级,290,0.5,,180,180,700,700,,,,,80,80,,,1,1,11810,,1,,,,,,,3,,,,,12549,,
4686,大块头,290,0.5,,180,180,700,700,,,,,80,80,,,1,2,12273,12274,100,201,,,,,,3,,,,,12549,,
4687,先行者0级,290,0.5,,180,180,700,700,,,,,80,80,,,1,1,11810,,1,,,,,,,3,,,,,12549,,
4688,先行者,290,0.5,,180,180,700,700,,,,,80,80,,,1,2,12273,12274,100,202,,,,,,3,,,,,12549,,
4689,战狼传说0级,290,0.5,,180,180,700,700,,,,,80,80,,,1,1,11810,,1,,,,,,,3,,,,,12549,,
4690,战狼传说,290,0.5,,180,180,700,700,,,,,80,80,,,1,2,12273,12274,100,203,,,,,,3,,,,,12549,,
4691,星莉奈,190,0.55,,100,100,1000,1000,,,,,60,60,,,,1,11810,,,,,,,,,1,,,,,,,
4692,星莉奈,190,0.55,,100,100,1500,1500,,,,,60,60,,,,2,12273,12274,,,,,,,,1,,,,,,,
4693,幻-猩红战机,190,0.55,,100,100,1000,1000,,,,,60,60,,,,1,11810,,,,,,,,,1,,,,,,,
4694,幻-猩红战机,190,0.55,,100,100,1500,1500,,,,,60,60,,,,2,12273,12274,,,,,,,,1,,,,,,,
4695,谛听0级,290,0.5,,160,160,600,600,,,,,60,60,,,1,1,11810,,1,,,,,,,3,,,,,12549,,
4696,谛听,290,0.5,,180,180,700,700,,,,,80,80,,,1,2,12273,12274,100,204,,,,,,3,,,,,12549,,
4697,金樽墨花0级,290,0.5,,180,180,700,700,,,,,80,80,,,1,1,11810,,1,,,,,,,3,,,,,12610,,
4698,金樽墨花,290,0.5,,160,160,600,600,,,,,70,70,,,1,2,12273,12274,100,205,,,,,,3,,,,,12610,,
4699,红火金刚,190,0.55,,100,100,1000,1000,,,,,60,60,,,,1,11810,,,,,,,,,1,,,,,,,
4700,红火金刚,190,0.55,,100,100,1500,1500,,,,,60,60,,,,2,12273,12274,,,,,,,,1,,,,,,,
4701,婆娑莲华0级,290,0.5,0.8,160,160,600,600,,,,,60,60,,,1,1,11810,,1,,,,,,,3,,,,,12610,,
4702,婆娑莲华,290,0.5,0.8,220,220,1000,1000,,,,,120,120,,,1,2,12273,12274,100,206,207,208,241,,,3,,,,,12610,,
4703,购物车0级,290,0.5,,160,160,600,600,,,,,60,60,,,1,1,11810,,1,,,,,,,3,,,,,12521,,
4704,蓝韵梦篮,290,0.5,0.8,180,180,800,800,,,,,80,80,,,1,2,12273,12274,100,209,,,,,,3,,,,,12521,,
4705,蓝韵梦篮,290,0.5,0.8,180,180,830,830,,,,,80,80,,,1,2,12273,12274,100,209,,,,,,3,,,,,12521,,
4706,蓝韵梦篮,290,0.5,0.8,180,180,860,860,,,,,80,80,,,1,2,12273,12274,100,209,,,,,,3,,,,,12521,,
47034,蓝韵梦篮,290,0.5,0.8,180,180,890,890,,,,,80,80,,,1,2,12273,12274,100,209,,,,,,3,,,,,12521,,
47035,旋绿糖篮,290,0.5,0.8,200,200,900,900,,,,,90,90,,,1,3,12273,12274,100,209,211,,,,,3,,,,,12521,,
47036,旋绿糖篮,290,0.5,0.8,200,200,920,920,,,,,90,90,,,1,3,12273,12274,100,209,211,,,,,3,,,,,12521,,
47037,旋绿糖篮,290,0.5,0.8,200,200,940,940,,,,,90,90,,,1,3,12273,12274,100,209,211,,,,,3,,,,,12521,,
47038,旋绿糖篮,290,0.5,0.8,200,200,960,960,,,,,90,90,,,1,3,12273,12274,100,209,211,,,,,3,,,,,12521,,
47039,旋绿糖篮,290,0.5,0.8,200,200,980,980,,,,,90,90,,,1,3,12273,12274,100,209,211,,,,,3,,,,,12521,,
47040,幻彩悦购,290,0.5,0.8,220,220,1000,1000,,,,,100,100,,,1,4,12273,12274,100,210,211,212,248,,,3,,,,,12521,,
4707,白虎勇士,190,0.55,,100,100,1000,1000,,,,,60,60,,,,1,11810,,,,,,,,,1,,,,,,,
4708,白虎勇士,190,0.55,,100,100,1500,1500,,,,,60,60,,,,2,12273,12274,,,,,,,,1,,,,,,,
4709,黄豹勇士,190,0.55,,100,100,1000,1000,,,,,60,60,,,,1,11810,,,,,,,,,1,,,,,,,
4710,黄豹勇士,190,0.55,,100,100,1500,1500,,,,,60,60,,,,2,12273,12274,,,,,,,,1,,,,,,,
4711,云野漫游0级,290,0.5,0.8,160,160,600,600,,,,,60,60,,,1,1,11810,,1,,,,,,,3,,,,,11403,,
4712,云野漫游,290,0.5,0.8,220,220,1000,1000,,,,,120,120,,,1,2,12273,12274,100,213,215,241,,,,3,,,,,11403,,
4713,末日战机0级,290,0.5,0.7,160,160,600,600,,,,,60,60,,,1,1,11810,,1,,,,,,,3,,,,,11099,,
4714,末日战机,290,0.5,0.7,220,220,1000,1000,,,,,120,120,,,1,2,12273,12274,100,216,217,218,241,,,3,,,,,11099,,
4715,煌泉0级,290,0.5,,160,160,800,800,,,,,60,60,,,1,1,11810,,1,,,,,,,3,,,,,11403,,
4716,煌泉,290,0.5,,220,220,1000,1000,,,,,120,120,,,1,2,12273,12274,100,219,220,221,248,,,3,,,,,11403,,
4717,狂野四驱0级,290,0.5,0.7,160,160,600,600,,,,,60,60,,,1,1,11810,,1,,,,,,,3,,,,,11099,,
4718,狂野四驱,290,0.5,0.7,220,220,1000,1000,,,,,120,120,,,1,2,12273,12274,100,222,223,224,248,,,3,,,,,11099,,
4719,逸韵飞鸢0级0级,290,0.5,,160,160,600,600,,,,,60,60,,,1,1,11810,,1,,,,,,,3,,,,,11099,,
4720,逸韵飞鸢,290,0.5,,220,220,1000,1000,,,,,120,120,,,1,2,12273,12274,100,225,226,227,241,,,3,,,,,11099,,
4721,天蝎0级,290,0.5,0.7,160,160,600,600,,,,,60,60,,,1,1,11810,,1,,,,,,,3,,,,,11599,,
4722,天蝎,290,0.5,0.7,220,220,1000,1000,,,,,120,120,,,1,2,12273,12274,100,228,229,230,248,,,3,,,,,11599,,
4723,麋鹿冲冲0级,290,0.5,,160,160,600,600,,,,,60,60,,,1,1,11810,,1,,,,,,,3,,,,,12500,,
4724,麋鹿冲冲,290,0.5,,220,220,1000,1000,,,,,120,120,,,1,2,12273,12274,100,231,232,233,248,,,3,,,,,12500,,
4725,射手星宫之主 肯陶洛斯0级,190,0.55,,100,100,1000,1000,,,,,60,60,,,,1,11810,,,,,,,,,1,,,,,,,
4726,射手星宫之主 肯陶洛斯,190,0.55,,100,100,1500,1500,,,,,60,60,,,,2,12273,12274,,,,,,,,1,,,,110188_2,,,
4727,擎天圣 金属变体0级,190,0.55,,100,100,1000,1000,,,,,80,80,,,,1,11810,,,,,,,,,1,,,,,,,
4728,擎天圣 金属变体,190,0.55,,100,100,1500,1500,,,,,80,80,,,,2,12273,12274,,234,,,,,,1,,,,,,,
4729,擎天圣 圣天柱 战车0级,190,0.55,,100,100,1000,1000,,,,,80,80,,,,1,11810,,,,,,,,,1,,,,,,,
4730,擎天圣 圣天柱 战车,190,0.55,,100,100,1500,1500,,,,,80,80,,,,2,12273,12274,,235,,,,,,1,,,,,,,
4731,擎天圣 圣天柱 野兽0级,190,0.55,,100,100,1000,1000,,,,,80,80,,,,1,11810,,,,,,,,,1,,,,,,,
4732,擎天圣 圣天柱 野兽,190,0.55,,100,100,1500,1500,,,,,80,80,,,,2,12273,12274,,235,,,,,,1,,,,,,,
4733,擎天圣 圣天柱 战机0级,190,0.55,,100,100,1000,1000,,,,,80,80,,,,1,11810,,,,,,,,,1,,,,,,,
4734,擎天圣 圣天柱 战机,190,0.55,,100,100,1500,1500,,,,,80,80,,,,2,12273,12274,,235,,,,,,1,,,,,,,
4735,威震天 金属变体0级,190,0.55,,100,100,1000,1000,,,,,80,80,,,,1,11810,,,,,,,,,1,,,,,,,
4736,威震天 金属变体,190,0.55,,100,100,1500,1500,,,,,80,80,,,,2,12273,12274,,236,,,,,,1,,,,,,,
4737,威震天 火龙形态0级,190,0.55,,100,100,1000,1000,,,,,80,80,,,,1,11810,,,,,,,,,1,,,,,,,
4738,威震天 火龙形态,190,0.55,,100,100,1500,1500,,,,,80,80,,,,2,12273,12274,,237,,,,,,1,,,,,,,
4739,威震天0级,190,0.55,,100,100,1000,1000,,,,,80,80,,,,1,11810,,,,,,,,,1,,,,,,,
4740,威震天,190,0.55,,100,100,1500,1500,,,,,80,80,,,,2,12273,12274,,,,,,,,1,,,,,,,
4741,彩梦灵蚺0级,290,0.5,,160,160,600,600,,,,,60,60,,,1,1,11810,,1,,,,,,,3,,,,,12500,,
4742,彩梦灵蚺,290,0.5,,220,220,1000,1000,,,,,120,120,,,1,2,12273,12274,100,238,239,240,248,,,3,,,,,12500,,
4743,观光车0级,290,0.5,,160,160,600,600,,,,,60,60,,,1,1,11810,,1,,,,,,,3,,,,,11403,,
4744,观光车,290,0.5,,220,220,1000,1000,,,,,120,120,,,1,2,12273,12274,100,242,243,244,248,,,3,,,,,11403,,
4745,牡丹宫灯0级,290,0.5,,160,160,600,600,,,,,60,60,,,1,1,11810,,1,,,,,,,3,,,,,12610,,
4746,牡丹芳华,290,0.5,0.8,180,180,800,800,,,,,80,80,,,1,2,12273,12274,100,245,,,,,,3,,,,,12610,,
4747,牡丹芳华,290,0.5,0.8,180,180,830,830,,,,,80,80,,,1,2,12273,12274,100,245,,,,,,3,,,,,12610,,
4748,牡丹芳华,290,0.5,0.8,180,180,860,860,,,,,80,80,,,1,2,12273,12274,100,245,,,,,,3,,,,,12610,,
47454,牡丹芳华,290,0.5,0.8,180,180,890,890,,,,,80,80,,,1,2,12273,12274,100,245,,,,,,3,,,,,12610,,
47455,牡丹雅韵,290,0.5,0.8,200,200,900,900,,,,,90,90,,,1,3,12273,12274,100,245,246,,,,,3,,,,,12610,,
47456,牡丹雅韵,290,0.5,0.8,200,200,920,920,,,,,90,90,,,1,3,12273,12274,100,245,246,,,,,3,,,,,12610,,
47457,牡丹雅韵,290,0.5,0.8,200,200,940,940,,,,,90,90,,,1,3,12273,12274,100,245,246,,,,,3,,,,,12610,,
47458,牡丹雅韵,290,0.5,0.8,200,200,960,960,,,,,90,90,,,1,3,12273,12274,100,245,246,,,,,3,,,,,12610,,
47459,牡丹雅韵,290,0.5,0.8,200,200,980,980,,,,,90,90,,,1,3,12273,12274,100,245,246,,,,,3,,,,,12610,,
47460,华彩绽放,290,0.5,0.8,220,220,1000,1000,,,,,100,100,,,1,4,12273,12274,100,245,246,247,241,,,3,,,,,12610,,
4749,银河幻盾晶盒0级,290,0.5,,160,160,600,600,,,,,60,60,,,1,1,11810,,1,,,,,,,3,,,,,12549,,
4750,银河幻盾晶盒1级,290,0.5,0.8,180,180,800,800,,,,,80,80,,,1,2,12273,12274,100,250,,,,,,3,,,,,12549,,
4751,银河幻盾晶盒2级,290,0.5,0.8,180,180,830,830,,,,,80,80,,,1,2,12273,12274,100,250,,,,,,3,,,,,12549,,
4752,银河幻盾晶盒3级,290,0.5,0.8,180,180,860,860,,,,,80,80,,,1,2,12273,12274,100,250,,,,,,3,,,,,12549,,
4753,银河幻盾晶盒4级,290,0.5,0.8,180,180,890,890,,,,,80,80,,,1,2,12273,12274,100,250,,,,,,3,,,,,12549,,
4754,银河幻盾晶盒5级,290,0.5,0.8,200,200,900,900,,,,,90,90,,,1,3,12273,12274,100,250,251,,,,,3,,,,,12549,,
4755,银河幻盾晶盒6级,290,0.5,0.8,200,200,920,920,,,,,90,90,,,1,3,12273,12274,100,250,251,,,,,3,,,,,12549,,
4756,银河幻盾晶盒7级,290,0.5,0.8,200,200,940,940,,,,,90,90,,,1,3,12273,12274,100,250,251,,,,,3,,,,,12549,,
4757,银河幻盾晶盒8级,290,0.5,0.8,200,200,960,960,,,,,90,90,,,1,3,12273,12274,100,250,251,,,,,3,,,,,12549,,
4758,银河幻盾晶盒9级,290,0.5,0.8,200,200,980,980,,,,,90,90,,,1,3,12273,12274,100,250,251,,,,,3,,,,,12549,,
4759,银河幻盾晶盒10级,290,0.5,0.8,220,220,1000,1000,,,,,100,100,,,1,4,12273,12274,100,250,251,252,241,,,3,,,,,12549,,
4760,机甲坐骑0级,290,0.5,,160,160,600,600,,,,,100,100,,,1,1,11810,,1,,,,,,,3,,,,,11099,,
4761,机甲坐骑1级,290,0.5,0.6,180,180,800,800,,,,,140,140,,,1,2,12273,12274,100,253,,,,,,3,,,,,11099,,
4762,机甲坐骑2级,290,0.5,0.6,180,180,830,830,,,,,140,140,,,1,2,12273,12274,100,253,,,,,,3,,,,,11099,,
4763,机甲坐骑3级,290,0.5,0.6,180,180,860,860,,,,,140,140,,,1,2,12273,12274,100,253,,,,,,3,,,,,11099,,
4764,机甲坐骑4级,290,0.5,0.6,180,180,890,890,,,,,140,140,,,1,2,12273,12274,100,253,,,,,,3,,,,,11099,,
4765,机甲坐骑5级,290,0.5,0.6,200,200,900,900,,,,,140,140,,,1,3,12273,12274,100,254,256,,,,,3,,,,,11099,,
4766,机甲坐骑6级,290,0.5,0.6,200,200,920,920,,,,,140,140,,,1,3,12273,12274,100,254,256,,,,,3,,,,,11099,,
4767,机甲坐骑7级,290,0.5,0.6,200,200,940,940,,,,,140,140,,,1,3,12273,12274,100,254,256,,,,,3,,,,,11099,,
4768,机甲坐骑8级,290,0.5,0.6,200,200,960,960,,,,,140,140,,,1,3,12273,12274,100,254,256,,,,,3,,,,,11099,,
4769,机甲坐骑9级,290,0.5,0.6,200,200,980,980,,,,,140,140,,,1,3,12273,12274,100,254,256,,,,,3,,,,,11099,,
4770,机甲坐骑10级,290,0.5,0.6,220,220,1000,1000,,,,,150,150,,,1,4,12273,12274,100,255,257,258,248,,,3,,,,,11099,,
4771,花轿0级,290,0.5,,160,160,600,600,,,,,100,100,,,1,1,11810,,1,,,,,,,3,,,,,12610,,
4772,栖梧天巡辇,290,0.5,0.6,220,220,1000,1000,,,,,120,120,,,1,4,12273,12274,100,259,260,261,241,,,3,,,,,12610,,
4773,糖果屋风车0级,290,0.5,,160,160,600,600,,,,,100,100,,,1,1,11810,,1,,,,,,,3,,,,,12549,,
4774,糖果屋风车1级,290,0.5,0.8,180,180,800,800,,,,,140,140,,,1,2,12273,12274,100,262,,,,,,3,,,,,12549,,
4775,糖果屋风车2级,290,0.5,0.8,180,180,830,830,,,,,140,140,,,1,2,12273,12274,100,262,,,,,,3,,,,,12549,,
4776,糖果屋风车3级,290,0.5,0.8,180,180,860,860,,,,,140,140,,,1,2,12273,12274,100,262,,,,,,3,,,,,12549,,
4777,糖果屋风车4级,290,0.5,0.8,180,180,890,890,,,,,140,140,,,1,2,12273,12274,100,262,,,,,,3,,,,,12549,,
4778,糖果屋风车5级,290,0.5,0.8,200,200,900,900,,,,,140,140,,,1,3,12273,12274,100,262,263,,,,,3,,,,,12549,,
4779,糖果屋风车6级,290,0.5,0.8,200,200,920,920,,,,,140,140,,,1,3,12273,12274,100,262,263,,,,,3,,,,,12549,,
4780,糖果屋风车7级,290,0.5,0.8,200,200,940,940,,,,,140,140,,,1,3,12273,12274,100,262,263,,,,,3,,,,,12549,,
4781,糖果屋风车8级,290,0.5,0.8,200,200,960,960,,,,,140,140,,,1,3,12273,12274,100,262,263,,,,,3,,,,,12549,,
4782,糖果屋风车9级,290,0.5,0.8,200,200,980,980,,,,,140,140,,,1,3,12273,12274,100,262,263,,,,,3,,,,,12549,,
4783,糖果屋风车10级,290,0.5,0.8,220,220,1000,1000,,,,,150,150,,,1,4,12273,12274,100,262,263,264,241,,,3,,,,,12549,,
4784,水调歌头0级,290,0.5,,160,160,600,600,,,,,100,100,,,1,1,11810,,1,,,,,,,3,,,,,12549,,
4785,水调歌头,290,0.5,0.6,220,220,1000,1000,,,,,150,150,,,1,4,12273,12274,100,265,266,267,241,,,3,,,,,12549,,
4786,吕布·人马0级,190,0.55,,100,100,1000,1000,,,,,100,100,,,,1,11810,,,,,,,,,1,,,,,,,
4787,吕布·人马,190,0.55,0.5,100,100,1500,1500,,,,,100,100,,,,2,12273,12274,,268,,,,,,1,,,,,,,
4788,七彩狐,190,0.55,,100,100,1000,1000,,,,,80,80,,,,1,11810,,,,,,,,,1,,,,,,,
4789,七彩狐,190,0.8,1.1,100,100,1500,1500,,,,,80,80,,,,2,12273,12274,,,,,,,,1,,,,,,,
4790,狮子坐骑0级,290,0.8,,160,160,600,600,,,,,100,100,,,1,1,11810,,1,,,,,,,3,,,,,12549,,1 1 1 |0 1 0.16|0.7 0 1|0 0.15 1
4791,狮子坐骑,290,0.8,0.8,220,220,1000,1000,,,,,150,150,,,1,4,12273,12274,100,269,270,271,248,,,3,,,,,12549,,1 1 1 |0 1 0.16|0.7 0 1|0 0.15 1
4792,铃铛坐骑0级,290,0.5,,160,160,600,600,,,,,100,100,,,1,1,11810,,1,,,,,,,3,,,,,12549,,
4793,铃铛坐骑,290,0.5,0.5,220,220,1000,1000,,,,,150,150,,,1,4,12273,12274,100,242,273,274,241,,,3,,,,,12549,,
4794,幻-玄武,190,1,,100,100,1000,1000,,,,,80,80,,,,1,11810,,,,,,,,,1,,,,,,,
4795,幻-玄武,190,1,1,100,100,1500,1500,,,,,80,80,,,,2,12273,12274,,,,,,,,1,,,,,,,
4796,凤凰齐天1-0级,200,1,0.4,100,100,2000,2000,,,,,70,70,,,,1,11810,,,,,,,,,1,,,,,,,
4797,凤凰齐天1,200,1,0.4,100,100,2000,2000,,,,,70,70,,,,2,12273,12274,,,,,,,,1,,,,,,,
4798,凤凰齐天2-0级,200,1,0.4,100,100,2000,2000,,,,,70,70,,,,1,11810,,,,,,,,,1,,,,,,,
4799,凤凰齐天2,200,1,0.4,100,100,2000,2000,,,,,70,70,,,,2,12273,12274,,,,,,,,1,,,,,,,
4800,幻海琉光兽0级,290,0.8,,160,160,600,600,,,,,100,100,,,1,1,11810,,1,,,,,,,3,,,,,12549,,
4801,幻海琉光兽,290,0.8,0.8,220,220,1000,1000,,,,,150,150,,,1,4,12273,12274,100,275,276,248,277,230,,3,,,,,12549,,
4802,王昭君灵御0级,190,0.5,,100,100,1000,1000,,,,,70,70,,,,1,11810,,,,,,,,,1,,,,,,,
4803,王昭君灵御,190,0.5,0.5,100,100,1500,1500,,,,,70,70,,,,2,12273,12274,,223,,,,,,1,,,,,,,
4804,庆典扭扭车0级,290,0.5,,160,160,600,600,,,,,40,40,,,1,1,11810,,1,,,,,,,3,,,,,12549,,
4805,庆典扭扭车,290,0.5,1,220,220,1000,1000,,,,,60,60,,,1,4,12273,12274,100,278,279,280,281,,,3,,,,,12549,,
4806,幻光闪电兔0级,290,0.8,,160,160,600,600,,,,,100,100,,,1,1,11810,,1,,,,,,,3,,,,,12549,,
4807,幻光闪电兔,290,0.8,0.8,220,220,1000,1000,,,,,150,150,,,1,4,12273,12274,100,282,283,284,248,,,3,,,,,12549,,
4808,童趣蹦蹦杆0级,290,0.8,,160,160,600,600,,,,,100,100,,,1,1,11810,,1,,,,,,,3,,,,,12549,,
4809,童趣蹦蹦杆,290,0.8,1.5,220,220,1000,1000,,,,,150,150,,,1,4,12273,12274,100,131,285,286,,,,3,,,,,12549,,
4810,星芒小帚0级,290,1,,160,160,600,600,,,,,100,100,,,1,1,11810,,1,,,,,,,3,,,,,12549,,
4811,星芒小帚1级,290,1,0.6,180,180,800,800,,,,,140,140,,,1,2,12273,12274,100,131,,,,,,3,,,,,12549,,
4812,星芒小帚2级,290,1,0.6,180,180,830,830,,,,,140,140,,,1,2,12273,12274,100,131,,,,,,3,,,,,12549,,
4813,星芒小帚3级,290,1,0.6,180,180,860,860,,,,,140,140,,,1,2,12273,12274,100,131,,,,,,3,,,,,12549,,
4814,星芒小帚4级,290,1,0.6,180,180,890,890,,,,,140,140,,,1,2,12273,12274,100,131,,,,,,3,,,,,12549,,
4815,星芒小帚5级,290,1,0.6,200,200,900,900,,,,,140,140,,,1,3,12273,12274,100,131,,,,,,3,,,,,12549,,
4816,星芒小帚6级,290,1,0.6,200,200,920,920,,,,,140,140,,,1,3,12273,12274,100,131,,,,,,3,,,,,12549,,
4817,星芒小帚7级,290,1,0.6,200,200,940,940,,,,,140,140,,,1,3,12273,12274,100,131,,,,,,3,,,,,12549,,
4818,星芒小帚8级,290,1,0.6,200,200,960,960,,,,,140,140,,,1,3,12273,12274,100,131,,,,,,3,,,,,12549,,
4819,星芒小帚9级,290,1,0.6,200,200,980,980,,,,,140,140,,,1,3,12273,12274,100,131,,,,,,3,,,,,12549,,
4820,星芒小帚10级（星掠逐风）,290,1,0.6,220,220,1000,1000,,,,,150,150,,,1,4,12273,12274,100,131,166,287,288,,,3,,,,,12549,,
