回收物品ID,名称,0级关联物品ID,类型（0普通物品1解锁型道具2角色3皮肤4坐骑5头像6特长碎片）,获得物品ID1,获得物品数量1,获得物品ID2,获得物品数量2
ID,,InvolvedID,Type,GetID1,GetNum1,GetID2,GetNum2
12950,原始护腕,1,2,10000,2,10001,1
12951,骨头发簪,7,2,10000,2,10001,1
12952,骨头项链,2,2,10000,2,10001,1
12953,羽毛头饰,8,2,10000,2,10001,1
12954,熊牌炸弹,6,2,10000,2,10001,1
12955,贝雷帽,4,2,10000,2,10001,2
12956,热辣唇印,9,2,10000,2,10001,2
12957,蝴蝶结,5,2,10000,2,10001,2
12958,护目镜,10,2,10000,2,10001,2
12959,探险家帽,3,2,10000,2,10001,2
12960,装扮卡片,,0,10000,3,10001,2
10070,普通迷你季经验卡,,0,10000,1,10001,2
10071,高级迷你季经验卡,,0,10000,10,10001,2
20000,落日橙木门-碎片,854,1,10000,8,10001,5
20001,深栗红门-碎片,855,1,10000,8,10001,5
20002,象牙白门-碎片,856,1,10000,8,10001,5
20003,炽炎门-碎片,857,1,10000,16,10001,5
20004,海棠红门-碎片,858,1,10000,16,10001,5
20005,琥珀黄门-碎片,859,1,10000,16,10001,5
20006,秋叶橙木门-碎片,860,1,10000,16,10001,5
20007,木纹灯-碎片,861,1,10000,16,10001,5
20008,白色玻璃灯-碎片,862,1,10000,3,10001,2
20009,橙色玻璃灯-碎片,863,1,10000,3,10001,2
20010,洋红玻璃灯-碎片,864,1,10000,3,10001,2
20011,淡蓝玻璃灯-碎片,865,1,10000,3,10001,2
20012,黄玻璃灯-碎片,866,1,10000,3,10001,5
20013,黄绿色玻璃灯-碎片,867,1,10000,3,10001,5
20014,粉色玻璃灯-碎片,868,1,10000,3,10001,5
20015,灰色玻璃灯-碎片,869,1,10000,3,10001,5
20016,淡灰色玻璃灯-碎片,870,1,10000,16,10001,5
20017,青色玻璃灯-碎片,871,1,10000,16,10001,5
20018,紫色玻璃灯-碎片,872,1,10000,16,10001,5
20019,蓝色玻璃灯-碎片,873,1,10000,16,10001,5
20020,棕色玻璃灯-碎片,874,1,10000,16,10001,5
20021,绿色玻璃灯-碎片,875,1,10000,16,10001,5
20022,红色玻璃灯-碎片,876,1,10000,16,10001,5
20023,黑色玻璃灯-碎片,877,1,10000,16,10001,5
20024,强混凝土-碎片,960,1,10000,16,10001,5
20025,强裂土-碎片,961,1,10000,16,10001,5
20026,白色基石-碎片,962,1,10000,16,10001,5
20027,坚冰-碎片,963,1,10000,16,10001,5
20028,钢板-碎片,964,1,10000,16,10001,5
20029,琉璃酱-碎片,5,3,10000,3,10001,3
20030,墨家小飞-碎片,8,3,10000,3,10001,2
20035,迷梭梭-碎片,27,3,10000,2,10001,1
20037,安吉洛斯-碎片,39,3,10000,3,10001,1
20039,椅子-碎片,965,1,10000,3,10001,2
20040,桌子-碎片,966,1,10000,3,10001,2
20041,沙发-碎片,967,1,10000,3,10001,2
20042,棕色壁炉-碎片,968,1,10000,8,10001,2
20043,柜子-碎片,969,1,10000,8,10001,2
20044,象牙白椅子-碎片,970,1,10000,8,10001,5
20045,象牙白桌子-碎片,971,1,10000,8,10001,5
20046,象牙白沙发-碎片,972,1,10000,8,10001,5
20047,白色壁炉-碎片,973,1,10000,8,10001,5
20048,象牙白柜子-碎片,974,1,10000,8,10001,5
20049,松木椅子-碎片,975,1,10000,8,10001,5
20050,松木桌子-碎片,976,1,10000,8,10001,5
20051,松木沙发-碎片,977,1,10000,8,10001,5
20052,黑色壁炉-碎片,978,1,10000,16,10001,5
20053,松木柜子-碎片,979,1,10000,16,10001,5
20054,精致木床-碎片,883,1,10000,16,10001,5
20055,豪华木床-碎片,884,1,10000,8,10001,5
20056,公主床-碎片,885,1,10000,8,10001,5
20057,岩石星能幕布-碎片,886,1,10000,8,10001,5
20058,秘银星能幕布-碎片,888,1,10000,3,10001,5
20059,熔岩星能幕布-碎片,890,1,10000,3,10001,5
20060,乔治-碎片,6,3,10000,16,10001,3
20061,安妮-碎片,7,3,10000,16,10001,3
20062,大爆竹-碎片,12280,1,10000,16,10001,5
20063,弹弓-碎片,12281,1,10000,0,10001,5
20064,弩-碎片,12283,1,10000,12,10001,5
20065,火箭筒-碎片,12284,1,10000,12,10001,0
20066,木质字牌-碎片,892,1,10000,12,10001,5
20067,石质字牌-碎片,893,1,10000,12,10001,5
20068,秘银字牌-碎片,894,1,10000,12,10001,5
20069,炽炎字牌-碎片,895,1,10000,12,10001,5
20070,钨金字牌-碎片,896,1,10000,12,10001,5
20071,熔岩字牌-碎片,897,1,10000,12,10001,5
20072,灯笼-碎片,898,1,10000,12,10001,5
20073,古典路灯-碎片,899,1,10000,12,10001,5
20074,现代路灯-碎片,900,1,10000,12,10001,5
20075,黑秘银围栏-碎片,926,1,10000,12,10001,5
20076,白秘银围栏-碎片,927,1,10000,12,10001,5
20077,小花盆-碎片,928,1,10000,12,10001,5
20078,大花盆-碎片,929,1,10000,12,10001,5
20079,蜡烛台-碎片,931,1,10000,12,10001,5
20080,吊灯-碎片,933,1,10000,12,10001,5
20081,典雅壁灯-碎片,934,1,10000,12,10001,5
20082,精致壁灯-碎片,935,1,10000,12,10001,5
20083,台灯-碎片,936,1,10000,12,10001,5
20084,喷花烟花-碎片,881,1,10000,12,10001,5
20085,春节窗花-福-碎片,940,1,10000,12,10001,5
20086,春节窗花-禄-碎片,941,1,10000,12,10001,5
20087,春节窗花-寿-碎片,942,1,10000,12,10001,5
20088,春节窗花-喜-碎片,943,1,10000,12,10001,5
20089,中式宫灯-碎片,945,1,10000,12,10001,5
20090,红色陶花盆-碎片,946,1,10000,12,10001,5
20091,绿色陶花盆-碎片,947,1,10000,12,10001,5
20092,大瓷花盆-碎片,948,1,10000,12,10001,5
20093,新春宫灯-碎片,949,1,10000,12,10001,5
20094,火箭背包-碎片,12253,1,10000,12,10001,5
20095,孔明灯-碎片,12830,1,10000,40,10001,5
20096,荷灯-碎片,13808,1,10000,40,10001,5
20097,秋叶橙地板-碎片,419,1,10000,40,10001,15
20098,红杉地板-碎片,420,1,10000,40,10001,15
20099,黄砖板-碎片,424,1,10000,40,10001,15
20100,竖格釉面砖-碎片,427,1,10000,40,10001,15
20101,四格釉面砖-碎片,428,1,10000,40,10001,15
20102,不规则釉面砖-碎片,429,1,10000,40,10001,15
20103,象牙白栅栏-碎片,539,1,10000,40,10001,15
20104,粗制石砖围栏-碎片,551,1,10000,40,10001,15
20105,象牙白围栏-碎片,552,1,10000,40,10001,15
20106,木栅栏-碎片,553,1,10000,40,10001,15
20107,铜围栏-碎片,554,1,10000,40,10001,15
20108,金色呆呆鱼-碎片,13609,1,10000,40,10001,15
20109,金色奇奇鱼-碎片,13610,1,10000,60,10001,15
20110,金色丑丑鱼-碎片,13611,1,10000,24,10001,15
20111,实验室门-碎片,1101,1,10000,36,10001,25
20112,镜冰-碎片,1102,1,10000,60,10001,10
20113,冰灯-碎片,1103,1,10000,24,10001,15
20114,花纹电石块-碎片,1104,1,10000,36,10001,25
20115,星能秘银块-碎片,1105,1,10000,36,10001,10
20116,星能秘银板-碎片,1106,1,10000,12,10001,15
20117,紫线秘银块-碎片,1107,1,10000,24,10001,15
20118,厚秘银板-碎片,1108,1,10000,48,10001,5
20119,镂空秘银板-碎片,1109,1,10000,60,10001,10
20120,实验室灯-碎片,1110,1,10000,12,10001,20
20121,锈秘银门-碎片,1111,1,10000,12,10001,25
20122,秘银丝网-碎片,1112,1,10000,12,10001,5
20123,竖纹秘银板-碎片,1113,1,10000,24,10001,5
20124,锈秘银板-碎片,1114,1,10000,24,10001,5
20125,条纹锈秘银板-碎片,1115,1,10000,36,10001,10
20126,镂空锈秘银板-碎片,1116,1,10000,48,10001,10
20127,星能锈秘银块-碎片,1117,1,10000,24,10001,15
20128,荧光灯-碎片,1118,1,10000,72,10001,20
20129,花纹秘银块-碎片,1119,1,10000,15,10001,10
20130,旧秘银块-碎片,1120,1,10000,15,10001,30
20131,荧光弹弓-碎片,12589,1,10000,15,10001,5
20132,圆球爆弹-碎片,15506,1,10000,15,10001,5
20133,冰锥-碎片,15507,1,10000,15,10001,5
20134,熔岩球-碎片,15508,1,10000,15,10001,5
20135,脉冲弓-碎片,12291,1,10000,15,10001,5
20136,黑龙熔岩球-碎片,15519,1,10000,15,10001,5
20137,黑龙混乱球-碎片,15520,1,10000,12,10001,5
20138,反射镜-碎片,1060,1,10000,12,10001,5
20139,雪梅屏风-碎片,1136,1,10000,1,10001,5
20140,红烛灯-碎片,1137,1,10000,2,10001,5
20294,中式椅子-碎片,1811,1,10000,1,10001,1
20295,中式桌子-碎片,1812,1,10000,1,10001,1
20296,中式木椅-碎片,1813,1,10000,1,10001,1
20297,中式火炉-碎片,1814,1,10000,1,10001,1
20298,中式柜子-碎片,1815,1,10000,1,10001,1
24802,林千树碎片,57,3,10000,1,10001,1
24803,雪球球碎片,61,3,10000,1,10001,1
24805,蛙太郎碎片,63,3,10000,1,10001,1
24807,电玩少女铃音碎片,68,3,10000,1,10001,1
24808,全能玩家劳尔碎片,67,3,10000,1,10001,1
24810,色彩旅行者达奇碎片,77,3,10000,1,10001,1
20142,铰链方块碎片,1159,1,10000,5,10001,5
20143,机械爪碎片,1160,1,10000,5,10001,5
20144,液压臂碎片,1161,1,10000,5,10001,5
20145,避震器碎片,1164,1,10000,5,10001,5
24812,塔莉娅碎片,78,3,10000,1,10001,1
24813,余小欢碎片,83,3,10000,1,10001,1
24814,章小丸碎片,84,3,10000,1,10001,1
20147,春节窗花-牛-碎片,1145,1,10000,1,10001,1
20293,春节窗花-虎-碎片,1147,1,10000,1,10001,1
24821,临江仙 颂碎片,109,3,10000,1,10001,1
24822,橘子碎片,111,3,10000,1,10001,1
24823,泡泡碎片,113,3,10000,1,10001,1
24824,迷小酷碎片,106,3,10000,1,10001,1
24825,哈鲁碎片,136,3,10000,1,10001,1
24826,沈一弦碎片,191,3,10000,1,10001,1
24827,蜜多多碎片,190,3,10000,1,10001,1
24828,烽灵碎片,211,3,10000,1,10001,1
24829,马红俊碎片,244,3,10000,1,10001,1
24830,野蛮人酋长碎片,257,3,10000,1,10001,1
24838,龙潮儿碎片,397,3,10000,1,10001,1
24839,澄团团碎片,402,3,10000,1,10001,1
24840,天际巡航者碎片,439,3,10000,1,10001,1
24841,金樱子碎片,465,3,10000,1,10001,1
24842,守护熊碎片,472,3,10000,1,10001,1
24843,奶龙碎片,473,3,10000,1,10001,1
24844,萨亚碎片,332,3,10000,1,10001,1
24845,卡皮·巴拉碎片,480,3,10000,1,10001,1
24846,暗影使者碎片,499,3,10000,1,10001,1
10009,迷你点,,0,10000,1,,
20148,敦煌飞天雕塑碎片,1749,1,10000,1,10001,1
20149,骆驼雕塑碎片,1747,1,10000,1,10001,1
20150,敦煌石窟碎片,1748,1,10000,1,10001,1
20151,莲花壁画碎片,1750,1,10000,1,10001,1
20152,飞天女壁画碎片,1751,1,10000,1,10001,1
20153,九色鹿王壁画碎片,1752,1,10000,1,10001,1
20154,弦月魔法棒碎片,12301,1,10000,1,10001,1
20155,星翼魔法棒（蓝）碎片,12302,1,10000,1,10001,1
20156,星翼魔法棒（红）碎片,12303,1,10000,1,10001,1
20157,魔仙剑碎片,12304,1,10000,1,10001,1
20158,公主魔法绘本碎片,12305,1,10000,1,10001,1
20159,魔法调色盘（红）碎片,12306,1,10000,1,10001,1
20160,魔法调色盘（黄）碎片,12307,1,10000,1,10001,1
20161,凯蒂猫餐桌碎片,1816,1,10000,1,10001,1
20162,凯蒂猫沙发碎片,1817,1,10000,1,10001,1
20163,凯蒂猫公主床碎片,1818,1,10000,1,10001,1
20164,凯蒂猫衣柜碎片,1819,1,10000,1,10001,1
20165,凯蒂猫公主椅碎片,1820,1,10000,1,10001,1
20166,凯蒂猫留言牌碎片,1821,1,10000,1,10001,1
20167,凯蒂猫字牌碎片,1822,1,10000,1,10001,1
20168,凯蒂猫围栏碎片,1823,1,10000,1,10001,1
20169,凯蒂猫方块碎片,1824,1,10000,1,10001,1
20170,大耳狗餐桌碎片,1825,1,10000,1,10001,1
20171,大耳狗沙发碎片,1826,1,10000,1,10001,1
20172,大耳狗星愿床碎片,1827,1,10000,1,10001,1
20173,大耳狗衣柜碎片,1828,1,10000,1,10001,1
20174,大耳狗椅子碎片,1829,1,10000,1,10001,1
20175,大耳狗留言牌碎片,1830,1,10000,1,10001,1
20176,大耳狗字牌碎片,1831,1,10000,1,10001,1
20177,大耳狗围栏碎片,1832,1,10000,1,10001,1
20178,大耳狗方块碎片,1833,1,10000,1,10001,1
20179,凯蒂猫门碎片,1834,1,10000,1,10001,1
20180,酷洛米餐桌碎片,1835,1,10000,1,10001,1
20181,酷洛米沙发碎片,1836,1,10000,1,10001,1
20182,酷洛米公主床碎片,1837,1,10000,1,10001,1
20183,酷洛米衣柜碎片,1838,1,10000,1,10001,1
20184,酷洛米公主椅碎片,1839,1,10000,1,10001,1
20185,酷洛米留言牌碎片,1840,1,10000,1,10001,1
20186,酷洛米字牌碎片,1841,1,10000,1,10001,1
20187,酷洛米围栏碎片,1842,1,10000,1,10001,1
20188,酷洛米方块碎片,1843,1,10000,1,10001,1
20189,美乐蒂餐桌碎片,1844,1,10000,1,10001,1
20190,美乐蒂沙发碎片,1845,1,10000,1,10001,1
20191,美乐蒂公主床碎片,1846,1,10000,1,10001,1
20192,美乐蒂衣柜碎片,1847,1,10000,1,10001,1
20193,美乐蒂公主椅碎片,1848,1,10000,1,10001,1
20194,美乐蒂留言牌碎片,1849,1,10000,1,10001,1
20195,美乐蒂字牌碎片,1850,1,10000,1,10001,1
20196,美乐蒂围栏碎片,1851,1,10000,1,10001,1
20197,美乐蒂方块碎片,1852,1,10000,1,10001,1
20198,美乐蒂门碎片,1853,1,10000,1,10001,1
97001,大眼蛙方块碎片,1854,1,10000,1,10001,1
97002,大眼蛙字牌碎片,1855,1,10000,1,10001,1
97003,大眼蛙留言牌碎片,1856,1,10000,1,10001,1
97004,大眼蛙围栏碎片,1857,1,10000,1,10001,1
97005,大眼蛙桌子碎片,1858,1,10000,1,10001,1
97006,大眼蛙椅子碎片,1859,1,10000,1,10001,1
97007,大眼蛙沙发碎片,1860,1,10000,1,10001,1
97008,大眼蛙衣柜碎片,1861,1,10000,1,10001,1
97009,大眼蛙床碎片,1862,1,10000,1,10001,1
97010,布丁狗衣柜碎片,1863,1,10000,1,10001,1
97011,布丁狗床碎片,1864,1,10000,1,10001,1
97012,布丁狗沙发碎片,1865,1,10000,1,10001,1
97013,布丁狗桌子碎片,1866,1,10000,1,10001,1
97014,布丁狗椅子碎片,1867,1,10000,1,10001,1
97015,布丁狗门碎片,1868,1,10000,1,10001,1
97016,布丁狗围栏碎片,1869,1,10000,1,10001,1
97017,布丁狗字牌碎片,1870,1,10000,1,10001,1
97018,布丁狗留言牌碎片,1871,1,10000,1,10001,1
97019,布丁狗方块碎片,1872,1,10000,1,10001,1
97020,双子星衣柜碎片,1874,1,10000,1,10001,1
97021,双子星床碎片,1875,1,10000,1,10001,1
97022,双子星沙发碎片,1876,1,10000,1,10001,1
97023,双子星桌子碎片,1877,1,10000,1,10001,1
97024,双子星椅子碎片,1878,1,10000,1,10001,1
97025,双子星门碎片,1879,1,10000,1,10001,1
97026,双子星围栏碎片,1880,1,10000,1,10001,1
97027,双子星字牌碎片,1881,1,10000,1,10001,1
97028,双子星留言牌碎片,1882,1,10000,1,10001,1
97029,双子星方块碎片,1883,1,10000,1,10001,1
20489,苍林白鹿（永久）,4500,1,10000,1,10001,1
20490,涅盘绘色（永久）,4500,1,10000,1,10001,1
20491,鹿王本生（永久）,4500,1,10000,1,10001,1
25504,超音帝皇驹（永久）,4559,1,10000,1,10001,1
25505,小老虎（永久）,4563,1,10000,1,10001,1
25506,星语心愿（永久）,4571,1,10000,1,10001,1
25507,魔法南瓜车（永久） ,4504,1,10000,1,10001,1
25508,环海洛洛（永久） ,4524,1,10000,1,10001,1
25509,尼东洛洛（永久） ,4527,1,10000,1,10001,1
25510,玲珑音韵（永久） ,4534,1,10000,1,10001,1
25511,天方夜谭（永久）,4538,1,10000,1,10001,1
25512,逐影之钥（永久）,4582,1,10000,1,10001,1
25513,赤霄长剑（永久）,4586,1,10000,1,10001,1
25514,休闲时光（永久）,4597,1,10000,1,10001,1
25515,萌小狸（永久）,4601,1,10000,1,10001,1
25516,青绿（永久）,4605,1,10000,1,10001,1
25517,心里软（永久）,4609,1,10000,1,10001,1
25518,紫幽铃（永久）,4613,1,10000,1,10001,1
25519,飞行猪噜噜（永久）,4623,1,10000,1,10001,1
25520,小粉匣（永久）,4632,1,10000,1,10001,1
25521,雪琉璃（永久）,4636,1,10000,1,10001,1
25522,迷你变形车（永久）,4644,1,10000,1,10001,1
25523,庆典之书（永久）,4646,1,10000,1,10001,1
25524,咕噜兽（永久）,4648,1,10000,1,10001,1
25525,粽叶筏（永久）,4650,1,10000,1,10001,1
25526,山川云海（永久）,4654,1,10000,1,10001,1
25527,邂逅甜心（永久）,4656,1,10000,1,10001,1
25528,天禄（永久）,4660,1,10000,1,10001,1
25529,核桃（永久）,4662,1,10000,1,10001,1
25530,星穹之乐（永久）,4664,1,10000,1,10001,1
25531,翠叶新芽（永久）,4668,1,10000,1,10001,1
25532,微光星贝（永久）,4672,1,10000,1,10001,1
25533,游鲤跃金（永久）,4678,1,10000,1,10001,1
25534,梦影云端（永久）,4682,1,10000,1,10001,1
25535,大块头（永久）,4686,1,10000,1,10001,1
25536,先行者（永久）,4688,1,10000,1,10001,1
25537,战狼传说（永久）,4690,1,10000,1,10001,1
25538,谛听（永久）,4696,1,10000,1,10001,1
25539,金樽墨花（永久）,4698,1,10000,1,10001,1
25540,婆娑莲华（永久）,4702,1,10000,1,10001,1
25541,蓝韵梦篮（永久）,4704,1,10000,1,10001,1
25542,云野漫游（永久）,4712,1,10000,1,10001,1
25543,末日战机（永久）,4714,1,10000,1,10001,1
25544,煌泉,4716,1,10000,1,10001,1
25545,狂野四驱（永久）,4718,1,10000,1,10001,1
77501,能和你过圣诞节吗？（碎片）,76024,1,10000,1,10001,1
77502,我的圣诞礼物呢？（碎片）,76025,1,10000,1,10001,1
84001,龙首狙击枪-碎片,20,1,10000,1,10001,1
84002,狮兽重机枪-碎片,23,1,10000,1,10001,1
84003,萌虎左轮-碎片,28,1,10000,1,10001,1
10043,特长碎片,,6,10000,2,10001,1
10127,,,0,10000,6,10001,1
97030,星河地板碎片,201600,1,10000,1,10001,1
97031,星河门碎片,201601,1,10000,1,10001,1
97032,星河视窗碎片,201602,1,10000,1,10001,1
97033,星河窗帘碎片,201603,1,10000,1,10001,1
97034,星河小圆凳碎片,201604,1,10000,1,10001,1
97035,星河沙发椅碎片,201605,1,10000,1,10001,1
97036,星河大沙发碎片,201606,1,10000,1,10001,1
97037,星河床碎片,201607,1,10000,1,10001,1
97038,星河抽屉柜碎片,201608,1,10000,1,10001,1
97039,星河衣橱碎片,201609,1,10000,1,10001,1
97040,星河方桌碎片,201610,1,10000,1,10001,1
97041,星河星象吊灯碎片,201611,1,10000,1,10001,1
97042,星河壁炉碎片,201612,1,10000,1,10001,1
97043,星河吊饰碎片,201613,1,10000,1,10001,1
97044,星河地毯碎片,201614,1,10000,1,10001,1
97045,星河编书台碎片,201615,1,10000,1,10001,1
97046,星河水晶球碎片,201616,1,10000,1,10001,1
97047,云朵蓝方块碎片,201617,1,10000,1,10001,1
97048,云朵粉方块碎片,201618,1,10000,1,10001,1
97049,云朵紫方块碎片,201619,1,10000,1,10001,1
97050,云朵门碎片,201620,1,10000,1,10001,1
97051,云朵视窗碎片,201621,1,10000,1,10001,1
97052,云朵天窗碎片,201622,1,10000,1,10001,1
97053,云朵阶梯碎片,201623,1,10000,1,10001,1
97054,云朵懒人沙发碎片,201624,1,10000,1,10001,1
97055,云朵躺椅碎片,201625,1,10000,1,10001,1
97056,云朵软床碎片,201626,1,10000,1,10001,1
97057,云朵衣橱碎片,201627,1,10000,1,10001,1
97058,云朵小储物箱碎片,201628,1,10000,1,10001,1
97059,云朵大储物箱碎片,201629,1,10000,1,10001,1
97060,云朵圆桌碎片,201630,1,10000,1,10001,1
97061,云朵花盆碎片,201631,1,10000,1,10001,1
97062,云朵壁灯碎片,201632,1,10000,1,10001,1
97063,云朵吊灯碎片,201633,1,10000,1,10001,1
97064,云朵地毯碎片,201634,1,10000,1,10001,1
97065,云朵立牌碎片,201635,1,10000,1,10001,1
97066,云朵场景摆件碎片,201636,1,10000,1,10001,1
97067,云朵喷泉碎片,201637,1,10000,1,10001,1
97068,奶牛凳子碎片,201639,1,10000,1,10001,1
97069,狗狗茶几碎片,201640,1,10000,1,10001,1
97070,宠物坐垫碎片,201641,1,10000,1,10001,1
97071,宠物地垫碎片,201642,1,10000,1,10001,1
97072,储物格碎片,201643,1,10000,1,10001,1
97073,置物格碎片,201644,1,10000,1,10001,1
97074,熊猫壁灯碎片,201645,1,10000,1,10001,1
97075,兔子灯碎片,201646,1,10000,1,10001,1
97076,猫猫顶灯碎片,201647,1,10000,1,10001,1
97077,泡泡吊灯碎片,201648,1,10000,1,10001,1
97078,树枝灯碎片,201649,1,10000,1,10001,1
97079,平衡木碎片,201650,1,10000,1,10001,1
97080,木地板碎片,201651,1,10000,1,10001,1
97081,猫架基座平板碎片,201652,1,10000,1,10001,1
97082,猫架半板带单柱碎片,201653,1,10000,1,10001,1
97083,猫架楼梯碎片,201654,1,10000,1,10001,1
97084,猫架圆顶带单柱碎片,201655,1,10000,1,10001,1
97085,猫架方箱碎片,201656,1,10000,1,10001,1
97086,花小楼沙发,201660,1,10000,1,10001,1
97087,花小楼床,201661,1,10000,1,10001,1
97088,花小楼衣柜,201662,1,10000,1,10001,1
97089,花小楼方桌,201663,1,10000,1,10001,1
97090,花小楼暖炉,201664,1,10000,1,10001,1
97091,花小楼冰箱,201665,1,10000,1,10001,1
97092,花小楼方柜,201666,1,10000,1,10001,1
97093,星谕梦榻碎片,201667,1,10000,1,10001,1
97094,星谕书柜碎片,201668,1,10000,1,10001,1
97095,星谕门扉碎片,201669,1,10000,1,10001,1
97096,星谕摇椅碎片,201670,1,10000,1,10001,1
97097,星谕方桌碎片,201671,1,10000,1,10001,1
97098,星谕衣橱碎片,201672,1,10000,1,10001,1
97099,星谕壁炉碎片,201673,1,10000,1,10001,1
97100,星谕琉窗碎片,201674,1,10000,1,10001,1
97101,星谕织毯碎片,201675,1,10000,1,10001,1
97102,星谕晶灯碎片,201676,1,10000,1,10001,1
