资源ID,备注,模型路径,模型文件[如果是程序生成的模型，这里需要配置模型的枚举，否则配置模型的文件名字。0.立方体、1.球体、2.圆柱、3.圆锥、4.三角斜面、5.胶囊体、6.多边形],"资源类型[1.程序生成, 2.obj 3.omod 4.Prefab 5.blockmesh 6.png]",名称,图标,一级分类(1.生物 2.),二级分类[1.基础 2.装饰 3.玩法4.方块5.部件],是否合并SUBMESH,材质类型（按照submesh的顺序设置材质是否是透明材质，0是不透明材质1是透明材质2是遮罩材质 ）,模型文件名,贴图文件名,"模型类型[1.静态, 2.动态]"
ID,Note,Path,File,ResourceType,Name,Icon,Type,SubType,IfCombineSubmesh,ifTransparent,ModelName,TextureName,ModelType
11000000,立方体,ugcModel,11000000,4,立方体,cube,,1,1,0,,,
11000125,立方体,ugcModel,11000000,4,立方体（三面）,cube,,1,0,0,,,
11000001,球体,ugcModel,11000001,4,球体,sphere,,1,0,0,,,
11000002,圆柱体,ugcModel,11000002,4,圆柱体,cylinder,,1,0,0,,,
11000003,圆锥,ugcModel,11000003,4,圆锥,cone,,1,0,0,,,
11000004,楔形,ugcModel,11000004,4,楔形,wedge,,1,0,0,,,
11000005,空心半球,ugcModel,11000005,4,碗,bowl,,2,0,0,,,
11000006,星星,ugcModel,11000006,4,星星,star,,2,0,0,,,
11000007,半圆柱,ugcModel,11000007,4,半圆柱,halfround,,2,0,0,,,
11000008,桌子,ugcModel,11000008,4,桌子,desk,,2,0,0,,,
11000009,板凳,ugcModel,11000009,4,板凳,stool,,2,0,0,,,
11000010,木板,ugcModel,11000010,4,木板,plank,,2,0,0,,,
11000011,半球,ugcModel,11000011,4,半球,hemisphere,,2,0,0,,,
11000012,泳圈,ugcModel,11000012,4,泳圈,annular,,2,0,0,,,
11000013,圆饼,ugcModel,11000013,4,圆饼,cake,,2,0,0,,,
11000014,树,ugcModel,11000014,4,树,tree,,2,0,0,,,
11000015,阀门,ugcModel,11000015,4,阀门,valve,,2,0,0,,,
11000016,长凳,ugcModel,11000016,4,长凳,bench,,2,0,0,,,
11000017,方块,ugcModel,11000017,4,方块,block,,2,0,0,,,
11000018,花,ugcModel,11000018,4,花,flower,,2,0,0,,,
11000019,小树,ugcModel,11000019,4,面包树,smalltree,,2,0,0,,,
11000020,栅栏,ugcModel,11000020,4,栅栏,fence,,2,0,0,,,
11000021,雨伞,ugcModel,11000021,4,雨伞,umbrella,,2,0,0,,,
11000022,长棍,ugcModel,11000022,4,长棍,stick,,2,0,0,,,
11000023,锤子,ugcModel,11000023,4,锤子,hammer,,2,0,0,,,
11000024,甜甜圈,ugcModel,11000024,4,甜甜圈,donut,,2,0,0,,,
11000025,威化饼,ugcModel,11000025,4,威化饼,waffle,,2,0,0,,,
11000026,三叶草,ugcModel,11000026,4,三叶草,clover,,2,0,0,,,
11000027,红水管,ugcModel,11000027,4,红水管,red_water_pipe,,2,0,0,,,
11000028,红苹果,ugcModel,11000028,4,红苹果,red_apple,,2,0,0,,,
11000029,蓝转盘,ugcModel,11000029,4,蓝转盘,blue_turntable,,2,0,0,,,
11000030,跨栏,ugcModel,11000030,4,跨栏,hurdle,,2,0,0,,,
11000031,叶子,ugcModel,11000031,4,叶子,leaf,,2,0,0,,,
11000032,黄蘑菇,ugcModel,11000032,4,黄蘑菇,yellow_mushroom,,2,0,0,,,
11000033,彩虹,ugcModel,11000033,4,彩虹,rainbow,,2,0,0,,,
11000035,X标志,ugcModel,11000035,4,X标志,x_mark,,2,0,0,,,
11000036,粉心,ugcModel,11000036,4,粉心,pink_heart,,2,0,0,,,
11000037,滑梯,ugcModel,11000037,4,滑梯,slide,,2,0,0,,,
11000038,货车,ugcModel,11000038,4,货车,truck,,2,0,0,,,
11000039,拖车,ugcModel,11000039,4,拖车,trailer,,2,0,0,,,
11000040,卡车,ugcModel,11000040,4,卡车,truck1,,2,0,0,,,
11000041,蓝色轿车,ugcModel,11000041,4,蓝色轿车,blue_car,,2,0,0,,,
11000042,面包车,ugcModel,11000042,4,面包车,van,,2,0,0,,,
11000043,雨棚,ugcModel,11000043,4,雨棚,awaning,,2,0,0,,,
11000044,披萨店招牌,ugcModel,11000044,4,披萨店招牌,pizza_sign,,2,0,0,,,
11000045,扶梯,ugcModel,11000045,4,扶梯,escalator,,2,0,0,,,
11000046,吊钩,ugcModel,11000046,4,吊钩,hook,,2,0,0,,,
11000047,通风管,ugcModel,11000047,4,通风管,ventilation,,2,0,0,,,
11000048,拱门,ugcModel,11000048,4,拱门,arch,,2,0,0,,,
11000049,礼盒,ugcModel,11000049,4,礼盒,gift,,2,0,0,,,
11000050,木马,ugcModel,11000050,4,木马,trojan_horse,,2,0,0,,,
11000051,热气球,ugcModel,11000051,4,热气球,balloon,,2,0,0,,,
11000052,电视机,ugcModel,11000052,4,电视机,tv,,2,0,0,,,
11000054,月亮,ugcModel,11000054,4,月亮,moon,,2,0,0,,,
11000055,花洒,ugcModel,11000055,4,花洒,shower,,2,0,0,,,
11000056,勺子,ugcModel,11000056,4,勺子,spoon,,2,0,0,,,
11000057,书本,ugcModel,11000057,4,书本,book,,2,0,0,,,
11000058,小刀,ugcModel,11000058,4,小刀,knife,,2,0,0,,,
11000059,螺丝刀,ugcModel,11000059,4,螺丝刀,screwdriver,,2,0,0,,,
11000060,瓶子,ugcModel,11000060,4,瓶子,bottle,,2,0,0,,,
11000061,钻石,ugcModel,11000061,4,钻石,diamond,,1,0,0,,,
11000062,心形,ugcModel,11000062,4,心形,heart,,1,0,0,,,
11000063,齿轮,ugcModel,11000063,4,齿轮,gear,,1,0,0,,,
11000064,弯箭头,ugcModel,11000064,4,弯箭头,curved_arrow,,1,0,0,,,
11000065,直箭头,ugcModel,11000065,4,直箭头,straight_arrow,,1,0,0,,,
11000066,圆筒,ugcModel,11000066,4,圆筒,tube,,1,0,0,,,
11000067,圆台,ugcModel,11000067,4,圆台,round_platform,,1,0,0,,,
11000068,圆环,ugcModel,11000068,4,圆环,ring,,1,0,0,,,
11000069,圆弧,ugcModel,11000069,4,圆弧,arc,,1,0,0,,,
11000070,拱形,ugcModel,11000070,4,拱形,square_arc,,1,0,0,,,
11000071,方环,ugcModel,11000071,4,方环,square_ring,,1,0,0,,,
11000072,三棱柱,ugcModel,11000072,4,三棱柱,triangular_prism,,1,0,0,,,
11000073,六棱柱,ugcModel,11000073,4,六棱柱,hexagonal_prism,,1,0,0,,,
11000074,扇形柱,ugcModel,11000074,4,扇形柱,fan-shaped_column,,1,0,0,,,
11000075,凸圆柱,ugcModel,11000075,4,凸圆柱,convex_cylinder,,1,0,0,,,
11000076,凹圆柱,ugcModel,11000076,4,凹圆柱,concave_cylinder,,1,0,0,,,
11000077,四棱锥,ugcModel,11000077,4,四棱锥,quad_pyramid,,1,0,0,,,
11000078,六棱锥,ugcModel,11000078,4,六棱锥,hexagonal_pyramid,,1,0,0,,,
11000079,滑道,ugcModel,11000079,4,滑道,slide_base,,1,0,0,,,
11000080,快餐店凳子,ugcModel,11000080,4,快餐店凳子,fast_food_stool,,2,0,0,,,
11000081,快餐店沙发,ugcModel,11000081,4,快餐店沙发,fast_food_sofa,,2,0,0,,,
11000082,快餐店桌子,ugcModel,11000082,4,快餐店桌子,fast_food_table,,2,0,0,,,
11000083,拉力赛车,ugcModel,11000083,4,拉力赛车,rally_car,,2,0,0,,,
11000084,警车,ugcModel,11000084,4,警车,police_car,,2,0,0,,,
11000085,吊车,ugcModel,11000085,4,吊车,crane,,2,0,0,,,
11000086,快餐车,ugcModel,11000086,4,快餐车,food_truck,,2,0,0,,,
11000087,垃圾车,ugcModel,11000087,4,垃圾车,garbage_truck,,2,0,0,,,
11000088,箱型货车,ugcModel,11000088,4,箱型货车,box_truck,,2,0,0,,,
11000089,跑车,ugcModel,11000089,4,跑车,sports_car,,2,0,0,,,
11000090,方程式赛车,ugcModel,11000090,4,方程式赛车,formula_car,,2,0,0,,,
11000091,沙地越野车,ugcModel,11000091,4,沙地越野车,sand_buggy,,2,0,0,,,
11000094,灭火器,ugcModel,11000094,4,灭火器,fire_extinguisher,,2,0,0,,,
11000095,科技风座椅,ugcModel,11000095,4,科技风座椅,tech_chair,,2,0,0,,,
11000096,垃圾桶,ugcModel,11000096,4,垃圾桶,trash_can,,2,0,0,,,
11000097,铸铁壁灯,ugcModel,11000097,4,铸铁壁灯,cast_iron_wall_lamp,,2,0,0,,,
11000098,影院Logo,ugcModel,11000098,4,影院Logo,cinema_logo,,2,0,0,,,
11000099,射灯,ugcModel,11000099,4,射灯,spotlight,,2,0,0,,,
11000100,安检门,ugcModel,11000100,4,安检门,security_gate,,2,0,0,,,
11000101,滑板,ugcModel,11000101,4,滑板,skateboard,,2,0,0,,,
11000102,按摩椅,ugcModel,11000102,4,按摩椅,massage_chair,,2,0,0,,,
11000103,木椅,ugcModel,11000103,4,木椅,wooden_chair,,2,0,0,,,
11000104,[水墨]桃树,ugcModel,11000104,4,[水墨]桃树,icon390068,,2,0,"0,2",,,
11000105,[水墨]松树,ugcModel,11000105,4,[水墨]松树,icon390067,,2,0,"0,2",,,
11000106,[水墨]假山一,ugcModel,11000106,4,[水墨]假山一,icon390060,,2,0,0,,,
11000107,[水墨]竹子,ugcModel,11000107,4,[水墨]竹子,icon390069,,2,0,"0,2",,,
11000108,[水墨]枫树,ugcModel,11000108,4,[水墨]枫树,icon390071,,2,0,"0,2",,,
11000109,[水墨]假山二,ugcModel,11000109,4,[水墨]假山二,icon390061,,2,0,0,,,
11000110,[水墨]假山三,ugcModel,11000110,4,[水墨]假山三,icon390062,,2,0,0,,,
11000111,[水墨]假山四,ugcModel,11000111,4,[水墨]假山四,icon390063,,2,0,0,,,
11000112,[水墨]假山五,ugcModel,11000112,4,[水墨]假山五,icon390064,,2,0,0,,,
11000113,[水墨]山石一,ugcModel,11000113,4,[水墨]山石一,icon11000113,,2,0,0,,,
11000114,[水墨]山石二,ugcModel,11000114,4,[水墨]山石二,icon11000114,,2,0,0,,,
11000115,[水墨]山石三,ugcModel,11000115,4,[水墨]山石三,icon11000115,,2,0,0,,,
11000116,[水墨]山石四,ugcModel,11000116,4,[水墨]山石四,icon11000116,,2,0,0,,,
11000117,[水墨]山石五,ugcModel,11000117,4,[水墨]山石五,icon11000117,,2,0,0,,,
11000118,[水墨]山石六,ugcModel,11000118,4,[水墨]山石六,icon11000118,,2,0,0,,,
11000119,[水墨]山石七,ugcModel,11000119,4,[水墨]山石七,icon11000119,,2,0,0,,,
11000120,[水墨]柳树,ugcModel,11000120,4,[水墨]柳树,icon11000120,,2,0,"0,2",,,
11000121,立方体(6贴图),ugcModel,11000121,4,立方体(6贴图),cube,,4,0,0,,,
11000122,立方体(1贴图),ugcModel,11000122,4,立方体(1贴图),cube,,4,0,0,,,
11000123,立方体(2贴图),ugcModel,11000123,4,立方体(2贴图),cube,,4,0,0,,,
11000124,立方体(3贴图),ugcModel,11000124,4,立方体(3贴图),cube,,4,0,0,,,
11000130,枪模板,ugcModel,11000130,4,枪械模板,icon15000,,2,0,0,,,
,【暂不投放】1/2方块,ugcModel,11000125,4,1/2方块,cube,,4,0,0,,,
,【暂不投放】1/4方块,ugcModel,11000126,4,1/4方块,cube,,4,0,0,,,
,【暂不投放】竖1/2方块,ugcModel,11000127,4,竖1/2方块,cube,,4,0,0,,,
,【暂不投放】竖1/4方块,ugcModel,11000128,4,竖1/4方块,cube,,4,0,0,,,
,【暂不投放】45度斜面,ugcModel,11000129,4,六面立方体,cube,,4,0,0,,,
11000176,精英机械兵左手,ugcModel,11000176,4,精英机械兵左手,,,0,0,0,,,
11000177,精英机械兵右手,ugcModel,11000177,4,精英机械兵右手,,,0,0,0,,,
11000178,精英炮兵左手,ugcModel,11000178,4,精英炮兵左手,,,0,0,0,,,
11000179,精英炮兵右手,ugcModel,11000179,4,精英炮兵右手,,,0,0,0,,,
11000180,机械boss左手,ugcModel,11000180,4,机械boss左手,,,0,0,0,,,
11000181,机械boss右手,ugcModel,11000181,4,机械boss右手,,,0,0,0,,,
11000182,机械boss头,ugcModel,11000182,4,机械boss头,,,0,0,0,,,
11000183,测试obj,ugcModel,11000182,2,测试obj,cube,,0,0,0,,,
11000184,测试perfab,ugcModel,11000130,4,测试perfab,cube,,0,0,0,,,
11000391,饺子,blocks,,5,饺子,cube,,,0,0,food_dumpling,,
11000392,汤圆,blocks,,5,汤圆,cube,,,0,0,food_sweetdumpling,,
11000393,餐点展示柜,blocks,,5,餐点展示柜,cube,,,0,0,food_displaycase,,
11000394,高脚餐盘,blocks,,5,高脚餐盘,cube,,,0,0,stemmedtray,,
11000395,木餐盘,blocks,,5,木餐盘,cube,,,0,0,woodentray,,
11000396,野餐篮,blocks,,5,野餐篮,cube,,,0,0,picnicbasket,,
11000397,低级作物种子手持,ugcModel,11680,4,低级作物种子手持,,,,0,0,11680.prefab,,
11000398,中级作物种子手持,ugcModel,11681,4,中级作物种子手持,,,,0,0,11681.prefab,,
11000399,高级作物种子手持,ugcModel,11694,4,高级作物种子手持,,,,0,0,11694.prefab,,
11000400,攀藤架,blocks,,5,攀藤架,cube,,,0,0,climbingframe,,
11000401,西瓜作物,blocks,,5,西瓜作物,cube,,,0,0,plant_watermelon,,
11000402,丰硕西瓜作物,blocks,,5,丰硕西瓜作物,cube,,,0,0,plant_fruitful_watermelon,plant_watermelon,
11000403,番茄果实,blocks,,5,番茄果实,cube,,,0,0,fruit_tomato,plant_tomato,
11000404,丰硕番茄果实,blocks,,5,丰硕番茄果实,cube,,,0,0,fruit_tomato_fruitful,plant_tomato,
11000405,西瓜果实,blocks,,5,西瓜果实,cube,,,0,0,fruit_watermelon,plant_watermelon,
11000406,丰硕西瓜果实,blocks,,5,丰硕西瓜果实,cube,,,0,0,fruit_watermelon_fruitful,plant_watermelon,
11000407,番茄作物,blocks,,5,番茄作物,cube,,,0,0,plant_tomato,,
11000408,浆果丛作物,blocks,,5,浆果丛作物,cube,,,0,0,plant_berrypatch,,
11000409,浆果果实,blocks,,5,浆果果实,cube,,,0,0,fruit_berrypatch,plant_berrypatch,
11000410,丰硕浆果果实,blocks,,5,丰硕浆果果实,cube,,,0,0,fruit_berrypatch_fruitful,plant_berrypatch,
11000411,胡萝卜作物,blocks,,5,胡萝卜作物,cube,,,0,0,plant_carrot,,
11000412,胡萝卜果实,blocks,,5,胡萝卜果实,cube,,,0,0,fruit_carrot,plant_carrot,
11000413,丰硕胡萝卜果实,blocks,,5,丰硕胡萝卜果实,cube,,,0,0,fruit_carrot_fruitful,plant_carrot,
11000414,南瓜作物,blocks,,5,南瓜作物,cube,,,0,0,plant_pumpkin,,
11000415,南瓜果实,blocks,,5,南瓜果实,cube,,,0,0,fruit_pumpkin,plant_pumpkin,
11000416,丰硕南瓜果实,blocks,,5,丰硕南瓜果实,cube,,,0,0,fruit_pumpkin_fruitful,plant_pumpkin,
11000417,丰硕南瓜作物,blocks,,5,丰硕南瓜作物,cube,,,0,0,plant_fruitful_pumpkin,plant_pumpkin,
11000418,草莓作物,blocks,,5,草莓作物,cube,,,0,0,plant_strawberry,,
11000419,草莓果实,blocks,,5,草莓果实,cube,,,0,0,fruit_strawberry,plant_strawberry,
11000420,丰硕草莓果实,blocks,,5,丰硕草莓果实,cube,,,0,0,fruit_strawberry_fruitful,plant_strawberry,
11000421,莲藕作物,blocks,,5,莲藕作物,cube,,,0,0,plant_lotusroot,,
11000422,莲藕果实,blocks,,5,莲藕果实,cube,,,0,0,fruit_lotusroot,plant_lotusroot,
11000423,丰硕莲藕果实,blocks,,5,丰硕莲藕果实,cube,,,0,0,fruit_lotusroot_fruitful,plant_lotusroot,
11000424,沙棘作物,blocks,,5,沙棘作物,cube,,,0,0,plant_seabuckthorn,,
11000425,沙棘果实,blocks,,5,沙棘果实,cube,,,0,0,fruit_seabuckthorn,plant_seabuckthorn,
11000426,丰硕沙棘果实,blocks,,5,丰硕沙棘果实,cube,,,0,0,fruit_seabuckthorn_fruitful,plant_seabuckthorn,
11000427,葡萄作物,blocks,,5,葡萄作物,cube,,,0,0,plant_grape,,
11000428,葡萄果实,blocks,,5,葡萄果实,cube,,,0,0,fruit_grape,plant_grape,
11000429,丰硕葡萄果实,blocks,,5,丰硕葡萄果实,cube,,,0,0,fruit_grape_fruitful,plant_grape,
11000430,玉米作物,blocks,,5,玉米作物,cube,,,0,0,corn,,
11000431,玉米果实,blocks,,5,玉米果实,cube,,,0,0,fruit_corn,fruit_corn,
11000432,丰硕玉米果实,blocks,,5,丰硕玉米果实,cube,,,0,0,fruit_corn_fruitful,fruit_corn,
11000433,青瓜作物,blocks,,5,青瓜作物,cube,,,0,0,plant_cucumber,,
11000434,青瓜果实,blocks,,5,青瓜果实,cube,,,0,0,fruit_cucumber,plant_cucumber,
11000435,丰硕青瓜果实,blocks,,5,丰硕青瓜果实,cube,,,0,0,fruit_cucumber_fruitful,plant_cucumber,
11000436,番薯作物,blocks,,5,番薯作物,cube,,,0,0,plant_yams,,
11000437,番薯果实,blocks,,5,番薯果实,cube,,,0,0,fruit_yams,plant_yams,
11000438,丰硕番薯果实,blocks,,5,丰硕番薯果实,cube,,,0,0,fruit_yams_fruitful,plant_yams,
11000439,水稻作物,blocks,,5,水稻作物,cube,,,0,0,plant_rice,,
11000440,水稻果实,blocks,,5,水稻果实,cube,,,0,0,fruit_rice,plant_rice,
11000441,丰硕水稻果实,blocks,,5,丰硕水稻果实,cube,,,0,0,fruit_rice_fruitful,plant_rice,
11000442,独葵作物,blocks,,5,独葵作物,cube,,,0,0,plant_sugarcane,,
11000443,独葵果实,blocks,,5,独葵果实,cube,,,0,0,fruit_sugarcane,plant_sugarcane,
11000444,丰硕独葵果实,blocks,,5,丰硕独葵果实,cube,,,0,0,fruit_sugarcane_fruitful,plant_sugarcane,
11000445,萝卜王作物,blocks,,5,萝卜王作物,cube,,,0,0,plant_kingradish,,
11000446,萝卜王果实,blocks,,5,萝卜王果实,cube,,,0,0,fruit_kingradish,plant_kingradish,
11000447,丰硕萝卜王果实,blocks,,5,丰硕萝卜王果实,cube,,,0,0,fruit_kingradish_fruitful,plant_kingradish,
11000448,日光番茄作物,blocks,,5,日光番茄作物,cube,,,0,0,plant_suntomato,,
11000449,日光番茄果实,blocks,,5,日光番茄果实,cube,,,0,0,fruit_suntomato,plant_suntomato,
11000450,丰硕日光番茄果实,blocks,,5,丰硕日光番茄果实,cube,,,0,0,fruit_suntomato_fruitful,plant_suntomato,
11000451,超级杂交水稻作物,blocks,,5,超级杂交水稻作物,cube,,,0,0,plant_hybridrice,,
11000452,超级杂交水稻果实,blocks,,5,超级杂交水稻果实,cube,,,0,0,fruit_hybridrice,plant_hybridrice,
11000453,丰硕超级杂交水稻果实,blocks,,5,丰硕超级杂交水稻果实,cube,,,0,0,fruit_hybridrice_fruitful,plant_hybridrice,
11000454,彩虹草莓作物,blocks,,5,彩虹草莓作物,cube,,,0,0,plant_rainbowstrawberry,,
11000455,彩虹草莓果实,blocks,,5,彩虹草莓果实,cube,,,0,0,fruit_rainbowstrawberry,plant_rainbowstrawberry,
11000456,丰硕彩虹草莓果实,blocks,,5,丰硕彩虹草莓果实,cube,,,0,0,fruit_rainbowstrawberry_fruitful,plant_rainbowstrawberry,
11000457,水晶西瓜作物,blocks,,5,水晶西瓜作物,cube,,,0,0,plant_crystalwatermelon,,
11000458,水晶西瓜果实,blocks,,5,水晶西瓜果实,cube,,,0,0,fruit_crystalwatermelon,plant_crystalwatermelon,
11000459,丰硕水晶西瓜果实,blocks,,5,丰硕水晶西瓜果实,cube,,,0,0,fruit_crystalwatermelon_fruitful,plant_crystalwatermelon,
11000460,丰硕水晶西瓜作物,blocks,,5,丰硕水晶西瓜作物,cube,,,0,0,plant_fruitful_crystalwatermelon,plant_crystalwatermelon,
11000461,阳光青提作物,blocks,,5,阳光青提作物,cube,,,0,0,plant_sunshinegreengrape,,
11000462,阳光青提果实,blocks,,5,阳光青提果实,cube,,,0,0,fruit_sunshinegreengrape,plant_sunshinegreengrape,
11000463,丰硕阳光青提果实,blocks,,5,丰硕阳光青提果实,cube,,,0,0,fruit_sunshinegreengrape_fruitful,plant_sunshinegreengrape,
11000464,精致玉米作物,blocks,,5,精致玉米作物,cube,,,0,0,plant_finecorn,,
11000465,精致玉米果实,blocks,,5,精致玉米果实,cube,,,0,0,fruit_finecorn,plant_finecorn,
11000466,丰硕精致玉米果实,blocks,,5,丰硕精致玉米果实,cube,,,0,0,fruit_finecorn_fruitful,plant_finecorn,
11000467,冰果作物,blocks,,5,冰果作物,cube,,,0,0,plant_icefruit,,
11000468,冰果果实,blocks,,5,冰果果实,cube,,,0,0,fruit_icefruit,plant_icefruit,
11000469,丰硕冰果果实,blocks,,5,丰硕冰果果实,cube,,,0,0,fruit_icefruit_fruitful,plant_icefruit,
11000470,丰硕冰果作物,blocks,,5,丰硕冰果作物,cube,,,0,0,plant_fruitful_icefruit,plant_icefruit,
11000471,烈焰瓜作物,blocks,,5,烈焰瓜作物,cube,,,0,0,plant_flamemelon,,
11000472,烈焰瓜果实,blocks,,5,烈焰瓜果实,cube,,,0,0,fruit_flamemelon,plant_flamemelon,
11000473,丰硕烈焰瓜果实,blocks,,5,丰硕烈焰瓜果实,cube,,,0,0,fruit_flamemelon_fruitful,plant_flamemelon,
11000474,丰硕烈焰瓜作物,blocks,,5,丰硕烈焰瓜作物,cube,,,0,0,plant_fruitful_flamemelon,plant_flamemelon,
11000475,冰焰双果披萨,blocks,,5,冰焰双果披萨,cube,,,0,0,food_iceflamepizza,,
11000476,水晶西瓜沙棘慕斯,blocks,,5,水晶西瓜沙棘慕斯,cube,,,0,0,food_crystalwatermelon,,
11000477,阳光青提舒芙蕾,blocks,,5,阳光青提舒芙蕾,cube,,,0,0,food_sunshinegrape,,
11000478,彩虹草莓千层,blocks,,5,彩虹草莓千层,cube,,,0,0,food_rainbowstrawberry,,
11000479,汉堡,blocks,,5,汉堡,cube,,,0,0,food_hamburger,,
11000480,青瓜鸡蛋饼,blocks,,5,青瓜鸡蛋饼,cube,,,0,0,food_cucumberegg,,
11000481,浆果松饼,blocks,,5,浆果松饼,cube,,,0,0,food_berrymuffin,,
11000482,独葵蜂蜜饼干,blocks,,5,独葵蜂蜜饼干,cube,,,0,0,food_daisyhoney,,
11000483,葡萄干土司,blocks,,5,葡萄干土司,cube,,,0,0,food_raisintoast,,
11000484,草莓蛋糕,blocks,,5,草莓蛋糕,cube,,,0,0,food_strawberrycake,,
11000485,牛角包,blocks,,5,牛角包,cube,,,0,0,food_croissant,,
11000486,面包,blocks,,5,面包,cube,,,0,0,food_bread,,
11000487,超级米发糕,blocks,,5,超级米发糕,cube,,,0,0,food_superrice,,
11000488,日光番茄佛卡夏,blocks,,5,日光番茄佛卡夏,cube,,,0,0,food_sunlighttomato,,
11000489,胡萝卜南瓜盅,blocks,,5,胡萝卜南瓜盅,cube,,,0,0,food_carrotpumpkin,,
11000490,莲藕核桃糕,blocks,,5,莲藕核桃糕,cube,,,0,0,food_lotusrootwalnut,,
11000491,餐盘,blocks,,5,餐盘,cube,,,0,0,basictray,,
11000492,粗制洒水器,ugcModel,200163,4,粗制洒水器,cube,,,0,0,,,
11000493,标准洒水器,ugcModel,200164,4,标准洒水器,cube,,,0,0,,,
11000494,加强洒水器,ugcModel,200165,4,加强洒水器,cube,,,0,0,,,
11000495,玉米垛,blocks,,5,玉米垛,cube,,,0,0,corn_stack,,
11000496,囤积箱,blocks,,5,囤积箱,cube,,,0,0,storage_bin,,
11000497,囤积桶,blocks,,5,囤积桶,cube,,,0,0,storage_bucket,,
11000498,新版窗(测试）,ugcModel,201504,4,窗户,cube,,,0,0,,,
11000499,储物格,ugcModel,201643,4,储物格,cube,,,0,0,,,
11000500,人形模型,ugcModel,11000500,4,人形模型,cube,,,0,0,,,
11000501,野人伙伴发型1,ugcModel,11000501,4,野人伙伴发型1,cube,,5,0,0,11000501.prefab,,
11000502,野人伙伴发型2,ugcModel,11000502,4,野人伙伴发型2,cube,,5,0,,11000502.prefab,,
11000503,野人伙伴发型3,ugcModel,11000503,4,野人伙伴发型3,cube,,5,0,,11000503.prefab,,
11000504,猎手伙伴发型1,ugcModel,11000504,4,猎手伙伴发型1,cube,,5,0,,11000504.prefab,,
11000505,猎手伙伴发型2,ugcModel,11000505,4,猎手伙伴发型2,cube,,5,0,,11000505.prefab,,
11000506,猎手伙伴发型3,ugcModel,11000506,4,猎手伙伴发型3,cube,,5,0,,11000506.prefab,,
11000507,冰原村民头1,ugcModel,11000507,4,冰原村民头1,cube,,5,0,,11000507.prefab,,
11000508,冰原村民头2,ugcModel,11000508,4,冰原村民头2,cube,,5,0,,11000508.prefab,,
11000520,野人伙伴脸1,ugcModel,11000520,6,野人伙伴脸1,cube,,5,0,0,11000520.png,,
11000521,野人伙伴脸2,ugcModel,11000521,6,野人伙伴脸2,cube,,5,0,0,11000521.png,,
11000522,野人伙伴脸3,ugcModel,11000522,6,野人伙伴脸3,cube,,5,0,0,11000522.png,,
11000523,野人伙伴脸4,ugcModel,11000523,6,野人伙伴脸4,cube,,5,0,0,11000523.png,,
11000524,野人伙伴脸5,ugcModel,11000524,6,野人伙伴脸5,cube,,5,0,0,11000524.png,,
11000525,野人伙伴脸6,ugcModel,11000525,6,野人伙伴脸6,cube,,5,0,0,11000525.png,,
11000526,冰原男村民脸,ugcModel,11000526,6,冰原男村民脸,cube,,5,0,0,11000526.png,,
11000527,冰原女村民脸,ugcModel,11000527,6,冰原女村民脸,cube,,5,0,0,11000527.png,,
11000540,野人伙伴肤色1,ugcModel,11000540,6,野人伙伴肤色1,cube,,5,0,0,11000540.png,,
11000550,野人伙伴上衣,ugcModel,11000550,4,野人伙伴上衣,cube,,5,0,,11000550.prefab,,
11000551,猎手伙伴上衣,ugcModel,11000551,4,猎手伙伴上衣,cube,,5,0,,11000551.prefab,,
11000552,冰原村民上衣,ugcModel,11000552,4,冰原村民上衣,cube,,5,0,,11000552.prefab,,
11000570,野人伙伴裤子,ugcModel,11000570,4,野人伙伴裤子,cube,,5,0,,11000570.prefab,,
11000571,猎手伙伴裤子,ugcModel,11000571,4,猎手伙伴裤子,cube,,5,0,,11000571.prefab,,
11000590,野人伙伴鞋子,ugcModel,11000590,4,野人伙伴鞋子,cube,,5,0,,11000590.prefab,,
11000591,猎手伙伴鞋子,ugcModel,11000591,4,猎手伙伴鞋子,cube,,5,0,,11000591.prefab,,
11000610,野人伙伴手饰,ugcModel,11000610,4,野人伙伴手饰,cube,,5,0,,11000610.prefab,,
11000611,猎手伙伴手饰,ugcModel,11000611,4,猎手伙伴手饰,cube,,5,0,,11000611.prefab,,
11000630,战士背饰,ugcModel,11000630,4,战士背饰,cube,,5,0,,11000630.prefab,,
11000631,猎人背饰,ugcModel,11000631,4,猎人背饰,cube,,5,0,,11000631.prefab,,
11000632,樵夫背饰,ugcModel,11000632,4,樵夫背饰,cube,,5,0,,11000632.prefab,,
11000633,农夫背饰,ugcModel,11000633,4,农夫背饰,cube,,5,0,,11000633.prefab,,
11000634,助手背饰,ugcModel,11000634,4,助手背饰,cube,,5,0,,11000634.prefab,,
11000635,建筑工背饰,ugcModel,11000635,4,建筑工背饰,cube,,5,0,,11000635.prefab,,
11000636,蘑菇士兵_头盔,ugcModel,11000636,4,蘑菇士兵_头盔,cube,,0,0,,11000636.prefab,,
11000637,蘑菇士兵_围巾,ugcModel,11000637,4,蘑菇士兵_围巾,cube,,0,0,,11000637.prefab,,
11000638,蘑菇士兵_左手盾牌,ugcModel,11000638,4,蘑菇士兵_左手盾牌,cube,,0,0,,11000638.prefab,,
11000639,蘑菇士兵_右手长矛,ugcModel,11000639,4,蘑菇士兵_右手长矛,cube,,0,0,,11000639.prefab,,
11000640,蘑菇士兵_严肃表情,ugcModel,11000640,4,蘑菇士兵_严肃表情,cube,,0,0,,11000640.prefab,,
11000641,蘑菇厨师_厨师帽,ugcModel,11000641,4,蘑菇厨师_厨师帽,cube,,0,0,,11000641.prefab,,
11000642,蘑菇厨师_围巾,ugcModel,11000642,4,蘑菇厨师_围巾,cube,,0,0,,11000642.prefab,,
11000643,蘑菇厨师_左手铲子,ugcModel,11000643,4,蘑菇厨师_左手铲子,cube,,0,0,,11000643.prefab,,
11000644,蘑菇厨师_右手铲子,ugcModel,11000644,4,蘑菇厨师_右手铲子,cube,,0,0,,11000644.prefab,,
11000645,蘑菇厨师_表情,ugcModel,11000645,4,蘑菇厨师_表情,cube,,0,0,,11000645.prefab,,
11000646,可填写,ugcModel,11000646,4,可填写,cube,,0,0,,,,
11000647,蘑菇平民_表情,ugcModel,11000647,4,蘑菇平民_表情,cube,,0,0,,11000647.prefab,,
11000648,蘑菇平民_包,ugcModel,11000648,4,蘑菇平民_包,cube,,0,0,,11000648.prefab,,
11000649,酸液泡,ugcModel,11000649,4,酸液泡,cube,,0,0,0,11000649.prefab,,
11000650,可填写,ugcModel,11000650,4,可填写,cube,,0,0,,,,
11000651,可填写,ugcModel,11000651,4,可填写,cube,,0,0,,,,
11000652,可填写,ugcModel,11000652,4,可填写,cube,,0,0,,,,
11000653,可填写,ugcModel,11000653,4,可填写,cube,,0,0,,,,
11000654,音乐菇1,ugcModel,11000654,4,音乐菇1,cube,,0,0,0,body.prefab,,
11000655,动物人形_村民_法袍(华丽),ugcModel,11000655,4,动物人形_村民_法袍(华丽),cube,,0,0,,11000655.prefab,,
11000656,动物人形_村民_右手法杖(华丽),ugcModel,11000656,4,动物人形_村民_右手法杖(华丽),cube,,0,0,,11000656.prefab,,
11000657,动物人形_村民_左手卷轴,ugcModel,11000657,4,动物人形_村民_左手卷轴,cube,,0,0,,11000657.prefab,,
11000658,动物人形_村民_法袍(普通),ugcModel,11000658,4,动物人形_村民_法袍(普通),cube,,0,0,,11000658.prefab,,
11000659,动物人形_村民_法帽,ugcModel,11000659,4,动物人形_村民_法帽,cube,,0,0,,11000659.prefab,,
11000660,动物人形_村民_法杖,ugcModel,11000660,4,动物人形_村民_法杖,cube,,0,0,,11000660.prefab,,
11000661,动物人形_生物_头盔,ugcModel,11000661,4,动物人形_生物_头盔,cube,,0,0,,11000661.prefab,,
11000662,动物人形_生物_衣甲,ugcModel,11000662,4,动物人形_生物_衣甲,cube,,0,0,,11000662.prefab,,
11000663,动物人形_生物_左手盾牌,ugcModel,11000663,4,动物人形_生物_左手盾牌,cube,,0,0,,11000663.prefab,,
11000664,动物人形_生物_右手战斧,ugcModel,11000664,4,动物人形_生物_右手战斧,cube,,0,0,,11000664.prefab,,
11000665,动物人形_生物_法袍,ugcModel,11000665,4,动物人形_生物_法袍,cube,,0,0,,11000665.prefab,,
11000666,动物人形_生物_法杖,ugcModel,11000666,4,动物人形_生物_法杖,cube,,0,0,,11000666.prefab,,
11000667,动物人形_生物_大檐帽,ugcModel,11000667,4,动物人形_生物_大檐帽,cube,,0,0,,11000667.prefab,,
11000668,动物人形_生物_弓箭服饰,ugcModel,11000668,4,动物人形_生物_弓箭服饰,cube,,0,0,,11000668.prefab,,
11000669,动物人形_生物_战锤服饰,ugcModel,11000669,4,动物人形_生物_战锤服饰,cube,,0,0,,11000669.prefab,,
11000670,动物人形_生物_右手战锤,ugcModel,11000670,4,动物人形_生物_右手战锤,cube,,0,0,,11000670.prefab,,
11000671,动物人形_生物_刺客蒙脸巾,ugcModel,11000671,4,动物人形_生物_刺客蒙脸巾,cube,,0,0,,11000671.prefab,,
11000672,动物人形_生物_刺客腰带,ugcModel,11000672,4,动物人形_生物_刺客腰带,cube,,0,0,,11000672.prefab,,
11000673,动物人形_生物_左手匕首,ugcModel,11000673,4,动物人形_生物_左手匕首,cube,,0,0,,11000673.prefab,,
11000674,动物人形_生物_右手匕首,ugcModel,11000674,4,动物人形_生物_右手匕首,cube,,0,0,,11000674.prefab,,
11000675,动物人形_生物_长剑,ugcModel,11000675,4,动物人形_生物_长剑,cube,,0,0,,11000675.prefab,,
11000676,动物人形_生物_弓箭,ugcModel,11000676,4,动物人形_生物_弓箭,cube,,0,0,,11000676.prefab,,
11000677,动物人形_村民_农夫帽,ugcModel,11000677,4,动物人形_村民_农夫帽,cube,,0,0,,11000677.prefab,,
11000678,动物人形_村民_长裤,ugcModel,11000678,4,动物人形_村民_长裤,cube,,0,0,,11000678.prefab,,
11000679,动物人形_村民_厨师帽,ugcModel,11000679,4,动物人形_村民_厨师帽,cube,,0,0,,11000679.prefab,,
11000680,动物人形_村民_围巾,ugcModel,11000680,4,动物人形_村民_围巾,cube,,0,0,,11000680.prefab,,
11000681,动物人形_村民_左手厨具,ugcModel,11000681,4,动物人形_村民_左手厨具,cube,,0,0,,11000681.prefab,,
11000682,动物人形_村民_右手厨具,ugcModel,11000682,4,动物人形_村民_右手厨具,cube,,0,0,,11000682.prefab,,
11000683,动物人形_村民_渔服,ugcModel,11000683,4,动物人形_村民_渔服,cube,,0,0,,11000683.prefab,,
11000684,动物人形_村民_右手鱼竿,ugcModel,11000684,4,动物人形_村民_右手鱼竿,cube,,0,0,,11000684.prefab,,
11000685,动物人形_村民_普通服饰,ugcModel,11000685,4,动物人形_村民_普通服饰,cube,,0,0,,11000685.prefab,,
11000686,蘑菇法师_法帽,ugcModel,11000686,4,蘑菇法师_法帽,cube,,0,0,,11000686.prefab,,
11000687,蘑菇法师_围巾,ugcModel,11000687,4,蘑菇法师_围巾,cube,,0,0,,11000687.prefab,,
11000688,蘑菇法师_法杖,ugcModel,11000688,4,蘑菇法师_法杖,cube,,0,0,,11000688.prefab,,
11000689,蘑菇乐手_围巾,ugcModel,11000689,4,蘑菇乐手_围巾,cube,,0,0,,11000689.prefab,,
11000690,蘑菇乐手_胡琴,ugcModel,11000690,4,蘑菇乐手_胡琴,cube,,0,0,,11000690.prefab,,
11000691,蘑菇舞者_舞帽,ugcModel,11000691,4,蘑菇舞者_舞帽,cube,,0,0,,11000691.prefab,,
11000692,蘑菇舞者_花围巾,ugcModel,11000692,4,蘑菇舞者_花围巾,cube,,0,0,,11000692.prefab,,
11000693,蘑菇舞者_花舞裙,ugcModel,11000693,4,蘑菇舞者_花舞裙,cube,,0,0,,11000693.prefab,,
11000694,蘑菇商人_商服,ugcModel,11000694,4,蘑菇商人_商服,cube,,0,0,,11000694.prefab,,
11000695,蘑菇商人_皮鞋,ugcModel,11000695,4,蘑菇商人_皮鞋,cube,,0,0,,11000695.prefab,,
11000696,蘑菇商人_背包,ugcModel,11000696,4,蘑菇商人_背包,cube,,0,0,,11000696.prefab,,
11000697,蘑菇法师_表情,ugcModel,11000697,4,蘑菇法师_表情,cube,,0,0,,11000697.prefab,,
11000698,蘑菇乐手_表情开心,ugcModel,11000698,4,蘑菇乐手_表情开心,cube,,0,0,,11000698.prefab,,
11000699,蘑菇舞者_表情开心,ugcModel,11000699,4,蘑菇舞者_表情开心,cube,,0,0,,11000699.prefab,,
11000700,新版围栏门,ugcModel,210517,4,围栏门,cube,,,0,0,,,
11000701,田园门,ugcModel,201503,4,田园门,cube,,,0,0,,,
11000702,星河窗帘,ugcModel,201603,4,星河窗帘,cube,,,0,0,,,
11000703,星河床,ugcModel,201607,4,星河床,cube,,,0,0,,,
11000704,星河水晶球,ugcModel,201616,4,星河水晶球,cube,,,0,0,,,
11000705,星河门,ugcModel,201601,4,星河门,cube,,,0,0,,,
11000706,星河抽屉柜,ugcModel,201608,4,星河抽屉柜,cube,,,0,0,,,
11000707,星河星象吊灯,ugcModel,201611,4,星河星象吊灯,cube,,,0,0,,,
11000708,星河风铃,ugcModel,201613,4,星河风铃,cube,,,0,0,,,
11000709,田园箱子,ugcModel,201502,4,田园箱子,cube,,,0,0,,,
11000710,田园衣柜,ugcModel,201501,4,田园衣柜,cube,,,0,0,,,
11000711,星河衣橱,ugcModel,201609,4,星河衣橱,cube,,,0,0,,,
11000712,田园壁炉,ugcModel,201512,4,田园壁炉,cube,,,0,0,,,
11000713,星河壁炉,ugcModel,201612,4,星河壁炉,cube,,,0,0,,,
11000714,云朵软床,ugcModel,201626,4,云朵软床,cube,,,0,0,,,
11000715,云朵门,ugcModel,201620,4,云朵门,cube,,,0,0,,,
11000716,云朵圆桌,ugcModel,201630,4,云朵圆桌,cube,,,0,0,,,
11000717,云朵场景摆件,ugcModel,201636,4,云朵场景摆件,cube,,,0,0,,,
11000718,云朵沙发,ugcModel,201624,4,云朵沙发,cube,,,0,0,,,
11000719,云朵花盆,ugcModel,201631,4,云朵花盆,cube,,,0,0,,,
11000720,云朵壁灯,ugcModel,201632,4,云朵壁灯,cube,,,0,0,,,
11000721,云朵吊灯,ugcModel,201633,4,云朵吊灯,cube,,,0,0,,,
11000722,云朵喷泉,ugcModel,201637,4,云朵喷泉,cube,,,0,0,,,
11000723,云朵衣橱,ugcModel,201627,4,云朵衣橱,cube,,,0,0,,,
11000724,云朵小储物箱,ugcModel,201628,4,云朵小储物箱,cube,,,0,0,,,
11000725,云朵大储物箱,ugcModel,201629,4,云朵大储物箱,cube,,,0,0,,,
11000726,猫猫顶灯,ugcModel,201647,4,猫猫顶灯,cube,,,0,0,,,
11000727,花小楼衣柜,ugcModel,201662,4,花小楼衣柜,cube,,,0,0,,,
11000728,花小楼冰箱,ugcModel,201665,4,花小楼冰箱,cube,,,0,0,,,
11000729,花小楼方柜,ugcModel,201666,4,花小楼方柜,cube,,,0,0,,,
11000730,符文铭刻台,ugcModel,826,4,符文铭刻台,cube,,,0,0,,,
11000731,星辉火盆灯,blocks,,5,星辉火盆灯,cube,,,0,0,starlightfirelamp,,
11000800,蘑菇商人_表情,ugcModel,11000800,4,蘑菇商人_表情,cube,,0,0,,11000800.prefab,,
11000801,动物人形_猪_表情,ugcModel,11000801,4,动物人形_猪_表情,cube,,0,0,,11000801.prefab,,
11000802,动物人形_猪_凶狠表情,ugcModel,11000802,4,动物人形_猪_凶狠表情,cube,,0,0,,11000802.prefab,,
11000803,动物人形_犬_表情,ugcModel,11000803,4,动物人形_犬_表情,cube,,0,0,,11000803.prefab,,
11000804,动物人形_犬_凶狠表情,ugcModel,11000804,4,动物人形_犬_凶狠表情,cube,,0,0,,11000804.prefab,,
11000805,动物人形_猫_表情,ugcModel,11000805,4,动物人形_猫_表情,cube,,0,0,,11000805.prefab,,
11000806,动物人形_猫_凶狠表情,ugcModel,11000806,4,动物人形_猫_凶狠表情,cube,,0,0,,11000806.prefab,,
11000807,动物人形_蛙_表情 1,ugcModel,11000807,4,动物人形_蛙_表情 1,cube,,0,0,,11000807.prefab,,
11000808,动物人形_蛙_表情 2,ugcModel,11000808,4,动物人形_蛙_表情 2,cube,,0,0,,11000808.prefab,,
11000809,动物人形_蛙_表情 3,ugcModel,11000809,4,动物人形_蛙_表情 3,cube,,0,0,,11000809.prefab,,
11000810,音乐菇2,ugcModel,11000810,4,音乐菇2,cube,,0,0,0,body.prefab,,
11000811,音乐菇3,ugcModel,11000811,4,音乐菇3,cube,,0,0,0,body.prefab,,
11000812,音乐菇4,ugcModel,11000812,4,音乐菇4,cube,,0,0,0,body.prefab,,
11000813,音乐菇5,ugcModel,11000813,4,音乐菇5,cube,,0,0,0,body.prefab,,
11000814,音乐菇6,ugcModel,11000814,4,音乐菇6,cube,,0,0,0,body.prefab,,
11000815,音乐菇7,ugcModel,11000815,4,音乐菇7,cube,,0,0,0,body.prefab,,
11000816,音乐菇8,ugcModel,11000816,4,音乐菇8,cube,,0,0,0,body.prefab,,
11000817,动物人形_蛙_表情 4,ugcModel,11000817,4,动物人形_蛙_表情 4,cube,,0,0,,11000817.prefab,,
11000818,蚀化蘑菇士兵_表情,ugcModel,11000818,4,蚀化蘑菇士兵_表情,cube,,0,0,,11000818.prefab,,
11000819,蚀化蘑菇士兵_头盔,ugcModel,11000819,4,蚀化蘑菇士兵_头盔,cube,,0,0,,11000819.prefab,,
11000820,蚀化蘑菇士兵_围巾,ugcModel,11000820,4,蚀化蘑菇士兵_围巾,cube,,0,0,,11000820.prefab,,
11000821,蚀化蘑菇士兵_左手盾,ugcModel,11000821,4,蚀化蘑菇士兵_左手盾,cube,,0,0,,11000821.prefab,,
11000822,蚀化蘑菇士兵_右手矛,ugcModel,11000822,4,蚀化蘑菇士兵_右手矛,cube,,0,0,,11000822.prefab,,
11000823,蚀化蘑菇法师_头饰,ugcModel,11000823,4,蚀化蘑菇法师_头饰,cube,,0,0,,11000823.prefab,,
11000824,蚀化蘑菇法师_围巾,ugcModel,11000824,4,蚀化蘑菇法师_围巾,cube,,0,0,,11000824.prefab,,
11000825,蚀化蘑菇法师_右手法杖,ugcModel,11000825,4,蚀化蘑菇法师_右手法杖,cube,,0,0,,11000825.prefab,,
11000826,动物人形_猪_超凶表情,ugcModel,11000826,4,动物人形_猪_超凶表情,cube,,0,0,,11000826.prefab,,
11000827,动物人形_猫_超凶表情,ugcModel,11000827,4,动物人形_猫_超凶表情,cube,,0,0,,11000827.prefab,,
11000828,动物人形_犬_超凶表情,ugcModel,11000828,4,动物人形_犬_超凶表情,cube,,0,0,,11000828.prefab,,
11000829,动物人形_村民_头饰花圈,ugcModel,11000829,4,动物人形_村民_头饰花圈,cube,,0,0,,11000829.prefab,,
11000830,动物人形_村民_围巾花环,ugcModel,11000830,4,动物人形_村民_围巾花环,cube,,0,0,,11000830.prefab,,
11000831,动物人形_村民_花裙,ugcModel,11000831,4,动物人形_村民_花裙,cube,,0,0,,11000831.prefab,,
11002000,星辉三叶草苗,blocks,,5,星辉三叶草苗,cube,,,0,0,starlightclover,,
11002001,星辉三叶草,blocks,,5,星辉三叶草,cube,,,0,0,starlightclover,,
11002002,荧菇,blocks,,5,荧菇,cube,,,0,0,luminous_mushroom,,
11002003,荧菇丛,blocks,,5,荧菇丛,cube,,,0,0,luminous_mushroom_cluster,,
11002004,星点草,blocks,,5,星点草,cube,,,0,0,starrygrass,,
11002005,蹦床菇,prefab\blocks,201920,4,蹦床菇,cube,,,0,0,body.prefab,,
11002006,音乐菇,prefab\blocks,11002006,4,音乐菇,cube,,,0,0,body.prefab,,
11002007,滑伞菇,prefab\blocks,201930,4,滑伞菇,cube,,,0,0,body.prefab,,
11002008,星露莓丛,blocks,,5,星露莓丛,cube,,,0,0,plant_stardewberry,,
11002010,菇排,blocks,,5,菇排,cube,,,0,0,MushroomSteak,,
11002011,炸蘑菇,blocks,,5,炸蘑菇,cube,,,0,0,FriedMushroom,,
11002012,荧菇炖汤,blocks,,5,荧菇炖汤,cube,,,0,0,GlowMushroomStew,,
11002013,星光面包,blocks,,5,星光面包,cube,,,0,0,StarlightBread,,
11002014,星辉花饼,blocks,,5,星辉花饼,cube,,,0,0,StarlightFlowerPie,,
11002015,星斑野猪排,blocks,,5,星斑野猪排,cube,,,0,0,StarSpottedBoarMeat,,
11002016,星芒麦,blocks,,5,星芒麦,cube,,,0,0,starlightwheat,,
11002017,蚀化召唤阵,prefab\blocks,201760,4,蚀化召唤阵,cube,,,0,0,body.prefab,,
11002018,学院宝箱（真）,prefab\blocks,390117,4,学院宝箱（真）,cube,,,0,0,body.prefab,,
11002019,学院宝箱（假）,prefab\blocks,390118,4,学院宝箱（假）,cube,,,0,0,body.prefab,,
11002020,荧藻冻,prefab\blocks,200262,4,荧藻冻,cube,,,0,0,body.prefab,,
11002021,蘑菇箱,prefab\blocks,201751,4,蘑菇箱,cube,,,0,0,body.prefab,,
11002022,蘑菇门,prefab\blocks,201747,4,蘑菇门,cube,,,0,0,body.prefab,,
11002023,蘑菇窗,prefab\blocks,201748,4,蘑菇窗,cube,,,0,0,body.prefab,,
11002024,星辉窗,prefab\blocks,201737,4,星辉窗,cube,,,0,0,body.prefab,,
11002025,滑伞菇,prefab\blocks,201930,4,滑伞菇,cube,,,0,0,body.prefab,,
11002026,荧菇幼苗,blocks,,5,荧菇幼苗,cube,,,0,0,luminousmushroomseedlings,luminous_mushroom,
11002027,星辉门,prefab\blocks,201736,4,星辉门,cube,,,0,0,body.prefab,,
11002028,星辉衣柜,prefab\blocks,201740,4,星辉衣柜,cube,,,0,0,body.prefab,,
11002029,星辉储物箱,prefab\blocks,201741,4,星辉储物箱,cube,,,0,0,body.prefab,,
11002030,星谕梦榻,prefab\blocks,201667,4,幽夜星谕床,cube,,,0,0,body.prefab,,
11002031,星谕书柜,prefab\blocks,201668,4,幽夜星谕书柜,cube,,,0,0,body.prefab,,
11002032,星谕门扉,prefab\blocks,201669,4,幽夜星谕门,cube,,,0,0,body.prefab,,
11002033,星谕摇椅,prefab\blocks,201670,4,幽夜星谕摇椅,cube,,,0,0,body.prefab,,
11002034,星谕方桌,prefab\blocks,201671,4,幽夜星谕方几,cube,,,0,0,body.prefab,,
11002035,星谕衣橱,prefab\blocks,201672,4,幽夜星谕衣柜,cube,,,0,0,body.prefab,,
11002036,星谕壁炉,prefab\blocks,201673,4,幽夜星谕壁炉,cube,,,0,0,body.prefab,,
11002037,星谕琉窗,prefab\blocks,201674,4,幽夜星谕窗户,cube,,,0,0,body.prefab,,
11002038,星谕织毯,prefab\blocks,201675,4,幽夜星谕地毯,cube,,,0,0,body.prefab,,
11002039,星谕晶灯,prefab\blocks,201676,4,幽夜星谕吊灯,cube,,,0,0,body.prefab,,
11002500,皮头盔,remotes\entity\avatar,1000_2500,4,皮头盔,icon12201,,5,0,0,2500.prefab,,
11002501,链甲头盔,remotes\entity\avatar,1000_2501,4,链甲头盔,icon12211,,5,0,0,2501.prefab,,
11002502,黄铜头盔,remotes\entity\avatar,1000_2502,4,黄铜头盔,icon12216,,5,0,0,2502.prefab,,
11002503,铸铁头盔,remotes\entity\avatar,1000_2503,4,铸铁头盔,icon12221,,5,0,0,2503.prefab,,
11002504,钛金头盔,remotes\entity\avatar,1000_2504,4,钛金头盔,icon12231,,5,0,0,2504.prefab,,
11002505,钨金头盔,remotes\entity\avatar,1000_2505,4,钨金头盔,icon12241,,5,0,0,2505.prefab,,
11002506,野人面具,remotes\entity\avatar,1000_2506,4,野人面具,icon12246,,5,0,0,2506.prefab,,
11002515,皮胸甲,remotes\entity\avatar,1000_2515,4,皮胸甲,icon12202,,5,0,0,2515.prefab,,
11002516,链甲胸甲,remotes\entity\avatar,1000_2516,4,链甲胸甲,icon12212,,5,0,0,2516.prefab,,
11002517,黄铜胸甲,remotes\entity\avatar,1000_2517,4,黄铜胸甲,icon12217,,5,0,0,2517.prefab,,
11002518,铸铁胸甲,remotes\entity\avatar,1000_2518,4,铸铁胸甲,icon12222,,5,0,0,2518.prefab,,
11002519,钛金胸甲,remotes\entity\avatar,1000_2519,4,钛金胸甲,icon12232,,5,0,0,2519.prefab,,
11002520,钨金胸甲,remotes\entity\avatar,1000_2520,4,钨金胸甲,icon12242,,5,0,0,2520.prefab,,
11002524,皮护腿,remotes\entity\avatar,1000_2524,4,皮护腿,icon12203,,5,0,0,2524.prefab,,
11002525,链甲护腿,remotes\entity\avatar,1000_2525,4,链甲护腿,icon12213,,5,0,0,2525.prefab,,
11002526,黄铜护腿,remotes\entity\avatar,1000_2526,4,黄铜护腿,icon12218,,5,0,0,2526.prefab,,
11002527,铸铁护腿,remotes\entity\avatar,1000_2527,4,铸铁护腿,icon12223,,5,0,0,2527.prefab,,
11002528,钛金护腿,remotes\entity\avatar,1000_2528,4,钛金护腿,icon12233,,5,0,0,2528.prefab,,
11002529,钨金护腿,remotes\entity\avatar,1000_2529,4,钨金护腿,icon12243,,5,0,0,2529.prefab,,
11002531,皮靴子,remotes\entity\avatar,1000_2531,4,皮靴子,icon12204,,5,0,0,2531.prefab,,
11002532,链甲靴子,remotes\entity\avatar,1000_2532,4,链甲靴子,icon12214,,5,0,0,2532.prefab,,
11002533,黄铜靴子,remotes\entity\avatar,1000_2533,4,黄铜靴子,icon12219,,5,0,0,2533.prefab,,
11002534,铸铁靴子,remotes\entity\avatar,1000_2534,4,铸铁靴子,icon12224,,5,0,0,2534.prefab,,
11002535,钛金靴子,remotes\entity\avatar,1000_2535,4,钛金靴子,icon12234,,5,0,0,2535.prefab,,
11002536,钨金靴子,remotes\entity\avatar,1000_2536,4,钨金靴子,icon12244,,5,0,0,2536.prefab,,
11002541,皮披风,remotes\entity\avatar,1000_2541,4,皮披风,icon12205,,5,0,0,2541.prefab,,
11002543,炽炎披风,remotes\entity\avatar,1000_2543,4,炽炎披风,icon12206,,5,0,0,2543.prefab,,
11002544,钨金披风,remotes\entity\avatar,1000_2544,4,钨金披风,icon12207,,5,0,0,2544.prefab,,
11002545,云母披风,remotes\entity\avatar,1000_2545,4,云母披风,icon12208,,5,0,0,2545.prefab,,
11002542,精铝披风,remotes\entity\avatar,1000_2542,4,精铝披风,icon12209,,5,0,0,2542.prefab,,
11002546,熔岩披风,remotes\entity\avatar,1000_2546,4,熔岩披风,icon12210,,5,0,0,2546.prefab,,
11002551,迷你披风,remotes\entity\avatar,1000_2551,4,迷你披风,icon12205,,5,0,0,2551.prefab,,
11002552,4399披风,remotes\entity\avatar,1000_2552,4,4399披风,icon12205,,5,0,0,2552.prefab,,
11002553,阿里游戏披风,remotes\entity\avatar,1000_2553,4,阿里游戏披风,icon12205,,5,0,0,2553.prefab,,
11002554,华为披风,remotes\entity\avatar,1000_2554,4,华为披风,icon12205,,5,0,0,2554.prefab,,
11002555,百度披风,remotes\entity\avatar,1000_2555,4,百度披风,icon12205,,5,0,0,2555.prefab,,
11002556,魅族披风,remotes\entity\avatar,1000_2556,4,魅族披风,icon12205,,5,0,0,2556.prefab,,
11002557,小米披风,remotes\entity\avatar,1000_2557,4,小米披风,icon12205,,5,0,0,2557.prefab,,
11002558,oppo披风,remotes\entity\avatar,1000_2558,4,oppo披风,icon12205,,5,0,0,2558.prefab,,
11002559,360披风,remotes\entity\avatar,1000_2559,4,360披风,icon12205,,5,0,0,2559.prefab,,
11002560,腾讯披风,remotes\entity\avatar,1000_2560,4,腾讯披风,icon12205,,5,0,0,2560.prefab,,
11002561,酷狗披风,remotes\entity\avatar,1000_2561,4,酷狗披风,icon12205,,5,0,0,2561.prefab,,
11002562,金立披风,remotes\entity\avatar,1000_2562,4,金立披风,icon12205,,5,0,0,2562.prefab,,
11002563,vivo披风,remotes\entity\avatar,1000_2563,4,vivo披风,icon12205,,5,0,0,2563.prefab,,
11002564,乐视披风,remotes\entity\avatar,1000_2564,4,乐视披风,icon12205,,5,0,0,2564.prefab,,
11002565,庆典披风,remotes\entity\avatar,1000_2565,4,庆典披风,icon12205,,5,0,0,2565.prefab,,
11002566,祥瑞披风,remotes\entity\avatar,1000_2566,4,祥瑞披风,icon12205,,5,0,0,2566.prefab,,
11002567,新春披风,remotes\entity\avatar,1000_2567,4,新春披风,icon12206,,5,0,0,2567.prefab,,
11002568,防沙披风,remotes\entity\avatar,1000_2568,4,防沙披风,icon11639,,5,0,0,2568.prefab,,
11002569,防寒披风,remotes\entity\avatar,1000_2569,4,防寒披风,icon12279,,5,0,0,2569.prefab,,
11002507,潜水面罩,remotes\entity\avatar,1000_2507,4,潜水面罩,icon11642,,5,0,0,2507.prefab,,
11002521,潜水服,remotes\entity\avatar,1000_2521,4,潜水服,icon11643,,5,0,0,2521.prefab,,
11002537,潜水脚蹼,remotes\entity\avatar,1000_2537,4,潜水脚蹼,icon11644,,5,0,0,2537.prefab,,
11002508,高级潜水面罩,remotes\entity\avatar,1000_2508,4,高级潜水面罩,icon11645,,5,0,0,2508.prefab,,
11002522,高级潜水服,remotes\entity\avatar,1000_2522,4,高级潜水服,icon11646,,5,0,0,2522.prefab,,
11002538,高级潜水脚蹼,remotes\entity\avatar,1000_2538,4,高级潜水脚蹼,icon11647,,5,0,0,2538.prefab,,
11002510,防寒头盔,remotes\entity\avatar,1000_2510,4,防寒头盔,icon12312,,5,0,0,2510.prefab,,
11002523,防寒胸甲,remotes\entity\avatar,1000_2523,4,防寒胸甲,icon12313,,5,0,0,2523.prefab,,
11002530,防寒护腿,remotes\entity\avatar,1000_2530,4,防寒护腿,icon12314,,5,0,0,2530.prefab,,
11002539,防寒靴靴,remotes\entity\avatar,1000_2539,4,防寒靴靴,icon12315,,5,0,0,2539.prefab,,
11003400,铝合金头盔,remotes\entity\avatar,1000_3400,4,铝合金头盔,icon12764,,5,0,0,3400.prefab,,
11003387,铝合金胸甲,remotes\entity\avatar,1000_3387,4,铝合金胸甲,icon12765,,5,0,0,3387.prefab,,
11003388,铝合金护腿,remotes\entity\avatar,1000_3388,4,铝合金护腿,icon12766,,5,0,0,3388.prefab,,
11003389,铝合金靴子,remotes\entity\avatar,1000_3389,4,铝合金靴子,icon12767,,5,0,0,3389.prefab,,
11003390,钴合金头盔,remotes\entity\avatar,1000_3390,4,钴合金头盔,icon12768,,5,0,0,3390.prefab,,
11003391,钴合金胸甲,remotes\entity\avatar,1000_3391,4,钴合金胸甲,icon12769,,5,0,0,3391.prefab,,
11003392,钴合金护腿,remotes\entity\avatar,1000_3392,4,钴合金护腿,icon12770,,5,0,0,3392.prefab,,
11003393,钴合金靴子,remotes\entity\avatar,1000_3393,4,钴合金靴子,icon12771,,5,0,0,3393.prefab,,
11002511,虚空瓜帽1,remotes\entity\avatar,1000_2511,4,虚空瓜帽1,cube,,5,0,0,2511.prefab,,
11002512,虚空瓜帽2,remotes\entity\avatar,1000_2512,4,虚空瓜帽2,cube,,5,0,0,2512.prefab,,
11002513,虚空瓜帽3,remotes\entity\avatar,1000_2513,4,虚空瓜帽3,cube,,5,0,0,2513.prefab,,
11002514,虚空瓜帽4,remotes\entity\avatar,1000_2514,4,虚空瓜帽4,cube,,5,0,0,2514.prefab,,
