喷漆ID,喷漆显示时间(s),喷漆贴图信息
ID,ShowTime,PaintInfo
1,30,"[{""TexName"":""#spray_001_1"", ""Left"":1,""Up"":0},{""TexName"":""#spray_001_2"", ""Left"":0,""Up"":0},{""TexName"":""#spray_001_3"", ""Left"":1,""Up"":-1},{""TexName"":""#spray_001_4"", ""Left"":0,""Up"":-1}]"
2,30,"[{""TexName"":""#spray_002_1"", ""Left"":1,""Up"":0},{""TexName"":""#spray_002_2"", ""Left"":0,""Up"":0},{""TexName"":""#spray_002_3"", ""Left"":1,""Up"":-1},{""TexName"":""#spray_002_4"", ""Left"":0,""Up"":-1}]"
3,30,"[{""TexName"":""#spray_003_1"", ""Left"":1,""Up"":0},{""TexName"":""#spray_003_2"", ""Left"":0,""Up"":0},{""TexName"":""#spray_003_3"", ""Left"":1,""Up"":-1},{""TexName"":""#spray_003_4"", ""Left"":0,""Up"":-1}]"
4,30,"[{""TexName"":""#spray_004_1"", ""Left"":1,""Up"":0},{""TexName"":""#spray_004_2"", ""Left"":0,""Up"":0},{""TexName"":""#spray_004_3"", ""Left"":1,""Up"":-1},{""TexName"":""#spray_004_4"", ""Left"":0,""Up"":-1}]"
5,30,"[{""TexName"":""#spray_005_1"", ""Left"":1,""Up"":0},{""TexName"":""#spray_005_2"", ""Left"":0,""Up"":0},{""TexName"":""#spray_005_3"", ""Left"":1,""Up"":-1},{""TexName"":""#spray_005_4"", ""Left"":0,""Up"":-1}]"
6,30,"[{""TexName"":""#spray_006_1"", ""Left"":1,""Up"":0},{""TexName"":""#spray_006_2"", ""Left"":0,""Up"":0},{""TexName"":""#spray_006_3"", ""Left"":1,""Up"":-1},{""TexName"":""#spray_006_4"", ""Left"":0,""Up"":-1}]"
7,30,"[{""TexName"":""#spray_007_1"", ""Left"":1,""Up"":0},{""TexName"":""#spray_007_2"", ""Left"":0,""Up"":0},{""TexName"":""#spray_007_3"", ""Left"":1,""Up"":-1},{""TexName"":""#spray_007_4"", ""Left"":0,""Up"":-1}]"
8,30,"[{""TexName"":""#spray_008_1"", ""Left"":1,""Up"":0},{""TexName"":""#spray_008_2"", ""Left"":0,""Up"":0},{""TexName"":""#spray_008_3"", ""Left"":1,""Up"":-1},{""TexName"":""#spray_008_4"", ""Left"":0,""Up"":-1}]"
9,30,"[{""TexName"":""#spray_009_1"", ""Left"":1,""Up"":0},{""TexName"":""#spray_009_2"", ""Left"":0,""Up"":0},{""TexName"":""#spray_009_3"", ""Left"":1,""Up"":-1},{""TexName"":""#spray_009_4"", ""Left"":0,""Up"":-1}]"
10,30,"[{""TexName"":""#spray_010_1"", ""Left"":1,""Up"":0},{""TexName"":""#spray_010_2"", ""Left"":0,""Up"":0},{""TexName"":""#spray_010_3"", ""Left"":1,""Up"":-1},{""TexName"":""#spray_010_4"", ""Left"":0,""Up"":-1}]"
11,30,"[{""TexName"":""#spray_011_1"", ""Left"":1,""Up"":0},{""TexName"":""#spray_011_2"", ""Left"":0,""Up"":0},{""TexName"":""#spray_011_3"", ""Left"":1,""Up"":-1},{""TexName"":""#spray_011_4"", ""Left"":0,""Up"":-1}]"
12,30,"[{""TexName"":""#spray_012_1"", ""Left"":1,""Up"":0},{""TexName"":""#spray_012_2"", ""Left"":0,""Up"":0},{""TexName"":""#spray_012_3"", ""Left"":1,""Up"":-1},{""TexName"":""#spray_012_4"", ""Left"":0,""Up"":-1}]"
13,30,"[{""TexName"":""#spray_013_1"", ""Left"":1,""Up"":0},{""TexName"":""#spray_013_2"", ""Left"":0,""Up"":0},{""TexName"":""#spray_013_3"", ""Left"":1,""Up"":-1},{""TexName"":""#spray_013_4"", ""Left"":0,""Up"":-1}]"
14,30,"[{""TexName"":""#spray_014_1"", ""Left"":1,""Up"":0},{""TexName"":""#spray_014_2"", ""Left"":0,""Up"":0},{""TexName"":""#spray_014_3"", ""Left"":1,""Up"":-1},{""TexName"":""#spray_014_4"", ""Left"":0,""Up"":-1}]"
15,30,"[{""TexName"":""#spray_015_1"", ""Left"":1,""Up"":0},{""TexName"":""#spray_015_2"", ""Left"":0,""Up"":0},{""TexName"":""#spray_015_3"", ""Left"":1,""Up"":-1},{""TexName"":""#spray_015_4"", ""Left"":0,""Up"":-1}]"
16,30,"[{""TexName"":""#spray_016_1"", ""Left"":1,""Up"":0},{""TexName"":""#spray_016_2"", ""Left"":0,""Up"":0},{""TexName"":""#spray_016_3"", ""Left"":1,""Up"":-1},{""TexName"":""#spray_016_4"", ""Left"":0,""Up"":-1}]"
17,30,"[{""TexName"":""#spray_017_1"", ""Left"":1,""Up"":0},{""TexName"":""#spray_017_2"", ""Left"":0,""Up"":0},{""TexName"":""#spray_017_3"", ""Left"":1,""Up"":-1},{""TexName"":""#spray_017_4"", ""Left"":0,""Up"":-1}]"
18,30,"[{""TexName"":""#spray_018_1"", ""Left"":1,""Up"":0},{""TexName"":""#spray_018_2"", ""Left"":0,""Up"":0},{""TexName"":""#spray_018_3"", ""Left"":1,""Up"":-1},{""TexName"":""#spray_018_4"", ""Left"":0,""Up"":-1}]"
19,30,"[{""TexName"":""#spray_019_1"", ""Left"":1,""Up"":0},{""TexName"":""#spray_019_2"", ""Left"":0,""Up"":0},{""TexName"":""#spray_019_3"", ""Left"":1,""Up"":-1},{""TexName"":""#spray_019_4"", ""Left"":0,""Up"":-1}]"
20,30,"[{""TexName"":""#spray_020_1"", ""Left"":1,""Up"":0},{""TexName"":""#spray_020_2"", ""Left"":0,""Up"":0},{""TexName"":""#spray_020_3"", ""Left"":1,""Up"":-1},{""TexName"":""#spray_020_4"", ""Left"":0,""Up"":-1}]"
21,30,"[{""TexName"":""#spray_021_1"", ""Left"":1,""Up"":0},{""TexName"":""#spray_021_2"", ""Left"":0,""Up"":0},{""TexName"":""#spray_021_3"", ""Left"":1,""Up"":-1},{""TexName"":""#spray_021_4"", ""Left"":0,""Up"":-1}]"
22,30,"[{""TexName"":""#spray_022_1"", ""Left"":1,""Up"":0},{""TexName"":""#spray_022_2"", ""Left"":0,""Up"":0},{""TexName"":""#spray_022_3"", ""Left"":1,""Up"":-1},{""TexName"":""#spray_022_4"", ""Left"":0,""Up"":-1}]"
23,30,"[{""TexName"":""#spray_023_1"", ""Left"":1,""Up"":0},{""TexName"":""#spray_023_2"", ""Left"":0,""Up"":0},{""TexName"":""#spray_023_3"", ""Left"":1,""Up"":-1},{""TexName"":""#spray_023_4"", ""Left"":0,""Up"":-1}]"
24,30,"[{""TexName"":""#spray_024_1"", ""Left"":1,""Up"":0},{""TexName"":""#spray_024_2"", ""Left"":0,""Up"":0},{""TexName"":""#spray_024_3"", ""Left"":1,""Up"":-1},{""TexName"":""#spray_024_4"", ""Left"":0,""Up"":-1}]"
25,30,"[{""TexName"":""#spray_025_1"", ""Left"":1,""Up"":0},{""TexName"":""#spray_025_2"", ""Left"":0,""Up"":0},{""TexName"":""#spray_025_3"", ""Left"":1,""Up"":-1},{""TexName"":""#spray_025_4"", ""Left"":0,""Up"":-1}]"
26,30,"[{""TexName"":""#spray_026_1"", ""Left"":1,""Up"":0},{""TexName"":""#spray_026_2"", ""Left"":0,""Up"":0},{""TexName"":""#spray_026_3"", ""Left"":1,""Up"":-1},{""TexName"":""#spray_026_4"", ""Left"":0,""Up"":-1}]"
27,30,"[{""TexName"":""#spray_027_1"", ""Left"":1,""Up"":0},{""TexName"":""#spray_027_2"", ""Left"":0,""Up"":0},{""TexName"":""#spray_027_3"", ""Left"":1,""Up"":-1},{""TexName"":""#spray_027_4"", ""Left"":0,""Up"":-1}]"
28,30,"[{""TexName"":""#spray_028_1"", ""Left"":1,""Up"":0},{""TexName"":""#spray_028_2"", ""Left"":0,""Up"":0},{""TexName"":""#spray_028_3"", ""Left"":1,""Up"":-1},{""TexName"":""#spray_028_4"", ""Left"":0,""Up"":-1}]"
29,30,"[{""TexName"":""#spray_029_1"", ""Left"":1,""Up"":0},{""TexName"":""#spray_029_2"", ""Left"":0,""Up"":0},{""TexName"":""#spray_029_3"", ""Left"":1,""Up"":-1},{""TexName"":""#spray_029_4"", ""Left"":0,""Up"":-1}]"
30,30,"[{""TexName"":""#spray_030_1"", ""Left"":1,""Up"":0},{""TexName"":""#spray_030_2"", ""Left"":0,""Up"":0},{""TexName"":""#spray_030_3"", ""Left"":1,""Up"":-1},{""TexName"":""#spray_030_4"", ""Left"":0,""Up"":-1}]"
31,30,"[{""TexName"":""#spray_031_1"", ""Left"":1,""Up"":0},{""TexName"":""#spray_031_2"", ""Left"":0,""Up"":0},{""TexName"":""#spray_031_3"", ""Left"":1,""Up"":-1},{""TexName"":""#spray_031_4"", ""Left"":0,""Up"":-1}]"
32,30,"[{""TexName"":""#spray_032_1"", ""Left"":1,""Up"":0},{""TexName"":""#spray_032_2"", ""Left"":0,""Up"":0},{""TexName"":""#spray_032_3"", ""Left"":1,""Up"":-1},{""TexName"":""#spray_032_4"", ""Left"":0,""Up"":-1}]"
33,30,"[{""TexName"":""#spray_033_1"", ""Left"":1,""Up"":0},{""TexName"":""#spray_033_2"", ""Left"":0,""Up"":0},{""TexName"":""#spray_033_3"", ""Left"":1,""Up"":-1},{""TexName"":""#spray_033_4"", ""Left"":0,""Up"":-1}]"
34,30,"[{""TexName"":""#spray_034_1"", ""Left"":1,""Up"":0},{""TexName"":""#spray_034_2"", ""Left"":0,""Up"":0},{""TexName"":""#spray_034_3"", ""Left"":1,""Up"":-1},{""TexName"":""#spray_034_4"", ""Left"":0,""Up"":-1}]"
35,30,"[{""TexName"":""#spray_035_1"", ""Left"":1,""Up"":0},{""TexName"":""#spray_035_2"", ""Left"":0,""Up"":0},{""TexName"":""#spray_035_3"", ""Left"":1,""Up"":-1},{""TexName"":""#spray_035_4"", ""Left"":0,""Up"":-1}]"
36,30,"[{""TexName"":""#spray_036_1"", ""Left"":1,""Up"":0},{""TexName"":""#spray_036_2"", ""Left"":0,""Up"":0},{""TexName"":""#spray_036_3"", ""Left"":1,""Up"":-1},{""TexName"":""#spray_036_4"", ""Left"":0,""Up"":-1}]"
37,30,"[{""TexName"":""#spray_037_1"", ""Left"":1,""Up"":0},{""TexName"":""#spray_037_2"", ""Left"":0,""Up"":0},{""TexName"":""#spray_037_3"", ""Left"":1,""Up"":-1},{""TexName"":""#spray_037_4"", ""Left"":0,""Up"":-1}]"
38,30,"[{""TexName"":""#spray_038_1"", ""Left"":1,""Up"":0},{""TexName"":""#spray_038_2"", ""Left"":0,""Up"":0},{""TexName"":""#spray_038_3"", ""Left"":1,""Up"":-1},{""TexName"":""#spray_038_4"", ""Left"":0,""Up"":-1}]"
39,30,"[{""TexName"":""#spray_039_1"", ""Left"":1,""Up"":0},{""TexName"":""#spray_039_2"", ""Left"":0,""Up"":0},{""TexName"":""#spray_039_3"", ""Left"":1,""Up"":-1},{""TexName"":""#spray_039_4"", ""Left"":0,""Up"":-1}]"
40,30,"[{""TexName"":""#spray_040_1"", ""Left"":1,""Up"":0},{""TexName"":""#spray_040_2"", ""Left"":0,""Up"":0},{""TexName"":""#spray_040_3"", ""Left"":1,""Up"":-1},{""TexName"":""#spray_040_4"", ""Left"":0,""Up"":-1}]"
41,30,"[{""TexName"":""#spray_041_1"", ""Left"":1,""Up"":0},{""TexName"":""#spray_041_2"", ""Left"":0,""Up"":0},{""TexName"":""#spray_041_3"", ""Left"":1,""Up"":-1},{""TexName"":""#spray_041_4"", ""Left"":0,""Up"":-1}]"
42,30,"[{""TexName"":""#spray_042_1"", ""Left"":1,""Up"":0},{""TexName"":""#spray_042_2"", ""Left"":0,""Up"":0},{""TexName"":""#spray_042_3"", ""Left"":1,""Up"":-1},{""TexName"":""#spray_042_4"", ""Left"":0,""Up"":-1}]"
43,30,"[{""TexName"":""#spray_043_1"", ""Left"":1,""Up"":0},{""TexName"":""#spray_043_2"", ""Left"":0,""Up"":0},{""TexName"":""#spray_043_3"", ""Left"":1,""Up"":-1},{""TexName"":""#spray_043_4"", ""Left"":0,""Up"":-1}]"
44,30,"[{""TexName"":""#spray_044_1"", ""Left"":1,""Up"":0},{""TexName"":""#spray_044_2"", ""Left"":0,""Up"":0},{""TexName"":""#spray_044_3"", ""Left"":1,""Up"":-1},{""TexName"":""#spray_044_4"", ""Left"":0,""Up"":-1}]"
45,30,"[{""TexName"":""#spray_045_1"", ""Left"":1,""Up"":0},{""TexName"":""#spray_045_2"", ""Left"":0,""Up"":0},{""TexName"":""#spray_045_3"", ""Left"":1,""Up"":-1},{""TexName"":""#spray_045_4"", ""Left"":0,""Up"":-1}]"
46,30,"[{""TexName"":""#spray_046_1"", ""Left"":1,""Up"":0},{""TexName"":""#spray_046_2"", ""Left"":0,""Up"":0},{""TexName"":""#spray_046_3"", ""Left"":1,""Up"":-1},{""TexName"":""#spray_046_4"", ""Left"":0,""Up"":-1}]"
47,30,"[{""TexName"":""#spray_047_1"", ""Left"":1,""Up"":0},{""TexName"":""#spray_047_2"", ""Left"":0,""Up"":0},{""TexName"":""#spray_047_3"", ""Left"":1,""Up"":-1},{""TexName"":""#spray_047_4"", ""Left"":0,""Up"":-1}]"
48,30,"[{""TexName"":""#spray_048_1"", ""Left"":1,""Up"":0},{""TexName"":""#spray_048_2"", ""Left"":0,""Up"":0},{""TexName"":""#spray_048_3"", ""Left"":1,""Up"":-1},{""TexName"":""#spray_048_4"", ""Left"":0,""Up"":-1}]"
49,30,"[{""TexName"":""#spray_049_1"", ""Left"":1,""Up"":0},{""TexName"":""#spray_049_2"", ""Left"":0,""Up"":0},{""TexName"":""#spray_049_3"", ""Left"":1,""Up"":-1},{""TexName"":""#spray_049_4"", ""Left"":0,""Up"":-1}]"
50,30,"[{""TexName"":""#spray_050_1"", ""Left"":1,""Up"":0},{""TexName"":""#spray_050_2"", ""Left"":0,""Up"":0},{""TexName"":""#spray_050_3"", ""Left"":1,""Up"":-1},{""TexName"":""#spray_050_4"", ""Left"":0,""Up"":-1}]"
51,30,"[{""TexName"":""#spray_051_1"", ""Left"":1,""Up"":0},{""TexName"":""#spray_051_2"", ""Left"":0,""Up"":0},{""TexName"":""#spray_051_3"", ""Left"":1,""Up"":-1},{""TexName"":""#spray_051_4"", ""Left"":0,""Up"":-1}]"
52,30,"[{""TexName"":""#spray_052_1"", ""Left"":1,""Up"":0},{""TexName"":""#spray_052_2"", ""Left"":0,""Up"":0},{""TexName"":""#spray_052_3"", ""Left"":1,""Up"":-1},{""TexName"":""#spray_052_4"", ""Left"":0,""Up"":-1}]"
53,30,"[{""TexName"":""#spray_053_1"", ""Left"":1,""Up"":0},{""TexName"":""#spray_053_2"", ""Left"":0,""Up"":0},{""TexName"":""#spray_053_3"", ""Left"":1,""Up"":-1},{""TexName"":""#spray_053_4"", ""Left"":0,""Up"":-1}]"
54,30,"[{""TexName"":""#spray_054_1"", ""Left"":1,""Up"":0},{""TexName"":""#spray_054_2"", ""Left"":0,""Up"":0},{""TexName"":""#spray_054_3"", ""Left"":1,""Up"":-1},{""TexName"":""#spray_054_4"", ""Left"":0,""Up"":-1}]"
55,30,"[{""TexName"":""#spray_055_1"", ""Left"":1,""Up"":0},{""TexName"":""#spray_055_2"", ""Left"":0,""Up"":0},{""TexName"":""#spray_055_3"", ""Left"":1,""Up"":-1},{""TexName"":""#spray_055_4"", ""Left"":0,""Up"":-1}]"
56,30,"[{""TexName"":""#spray_056_1"", ""Left"":1,""Up"":0},{""TexName"":""#spray_056_2"", ""Left"":0,""Up"":0},{""TexName"":""#spray_056_3"", ""Left"":1,""Up"":-1},{""TexName"":""#spray_056_4"", ""Left"":0,""Up"":-1}]"
57,30,"[{""TexName"":""#spray_057_1"", ""Left"":1,""Up"":0},{""TexName"":""#spray_057_2"", ""Left"":0,""Up"":0},{""TexName"":""#spray_057_3"", ""Left"":1,""Up"":-1},{""TexName"":""#spray_057_4"", ""Left"":0,""Up"":-1}]"
58,30,"[{""TexName"":""#spray_058_1"", ""Left"":1,""Up"":0},{""TexName"":""#spray_058_2"", ""Left"":0,""Up"":0},{""TexName"":""#spray_058_3"", ""Left"":1,""Up"":-1},{""TexName"":""#spray_058_4"", ""Left"":0,""Up"":-1}]"
59,30,"[{""TexName"":""#spray_059_1"", ""Left"":1,""Up"":0},{""TexName"":""#spray_059_2"", ""Left"":0,""Up"":0},{""TexName"":""#spray_059_3"", ""Left"":1,""Up"":-1},{""TexName"":""#spray_059_4"", ""Left"":0,""Up"":-1}]"
60,30,"[{""TexName"":""#spray_060_1"", ""Left"":1,""Up"":0},{""TexName"":""#spray_060_2"", ""Left"":0,""Up"":0},{""TexName"":""#spray_060_3"", ""Left"":1,""Up"":-1},{""TexName"":""#spray_060_4"", ""Left"":0,""Up"":-1}]"
61,30,"[{""TexName"":""#spray_061_1"", ""Left"":1,""Up"":0},{""TexName"":""#spray_061_2"", ""Left"":0,""Up"":0},{""TexName"":""#spray_061_3"", ""Left"":1,""Up"":-1},{""TexName"":""#spray_061_4"", ""Left"":0,""Up"":-1}]"
62,30,"[{""TexName"":""#spray_062_1"", ""Left"":1,""Up"":0},{""TexName"":""#spray_062_2"", ""Left"":0,""Up"":0},{""TexName"":""#spray_062_3"", ""Left"":1,""Up"":-1},{""TexName"":""#spray_062_4"", ""Left"":0,""Up"":-1}]"
63,30,"[{""TexName"":""#spray_063_1"", ""Left"":1,""Up"":0},{""TexName"":""#spray_063_2"", ""Left"":0,""Up"":0},{""TexName"":""#spray_063_3"", ""Left"":1,""Up"":-1},{""TexName"":""#spray_063_4"", ""Left"":0,""Up"":-1}]"
64,30,"[{""TexName"":""#spray_064_1"", ""Left"":1,""Up"":0},{""TexName"":""#spray_064_2"", ""Left"":0,""Up"":0},{""TexName"":""#spray_064_3"", ""Left"":1,""Up"":-1},{""TexName"":""#spray_064_4"", ""Left"":0,""Up"":-1}]"
65,30,"[{""TexName"":""#spray_065_1"", ""Left"":1,""Up"":0},{""TexName"":""#spray_065_2"", ""Left"":0,""Up"":0},{""TexName"":""#spray_065_3"", ""Left"":1,""Up"":-1},{""TexName"":""#spray_065_4"", ""Left"":0,""Up"":-1}]"
66,30,"[{""TexName"":""#spray_066_1"", ""Left"":1,""Up"":0},{""TexName"":""#spray_066_2"", ""Left"":0,""Up"":0},{""TexName"":""#spray_066_3"", ""Left"":1,""Up"":-1},{""TexName"":""#spray_066_4"", ""Left"":0,""Up"":-1}]"
67,30,"[{""TexName"":""#spray_067_1"", ""Left"":1,""Up"":0},{""TexName"":""#spray_067_2"", ""Left"":0,""Up"":0},{""TexName"":""#spray_067_3"", ""Left"":1,""Up"":-1},{""TexName"":""#spray_067_4"", ""Left"":0,""Up"":-1}]"
68,30,"[{""TexName"":""#spray_068_1"", ""Left"":1,""Up"":0},{""TexName"":""#spray_068_2"", ""Left"":0,""Up"":0},{""TexName"":""#spray_068_3"", ""Left"":1,""Up"":-1},{""TexName"":""#spray_068_4"", ""Left"":0,""Up"":-1}]"
69,30,"[{""TexName"":""#spray_069_1"", ""Left"":1,""Up"":0},{""TexName"":""#spray_069_2"", ""Left"":0,""Up"":0},{""TexName"":""#spray_069_3"", ""Left"":1,""Up"":-1},{""TexName"":""#spray_069_4"", ""Left"":0,""Up"":-1}]"
70,30,"[{""TexName"":""#spray_070_1"", ""Left"":1,""Up"":0},{""TexName"":""#spray_070_2"", ""Left"":0,""Up"":0},{""TexName"":""#spray_070_3"", ""Left"":1,""Up"":-1},{""TexName"":""#spray_070_4"", ""Left"":0,""Up"":-1}]"
71,30,"[{""TexName"":""#spray_071_1"", ""Left"":1,""Up"":0},{""TexName"":""#spray_071_2"", ""Left"":0,""Up"":0},{""TexName"":""#spray_071_3"", ""Left"":1,""Up"":-1},{""TexName"":""#spray_071_4"", ""Left"":0,""Up"":-1}]"
72,30,"[{""TexName"":""#spray_072_1"", ""Left"":1,""Up"":0},{""TexName"":""#spray_072_2"", ""Left"":0,""Up"":0},{""TexName"":""#spray_072_3"", ""Left"":1,""Up"":-1},{""TexName"":""#spray_072_4"", ""Left"":0,""Up"":-1}]"
73,30,"[{""TexName"":""#spray_073_1"", ""Left"":1,""Up"":0},{""TexName"":""#spray_073_2"", ""Left"":0,""Up"":0},{""TexName"":""#spray_073_3"", ""Left"":1,""Up"":-1},{""TexName"":""#spray_073_4"", ""Left"":0,""Up"":-1}]"
74,30,"[{""TexName"":""#spray_074_1"", ""Left"":1,""Up"":0},{""TexName"":""#spray_074_2"", ""Left"":0,""Up"":0},{""TexName"":""#spray_074_3"", ""Left"":1,""Up"":-1},{""TexName"":""#spray_074_4"", ""Left"":0,""Up"":-1}]"
75,30,"[{""TexName"":""#spray_075_1"", ""Left"":1,""Up"":0},{""TexName"":""#spray_075_2"", ""Left"":0,""Up"":0},{""TexName"":""#spray_075_3"", ""Left"":1,""Up"":-1},{""TexName"":""#spray_075_4"", ""Left"":0,""Up"":-1}]"
76,30,"[{""TexName"":""#spray_076_1"", ""Left"":1,""Up"":0},{""TexName"":""#spray_076_2"", ""Left"":0,""Up"":0},{""TexName"":""#spray_076_3"", ""Left"":1,""Up"":-1},{""TexName"":""#spray_076_4"", ""Left"":0,""Up"":-1}]"
77,30,"[{""TexName"":""#spray_077_1"", ""Left"":1,""Up"":0},{""TexName"":""#spray_077_2"", ""Left"":0,""Up"":0},{""TexName"":""#spray_077_3"", ""Left"":1,""Up"":-1},{""TexName"":""#spray_077_4"", ""Left"":0,""Up"":-1}]"
78,30,"[{""TexName"":""#spray_078_1"", ""Left"":1,""Up"":0},{""TexName"":""#spray_078_2"", ""Left"":0,""Up"":0},{""TexName"":""#spray_078_3"", ""Left"":1,""Up"":-1},{""TexName"":""#spray_078_4"", ""Left"":0,""Up"":-1}]"
79,30,"[{""TexName"":""#spray_079_1"", ""Left"":1,""Up"":0},{""TexName"":""#spray_079_2"", ""Left"":0,""Up"":0},{""TexName"":""#spray_079_3"", ""Left"":1,""Up"":-1},{""TexName"":""#spray_079_4"", ""Left"":0,""Up"":-1}]"
80,30,"[{""TexName"":""#spray_080_1"", ""Left"":1,""Up"":0},{""TexName"":""#spray_080_2"", ""Left"":0,""Up"":0},{""TexName"":""#spray_080_3"", ""Left"":1,""Up"":-1},{""TexName"":""#spray_080_4"", ""Left"":0,""Up"":-1}]"
81,30,"[{""TexName"":""#spray_081_1"", ""Left"":1,""Up"":0},{""TexName"":""#spray_081_2"", ""Left"":0,""Up"":0},{""TexName"":""#spray_081_3"", ""Left"":1,""Up"":-1},{""TexName"":""#spray_081_4"", ""Left"":0,""Up"":-1}]"
82,30,"[{""TexName"":""#spray_082_1"", ""Left"":1,""Up"":0},{""TexName"":""#spray_082_2"", ""Left"":0,""Up"":0},{""TexName"":""#spray_082_3"", ""Left"":1,""Up"":-1},{""TexName"":""#spray_082_4"", ""Left"":0,""Up"":-1}]"
83,30,"[{""TexName"":""#spray_083_1"", ""Left"":1,""Up"":0},{""TexName"":""#spray_083_2"", ""Left"":0,""Up"":0},{""TexName"":""#spray_083_3"", ""Left"":1,""Up"":-1},{""TexName"":""#spray_083_4"", ""Left"":0,""Up"":-1}]"
84,30,"[{""TexName"":""#spray_084_1"", ""Left"":1,""Up"":0},{""TexName"":""#spray_084_2"", ""Left"":0,""Up"":0},{""TexName"":""#spray_084_3"", ""Left"":1,""Up"":-1},{""TexName"":""#spray_084_4"", ""Left"":0,""Up"":-1}]"
85,30,"[{""TexName"":""#spray_085_1"", ""Left"":1,""Up"":0},{""TexName"":""#spray_085_2"", ""Left"":0,""Up"":0},{""TexName"":""#spray_085_3"", ""Left"":1,""Up"":-1},{""TexName"":""#spray_085_4"", ""Left"":0,""Up"":-1}]"
86,30,"[{""TexName"":""#spray_086_1"", ""Left"":1,""Up"":0},{""TexName"":""#spray_086_2"", ""Left"":0,""Up"":0},{""TexName"":""#spray_086_3"", ""Left"":1,""Up"":-1},{""TexName"":""#spray_086_4"", ""Left"":0,""Up"":-1}]"
87,30,"[{""TexName"":""#spray_087_1"", ""Left"":1,""Up"":0},{""TexName"":""#spray_087_2"", ""Left"":0,""Up"":0},{""TexName"":""#spray_087_3"", ""Left"":1,""Up"":-1},{""TexName"":""#spray_087_4"", ""Left"":0,""Up"":-1}]"
88,30,"[{""TexName"":""#spray_088_1"", ""Left"":1,""Up"":0},{""TexName"":""#spray_088_2"", ""Left"":0,""Up"":0},{""TexName"":""#spray_088_3"", ""Left"":1,""Up"":-1},{""TexName"":""#spray_088_4"", ""Left"":0,""Up"":-1}]"
89,30,"[{""TexName"":""#spray_089_1"", ""Left"":1,""Up"":0},{""TexName"":""#spray_089_2"", ""Left"":0,""Up"":0},{""TexName"":""#spray_089_3"", ""Left"":1,""Up"":-1},{""TexName"":""#spray_089_4"", ""Left"":0,""Up"":-1}]"
90,30,"[{""TexName"":""#spray_090_1"", ""Left"":1,""Up"":0},{""TexName"":""#spray_090_2"", ""Left"":0,""Up"":0},{""TexName"":""#spray_090_3"", ""Left"":1,""Up"":-1},{""TexName"":""#spray_090_4"", ""Left"":0,""Up"":-1}]"
91,30,"[{""TexName"":""#spray_091_1"", ""Left"":1,""Up"":0},{""TexName"":""#spray_091_2"", ""Left"":0,""Up"":0},{""TexName"":""#spray_091_3"", ""Left"":1,""Up"":-1},{""TexName"":""#spray_091_4"", ""Left"":0,""Up"":-1}]"
92,30,"[{""TexName"":""#spray_092_1"", ""Left"":1,""Up"":0},{""TexName"":""#spray_092_2"", ""Left"":0,""Up"":0},{""TexName"":""#spray_092_3"", ""Left"":1,""Up"":-1},{""TexName"":""#spray_092_4"", ""Left"":0,""Up"":-1}]"
93,30,"[{""TexName"":""#spray_093_1"", ""Left"":3,""Up"":0},{""TexName"":""#spray_093_2"", ""Left"":2,""Up"":0},{""TexName"":""#spray_093_3"", ""Left"":1,""Up"":0},{""TexName"":""#spray_093_4"", ""Left"":0,""Up"":0},{""TexName"":""#spray_093_5"", ""Left"":3,""Up"":-1},{""TexName"":""#spray_093_6"", ""Left"":2,""Up"":-1},{""TexName"":""#spray_093_7"", ""Left"":1,""Up"":-1},{""TexName"":""#spray_093_8"", ""Left"":0,""Up"":-1},{""TexName"":""#spray_093_9"", ""Left"":3,""Up"":-2},{""TexName"":""#spray_093_10"", ""Left"":2,""Up"":-2},{""TexName"":""#spray_093_11"", ""Left"":1,""Up"":-2},{""TexName"":""#spray_093_12"", ""Left"":0,""Up"":-2}]"
94,30,"[{""TexName"":""#spray_094_1"", ""Left"":3,""Up"":0},{""TexName"":""#spray_094_2"", ""Left"":2,""Up"":0},{""TexName"":""#spray_094_3"", ""Left"":1,""Up"":0},{""TexName"":""#spray_094_4"", ""Left"":0,""Up"":0},{""TexName"":""#spray_094_5"", ""Left"":3,""Up"":-1},{""TexName"":""#spray_094_6"", ""Left"":2,""Up"":-1},{""TexName"":""#spray_094_7"", ""Left"":1,""Up"":-1},{""TexName"":""#spray_094_8"", ""Left"":0,""Up"":-1},{""TexName"":""#spray_094_9"", ""Left"":3,""Up"":-2},{""TexName"":""#spray_094_10"", ""Left"":2,""Up"":-2},{""TexName"":""#spray_094_11"", ""Left"":1,""Up"":-2},{""TexName"":""#spray_094_12"", ""Left"":0,""Up"":-2}]"
95,30,"[{""TexName"":""#spray_095_1"", ""Left"":1,""Up"":0},{""TexName"":""#spray_095_2"", ""Left"":0,""Up"":0},{""TexName"":""#spray_095_3"", ""Left"":1,""Up"":-1},{""TexName"":""#spray_095_4"", ""Left"":0,""Up"":-1}]"
96,30,"[{""TexName"":""#spray_096_1"", ""Left"":1,""Up"":0},{""TexName"":""#spray_096_2"", ""Left"":0,""Up"":0},{""TexName"":""#spray_096_3"", ""Left"":1,""Up"":-1},{""TexName"":""#spray_096_4"", ""Left"":0,""Up"":-1}]"
97,30,"[{""TexName"":""#spray_097_1"", ""Left"":1,""Up"":0},{""TexName"":""#spray_097_2"", ""Left"":0,""Up"":0},{""TexName"":""#spray_097_3"", ""Left"":1,""Up"":-1},{""TexName"":""#spray_097_4"", ""Left"":0,""Up"":-1}]"
98,30,"[{""TexName"":""#spray_098_1"", ""Left"":1,""Up"":0},{""TexName"":""#spray_098_2"", ""Left"":0,""Up"":0},{""TexName"":""#spray_098_3"", ""Left"":1,""Up"":-1},{""TexName"":""#spray_098_4"", ""Left"":0,""Up"":-1}]"
99,30,"[{""TexName"":""#spray_099_1"", ""Left"":1,""Up"":0},{""TexName"":""#spray_099_2"", ""Left"":0,""Up"":0},{""TexName"":""#spray_099_3"", ""Left"":1,""Up"":-1},{""TexName"":""#spray_099_4"", ""Left"":0,""Up"":-1}]"
100,30,"[{""TexName"":""#spray_100_1"", ""Left"":1,""Up"":0},{""TexName"":""#spray_100_2"", ""Left"":0,""Up"":0},{""TexName"":""#spray_100_3"", ""Left"":1,""Up"":-1},{""TexName"":""#spray_100_4"", ""Left"":0,""Up"":-1}]"
101,30,"[{""TexName"":""#spray_101_1"", ""Left"":1,""Up"":0},{""TexName"":""#spray_101_2"", ""Left"":0,""Up"":0},{""TexName"":""#spray_101_3"", ""Left"":1,""Up"":-1},{""TexName"":""#spray_101_4"", ""Left"":0,""Up"":-1}]"
102,30,"[{""TexName"":""#spray_102_1"", ""Left"":1,""Up"":0},{""TexName"":""#spray_102_2"", ""Left"":0,""Up"":0},{""TexName"":""#spray_102_3"", ""Left"":1,""Up"":-1},{""TexName"":""#spray_102_4"", ""Left"":0,""Up"":-1}]"
103,30,"[{""TexName"":""#spray_103_1"", ""Left"":1,""Up"":0},{""TexName"":""#spray_103_2"", ""Left"":0,""Up"":0},{""TexName"":""#spray_103_3"", ""Left"":1,""Up"":-1},{""TexName"":""#spray_103_4"", ""Left"":0,""Up"":-1}]"
104,30,"[{""TexName"":""#spray_104_1"", ""Left"":1,""Up"":0},{""TexName"":""#spray_104_2"", ""Left"":0,""Up"":0},{""TexName"":""#spray_104_3"", ""Left"":1,""Up"":-1},{""TexName"":""#spray_104_4"", ""Left"":0,""Up"":-1}]"
105,30,"[{""TexName"":""#spray_105_1"", ""Left"":1,""Up"":0},{""TexName"":""#spray_105_2"", ""Left"":0,""Up"":0},{""TexName"":""#spray_105_3"", ""Left"":1,""Up"":-1},{""TexName"":""#spray_105_4"", ""Left"":0,""Up"":-1}]"
106,30,"[{""TexName"":""#spray_106_1"", ""Left"":1,""Up"":0},{""TexName"":""#spray_106_2"", ""Left"":0,""Up"":0},{""TexName"":""#spray_106_3"", ""Left"":1,""Up"":-1},{""TexName"":""#spray_106_4"", ""Left"":0,""Up"":-1}]"
107,30,"[{""TexName"":""#spray_107_1"", ""Left"":1,""Up"":0},{""TexName"":""#spray_107_2"", ""Left"":0,""Up"":0},{""TexName"":""#spray_107_3"", ""Left"":1,""Up"":-1},{""TexName"":""#spray_107_4"", ""Left"":0,""Up"":-1}]"
108,30,"[{""TexName"":""#spray_108_1"", ""Left"":1,""Up"":0},{""TexName"":""#spray_108_2"", ""Left"":0,""Up"":0},{""TexName"":""#spray_108_3"", ""Left"":1,""Up"":-1},{""TexName"":""#spray_108_4"", ""Left"":0,""Up"":-1}]"
109,30,"[{""TexName"":""#spray_109_1"", ""Left"":1,""Up"":0},{""TexName"":""#spray_109_2"", ""Left"":0,""Up"":0},{""TexName"":""#spray_109_3"", ""Left"":1,""Up"":-1},{""TexName"":""#spray_109_4"", ""Left"":0,""Up"":-1}]"
110,30,"[{""TexName"":""#spray_110_1"", ""Left"":1,""Up"":0},{""TexName"":""#spray_110_2"", ""Left"":0,""Up"":0},{""TexName"":""#spray_110_3"", ""Left"":1,""Up"":-1},{""TexName"":""#spray_110_4"", ""Left"":0,""Up"":-1}]"
111,30,"[{""TexName"":""#spray_111_1"", ""Left"":1,""Up"":0},{""TexName"":""#spray_111_2"", ""Left"":0,""Up"":0},{""TexName"":""#spray_111_3"", ""Left"":1,""Up"":-1},{""TexName"":""#spray_111_4"", ""Left"":0,""Up"":-1}]"
112,30,"[{""TexName"":""#spray_112_1"", ""Left"":1,""Up"":0},{""TexName"":""#spray_112_2"", ""Left"":0,""Up"":0},{""TexName"":""#spray_112_3"", ""Left"":1,""Up"":-1},{""TexName"":""#spray_112_4"", ""Left"":0,""Up"":-1}]"
113,30,"[{""TexName"":""#spray_113_1"", ""Left"":1,""Up"":0},{""TexName"":""#spray_113_2"", ""Left"":0,""Up"":0},{""TexName"":""#spray_113_3"", ""Left"":1,""Up"":-1},{""TexName"":""#spray_113_4"", ""Left"":0,""Up"":-1}]"
114,30,"[{""TexName"":""#spray_114_1"", ""Left"":1,""Up"":0},{""TexName"":""#spray_114_2"", ""Left"":0,""Up"":0},{""TexName"":""#spray_114_3"", ""Left"":1,""Up"":-1},{""TexName"":""#spray_114_4"", ""Left"":0,""Up"":-1}]"
115,30,"[{""TexName"":""#spray_115_1"", ""Left"":1,""Up"":0},{""TexName"":""#spray_115_2"", ""Left"":0,""Up"":0},{""TexName"":""#spray_115_3"", ""Left"":1,""Up"":-1},{""TexName"":""#spray_115_4"", ""Left"":0,""Up"":-1}]"
116,30,"[{""TexName"":""#spray_116_1"", ""Left"":1,""Up"":0},{""TexName"":""#spray_116_2"", ""Left"":0,""Up"":0},{""TexName"":""#spray_116_3"", ""Left"":1,""Up"":-1},{""TexName"":""#spray_116_4"", ""Left"":0,""Up"":-1}]"
117,30,"[{""TexName"":""#spray_117_1"", ""Left"":1,""Up"":0},{""TexName"":""#spray_117_2"", ""Left"":0,""Up"":0},{""TexName"":""#spray_117_3"", ""Left"":1,""Up"":-1},{""TexName"":""#spray_117_4"", ""Left"":0,""Up"":-1}]"
118,30,"[{""TexName"":""#spray_118_1"", ""Left"":1,""Up"":0},{""TexName"":""#spray_118_2"", ""Left"":0,""Up"":0},{""TexName"":""#spray_118_3"", ""Left"":1,""Up"":-1},{""TexName"":""#spray_118_4"", ""Left"":0,""Up"":-1}]"
119,30,"[{""TexName"":""#spray_119_1"", ""Left"":1,""Up"":0},{""TexName"":""#spray_119_2"", ""Left"":0,""Up"":0},{""TexName"":""#spray_119_3"", ""Left"":1,""Up"":-1},{""TexName"":""#spray_119_4"", ""Left"":0,""Up"":-1}]"
120,30,"[{""TexName"":""#spray_120_1"", ""Left"":1,""Up"":0},{""TexName"":""#spray_120_2"", ""Left"":0,""Up"":0},{""TexName"":""#spray_120_3"", ""Left"":1,""Up"":-1},{""TexName"":""#spray_120_4"", ""Left"":0,""Up"":-1}]"
121,30,"[{""TexName"":""#spray_121_1"", ""Left"":1,""Up"":0},{""TexName"":""#spray_121_2"", ""Left"":0,""Up"":0},{""TexName"":""#spray_121_3"", ""Left"":1,""Up"":-1},{""TexName"":""#spray_121_4"", ""Left"":0,""Up"":-1}]"
122,30,"[{""TexName"":""#spray_122_1"", ""Left"":1,""Up"":0},{""TexName"":""#spray_122_2"", ""Left"":0,""Up"":0},{""TexName"":""#spray_122_3"", ""Left"":1,""Up"":-1},{""TexName"":""#spray_122_4"", ""Left"":0,""Up"":-1}]"
123,30,"[{""TexName"":""#spray_123_1"", ""Left"":1,""Up"":0},{""TexName"":""#spray_123_2"", ""Left"":0,""Up"":0},{""TexName"":""#spray_123_3"", ""Left"":1,""Up"":-1},{""TexName"":""#spray_123_4"", ""Left"":0,""Up"":-1}]"
124,30,"[{""TexName"":""#spray_124_1"", ""Left"":1,""Up"":0},{""TexName"":""#spray_124_2"", ""Left"":0,""Up"":0},{""TexName"":""#spray_124_3"", ""Left"":1,""Up"":-1},{""TexName"":""#spray_124_4"", ""Left"":0,""Up"":-1}]"
125,30,"[{""TexName"":""#spray_125_1"", ""Left"":1,""Up"":0},{""TexName"":""#spray_125_2"", ""Left"":0,""Up"":0},{""TexName"":""#spray_125_3"", ""Left"":1,""Up"":-1},{""TexName"":""#spray_125_4"", ""Left"":0,""Up"":-1}]"
126,30,"[{""TexName"":""#spray_126_1"", ""Left"":1,""Up"":0},{""TexName"":""#spray_126_2"", ""Left"":0,""Up"":0},{""TexName"":""#spray_126_3"", ""Left"":1,""Up"":-1},{""TexName"":""#spray_126_4"", ""Left"":0,""Up"":-1}]"
127,30,"[{""TexName"":""#spray_127_1"", ""Left"":1,""Up"":0},{""TexName"":""#spray_127_2"", ""Left"":0,""Up"":0},{""TexName"":""#spray_127_3"", ""Left"":1,""Up"":-1},{""TexName"":""#spray_127_4"", ""Left"":0,""Up"":-1}]"
128,30,"[{""TexName"":""#spray_128_1"", ""Left"":1,""Up"":0},{""TexName"":""#spray_128_2"", ""Left"":0,""Up"":0},{""TexName"":""#spray_128_3"", ""Left"":1,""Up"":-1},{""TexName"":""#spray_128_4"", ""Left"":0,""Up"":-1}]"
129,30,"[{""TexName"":""#spray_129_1"", ""Left"":1,""Up"":0},{""TexName"":""#spray_129_2"", ""Left"":0,""Up"":0},{""TexName"":""#spray_129_3"", ""Left"":1,""Up"":-1},{""TexName"":""#spray_129_4"", ""Left"":0,""Up"":-1}]"
130,30,"[{""TexName"":""#spray_130_1"", ""Left"":1,""Up"":0},{""TexName"":""#spray_130_2"", ""Left"":0,""Up"":0},{""TexName"":""#spray_130_3"", ""Left"":1,""Up"":-1},{""TexName"":""#spray_130_4"", ""Left"":0,""Up"":-1}]"
131,30,"[{""TexName"":""#spray_131_1"", ""Left"":1,""Up"":0},{""TexName"":""#spray_131_2"", ""Left"":0,""Up"":0},{""TexName"":""#spray_131_3"", ""Left"":1,""Up"":-1},{""TexName"":""#spray_131_4"", ""Left"":0,""Up"":-1}]"
132,30,"[{""TexName"":""#spray_132_1"", ""Left"":1,""Up"":0},{""TexName"":""#spray_132_2"", ""Left"":0,""Up"":0},{""TexName"":""#spray_132_3"", ""Left"":1,""Up"":-1},{""TexName"":""#spray_132_4"", ""Left"":0,""Up"":-1}]"
133,30,"[{""TexName"":""#spray_133_1"", ""Left"":1,""Up"":0},{""TexName"":""#spray_133_2"", ""Left"":0,""Up"":0},{""TexName"":""#spray_133_3"", ""Left"":1,""Up"":-1},{""TexName"":""#spray_133_4"", ""Left"":0,""Up"":-1}]"
134,30,"[{""TexName"":""#spray_134_1"", ""Left"":1,""Up"":0},{""TexName"":""#spray_134_2"", ""Left"":0,""Up"":0},{""TexName"":""#spray_134_3"", ""Left"":1,""Up"":-1},{""TexName"":""#spray_134_4"", ""Left"":0,""Up"":-1}]"
135,30,"[{""TexName"":""#spray_135_1"", ""Left"":1,""Up"":0},{""TexName"":""#spray_135_2"", ""Left"":0,""Up"":0},{""TexName"":""#spray_135_3"", ""Left"":1,""Up"":-1},{""TexName"":""#spray_135_4"", ""Left"":0,""Up"":-1}]"
136,30,"[{""TexName"":""#spray_136_1"", ""Left"":1,""Up"":0},{""TexName"":""#spray_136_2"", ""Left"":0,""Up"":0},{""TexName"":""#spray_136_3"", ""Left"":1,""Up"":-1},{""TexName"":""#spray_136_4"", ""Left"":0,""Up"":-1}]"
137,30,"[{""TexName"":""#spray_137_1"", ""Left"":1,""Up"":0},{""TexName"":""#spray_137_2"", ""Left"":0,""Up"":0},{""TexName"":""#spray_137_3"", ""Left"":1,""Up"":-1},{""TexName"":""#spray_137_4"", ""Left"":0,""Up"":-1}]"
138,30,"[{""TexName"":""#spray_138_1"", ""Left"":1,""Up"":0},{""TexName"":""#spray_138_2"", ""Left"":0,""Up"":0},{""TexName"":""#spray_138_3"", ""Left"":1,""Up"":-1},{""TexName"":""#spray_138_4"", ""Left"":0,""Up"":-1}]"
139,30,"[{""TexName"":""#spray_139_1"", ""Left"":1,""Up"":0},{""TexName"":""#spray_139_2"", ""Left"":0,""Up"":0},{""TexName"":""#spray_139_3"", ""Left"":1,""Up"":-1},{""TexName"":""#spray_139_4"", ""Left"":0,""Up"":-1}]"
140,30,"[{""TexName"":""#spray_140_1"", ""Left"":1,""Up"":0},{""TexName"":""#spray_140_2"", ""Left"":0,""Up"":0},{""TexName"":""#spray_140_3"", ""Left"":1,""Up"":-1},{""TexName"":""#spray_140_4"", ""Left"":0,""Up"":-1}]"
141,30,"[{""TexName"":""#spray_141_1"", ""Left"":1,""Up"":0},{""TexName"":""#spray_141_2"", ""Left"":0,""Up"":0},{""TexName"":""#spray_141_3"", ""Left"":1,""Up"":-1},{""TexName"":""#spray_141_4"", ""Left"":0,""Up"":-1}]"
142,30,"[{""TexName"":""#spray_142_1"", ""Left"":1,""Up"":0},{""TexName"":""#spray_142_2"", ""Left"":0,""Up"":0},{""TexName"":""#spray_142_3"", ""Left"":1,""Up"":-1},{""TexName"":""#spray_142_4"", ""Left"":0,""Up"":-1}]"
143,30,"[{""TexName"":""#spray_143_1"", ""Left"":1,""Up"":0},{""TexName"":""#spray_143_2"", ""Left"":0,""Up"":0},{""TexName"":""#spray_143_3"", ""Left"":1,""Up"":-1},{""TexName"":""#spray_143_4"", ""Left"":0,""Up"":-1}]"
144,30,"[{""TexName"":""#spray_144_1"", ""Left"":1,""Up"":0},{""TexName"":""#spray_144_2"", ""Left"":0,""Up"":0},{""TexName"":""#spray_144_3"", ""Left"":1,""Up"":-1},{""TexName"":""#spray_144_4"", ""Left"":0,""Up"":-1}]"
145,30,"[{""TexName"":""#spray_145_1"", ""Left"":1,""Up"":0},{""TexName"":""#spray_145_2"", ""Left"":0,""Up"":0},{""TexName"":""#spray_145_3"", ""Left"":1,""Up"":-1},{""TexName"":""#spray_145_4"", ""Left"":0,""Up"":-1}]"
146,30,"[{""TexName"":""#spray_146_1"", ""Left"":1,""Up"":0},{""TexName"":""#spray_146_2"", ""Left"":0,""Up"":0},{""TexName"":""#spray_146_3"", ""Left"":1,""Up"":-1},{""TexName"":""#spray_146_4"", ""Left"":0,""Up"":-1}]"
147,30,"[{""TexName"":""#spray_147_1"", ""Left"":1,""Up"":0},{""TexName"":""#spray_147_2"", ""Left"":0,""Up"":0},{""TexName"":""#spray_147_3"", ""Left"":1,""Up"":-1},{""TexName"":""#spray_147_4"", ""Left"":0,""Up"":-1}]"
148,30,"[{""TexName"":""#spray_148_1"", ""Left"":1,""Up"":0},{""TexName"":""#spray_148_2"", ""Left"":0,""Up"":0},{""TexName"":""#spray_148_3"", ""Left"":1,""Up"":-1},{""TexName"":""#spray_148_4"", ""Left"":0,""Up"":-1}]"
149,30,"[{""TexName"":""#spray_149_1"", ""Left"":1,""Up"":0},{""TexName"":""#spray_149_2"", ""Left"":0,""Up"":0},{""TexName"":""#spray_149_3"", ""Left"":1,""Up"":-1},{""TexName"":""#spray_149_4"", ""Left"":0,""Up"":-1}]"
150,30,"[{""TexName"":""#spray_150_1"", ""Left"":1,""Up"":0},{""TexName"":""#spray_150_2"", ""Left"":0,""Up"":0},{""TexName"":""#spray_150_3"", ""Left"":1,""Up"":-1},{""TexName"":""#spray_150_4"", ""Left"":0,""Up"":-1}]"
151,30,"[{""TexName"":""#spray_151_1"", ""Left"":1,""Up"":0},{""TexName"":""#spray_151_2"", ""Left"":0,""Up"":0},{""TexName"":""#spray_151_3"", ""Left"":1,""Up"":-1},{""TexName"":""#spray_151_4"", ""Left"":0,""Up"":-1}]"
152,30,"[{""TexName"":""#spray_152_1"", ""Left"":1,""Up"":0},{""TexName"":""#spray_152_2"", ""Left"":0,""Up"":0},{""TexName"":""#spray_152_3"", ""Left"":1,""Up"":-1},{""TexName"":""#spray_152_4"", ""Left"":0,""Up"":-1}]"
153,30,"[{""TexName"":""#spray_153_1"", ""Left"":1,""Up"":0},{""TexName"":""#spray_153_2"", ""Left"":0,""Up"":0},{""TexName"":""#spray_153_3"", ""Left"":1,""Up"":-1},{""TexName"":""#spray_153_4"", ""Left"":0,""Up"":-1}]"
154,30,"[{""TexName"":""#spray_154_1"", ""Left"":1,""Up"":0},{""TexName"":""#spray_154_2"", ""Left"":0,""Up"":0},{""TexName"":""#spray_154_3"", ""Left"":1,""Up"":-1},{""TexName"":""#spray_154_4"", ""Left"":0,""Up"":-1}]"
155,30,"[{""TexName"":""#spray_155_1"", ""Left"":1,""Up"":0},{""TexName"":""#spray_155_2"", ""Left"":0,""Up"":0},{""TexName"":""#spray_155_3"", ""Left"":1,""Up"":-1},{""TexName"":""#spray_155_4"", ""Left"":0,""Up"":-1}]"
156,30,"[{""TexName"":""#spray_156_1"", ""Left"":1,""Up"":0},{""TexName"":""#spray_156_2"", ""Left"":0,""Up"":0},{""TexName"":""#spray_156_3"", ""Left"":1,""Up"":-1},{""TexName"":""#spray_156_4"", ""Left"":0,""Up"":-1}]"
157,30,"[{""TexName"":""#spray_157_1"", ""Left"":1,""Up"":0},{""TexName"":""#spray_157_2"", ""Left"":0,""Up"":0},{""TexName"":""#spray_157_3"", ""Left"":1,""Up"":-1},{""TexName"":""#spray_157_4"", ""Left"":0,""Up"":-1}]"
158,30,"[{""TexName"":""#spray_158_1"", ""Left"":1,""Up"":0},{""TexName"":""#spray_158_2"", ""Left"":0,""Up"":0},{""TexName"":""#spray_158_3"", ""Left"":1,""Up"":-1},{""TexName"":""#spray_158_4"", ""Left"":0,""Up"":-1}]"
159,30,"[{""TexName"":""#spray_159_1"", ""Left"":1,""Up"":0},{""TexName"":""#spray_159_2"", ""Left"":0,""Up"":0},{""TexName"":""#spray_159_3"", ""Left"":1,""Up"":-1},{""TexName"":""#spray_159_4"", ""Left"":0,""Up"":-1}]"
160,30,"[{""TexName"":""#spray_160_1"", ""Left"":1,""Up"":0},{""TexName"":""#spray_160_2"", ""Left"":0,""Up"":0},{""TexName"":""#spray_160_3"", ""Left"":1,""Up"":-1},{""TexName"":""#spray_160_4"", ""Left"":0,""Up"":-1}]"
161,30,"[{""TexName"":""#spray_161_1"", ""Left"":1,""Up"":0},{""TexName"":""#spray_161_2"", ""Left"":0,""Up"":0},{""TexName"":""#spray_161_3"", ""Left"":1,""Up"":-1},{""TexName"":""#spray_161_4"", ""Left"":0,""Up"":-1}]"
162,30,"[{""TexName"":""#spray_162_1"", ""Left"":1,""Up"":0},{""TexName"":""#spray_162_2"", ""Left"":0,""Up"":0},{""TexName"":""#spray_162_3"", ""Left"":1,""Up"":-1},{""TexName"":""#spray_162_4"", ""Left"":0,""Up"":-1}]"
163,30,"[{""TexName"":""#spray_163_1"", ""Left"":1,""Up"":0},{""TexName"":""#spray_163_2"", ""Left"":0,""Up"":0},{""TexName"":""#spray_163_3"", ""Left"":1,""Up"":-1},{""TexName"":""#spray_163_4"", ""Left"":0,""Up"":-1}]"
164,30,"[{""TexName"":""#spray_164_1"", ""Left"":1,""Up"":0},{""TexName"":""#spray_164_2"", ""Left"":0,""Up"":0},{""TexName"":""#spray_164_3"", ""Left"":1,""Up"":-1},{""TexName"":""#spray_164_4"", ""Left"":0,""Up"":-1}]"
165,30,"[{""TexName"":""#spray_165_1"", ""Left"":1,""Up"":0},{""TexName"":""#spray_165_2"", ""Left"":0,""Up"":0},{""TexName"":""#spray_165_3"", ""Left"":1,""Up"":-1},{""TexName"":""#spray_165_4"", ""Left"":0,""Up"":-1}]"
166,30,"[{""TexName"":""#spray_166_1"", ""Left"":1,""Up"":0},{""TexName"":""#spray_166_2"", ""Left"":0,""Up"":0},{""TexName"":""#spray_166_3"", ""Left"":1,""Up"":-1},{""TexName"":""#spray_166_4"", ""Left"":0,""Up"":-1}]"
167,30,"[{""TexName"":""#spray_167_1"", ""Left"":1,""Up"":0},{""TexName"":""#spray_167_2"", ""Left"":0,""Up"":0},{""TexName"":""#spray_167_3"", ""Left"":1,""Up"":-1},{""TexName"":""#spray_167_4"", ""Left"":0,""Up"":-1}]"
168,30,"[{""TexName"":""#spray_168_1"", ""Left"":1,""Up"":0},{""TexName"":""#spray_168_2"", ""Left"":0,""Up"":0},{""TexName"":""#spray_168_3"", ""Left"":1,""Up"":-1},{""TexName"":""#spray_168_4"", ""Left"":0,""Up"":-1}]"
169,30,"[{""TexName"":""#spray_169_1"", ""Left"":1,""Up"":0},{""TexName"":""#spray_169_2"", ""Left"":0,""Up"":0},{""TexName"":""#spray_169_3"", ""Left"":1,""Up"":-1},{""TexName"":""#spray_169_4"", ""Left"":0,""Up"":-1}]"
170,30,"[{""TexName"":""#spray_170_1"", ""Left"":1,""Up"":0},{""TexName"":""#spray_170_2"", ""Left"":0,""Up"":0},{""TexName"":""#spray_170_3"", ""Left"":1,""Up"":-1},{""TexName"":""#spray_170_4"", ""Left"":0,""Up"":-1}]"
171,30,"[{""TexName"":""#spray_171_1"", ""Left"":1,""Up"":0},{""TexName"":""#spray_171_2"", ""Left"":0,""Up"":0},{""TexName"":""#spray_171_3"", ""Left"":1,""Up"":-1},{""TexName"":""#spray_171_4"", ""Left"":0,""Up"":-1}]"
172,30,"[{""TexName"":""#spray_172_1"", ""Left"":1,""Up"":0},{""TexName"":""#spray_172_2"", ""Left"":0,""Up"":0},{""TexName"":""#spray_172_3"", ""Left"":1,""Up"":-1},{""TexName"":""#spray_172_4"", ""Left"":0,""Up"":-1}]"
173,30,"[{""TexName"":""#spray_173_1"", ""Left"":1,""Up"":0},{""TexName"":""#spray_173_2"", ""Left"":0,""Up"":0},{""TexName"":""#spray_173_3"", ""Left"":1,""Up"":-1},{""TexName"":""#spray_173_4"", ""Left"":0,""Up"":-1}]"
174,30,"[{""TexName"":""#spray_174_1"", ""Left"":1,""Up"":0},{""TexName"":""#spray_174_2"", ""Left"":0,""Up"":0},{""TexName"":""#spray_174_3"", ""Left"":1,""Up"":-1},{""TexName"":""#spray_174_4"", ""Left"":0,""Up"":-1}]"
175,30,"[{""TexName"":""#spray_175_1"", ""Left"":1,""Up"":0},{""TexName"":""#spray_175_2"", ""Left"":0,""Up"":0},{""TexName"":""#spray_175_3"", ""Left"":1,""Up"":-1},{""TexName"":""#spray_175_4"", ""Left"":0,""Up"":-1}]"
176,30,"[{""TexName"":""#spray_176_1"", ""Left"":1,""Up"":0},{""TexName"":""#spray_176_2"", ""Left"":0,""Up"":0},{""TexName"":""#spray_176_3"", ""Left"":1,""Up"":-1},{""TexName"":""#spray_176_4"", ""Left"":0,""Up"":-1}]"
177,30,"[{""TexName"":""#spray_177_1"", ""Left"":1,""Up"":0},{""TexName"":""#spray_177_2"", ""Left"":0,""Up"":0},{""TexName"":""#spray_177_3"", ""Left"":1,""Up"":-1},{""TexName"":""#spray_177_4"", ""Left"":0,""Up"":-1}]"
178,30,"[{""TexName"":""#spray_178_1"", ""Left"":1,""Up"":0},{""TexName"":""#spray_178_2"", ""Left"":0,""Up"":0},{""TexName"":""#spray_178_3"", ""Left"":1,""Up"":-1},{""TexName"":""#spray_178_4"", ""Left"":0,""Up"":-1}]"
179,30,"[{""TexName"":""#spray_179_1"", ""Left"":1,""Up"":0},{""TexName"":""#spray_179_2"", ""Left"":0,""Up"":0},{""TexName"":""#spray_179_3"", ""Left"":1,""Up"":-1},{""TexName"":""#spray_179_4"", ""Left"":0,""Up"":-1}]"
180,30,"[{""TexName"":""#spray_180_1"", ""Left"":1,""Up"":0},{""TexName"":""#spray_180_2"", ""Left"":0,""Up"":0},{""TexName"":""#spray_180_3"", ""Left"":1,""Up"":-1},{""TexName"":""#spray_180_4"", ""Left"":0,""Up"":-1}]"
181,30,"[{""TexName"":""#spray_181_1"", ""Left"":1,""Up"":0},{""TexName"":""#spray_181_2"", ""Left"":0,""Up"":0},{""TexName"":""#spray_181_3"", ""Left"":1,""Up"":-1},{""TexName"":""#spray_181_4"", ""Left"":0,""Up"":-1}]"
182,30,"[{""TexName"":""#spray_182_1"", ""Left"":1,""Up"":0},{""TexName"":""#spray_182_2"", ""Left"":0,""Up"":0},{""TexName"":""#spray_182_3"", ""Left"":1,""Up"":-1},{""TexName"":""#spray_182_4"", ""Left"":0,""Up"":-1}]"
183,30,"[{""TexName"":""#spray_183_1"", ""Left"":3,""Up"":0},{""TexName"":""#spray_183_2"", ""Left"":2,""Up"":0},{""TexName"":""#spray_183_3"", ""Left"":1,""Up"":0},{""TexName"":""#spray_183_4"", ""Left"":0,""Up"":0},{""TexName"":""#spray_183_5"", ""Left"":3,""Up"":-1},{""TexName"":""#spray_183_6"", ""Left"":2,""Up"":-1},{""TexName"":""#spray_183_7"", ""Left"":1,""Up"":-1},{""TexName"":""#spray_183_8"", ""Left"":0,""Up"":-1},{""TexName"":""#spray_183_9"", ""Left"":3,""Up"":-2},{""TexName"":""#spray_183_10"", ""Left"":2,""Up"":-2},{""TexName"":""#spray_183_11"", ""Left"":1,""Up"":-2},{""TexName"":""#spray_183_12"", ""Left"":0,""Up"":-2}]"
184,30,"[{""TexName"":""#spray_184_1"", ""Left"":3,""Up"":0},{""TexName"":""#spray_184_2"", ""Left"":2,""Up"":0},{""TexName"":""#spray_184_3"", ""Left"":1,""Up"":0},{""TexName"":""#spray_184_4"", ""Left"":0,""Up"":0},{""TexName"":""#spray_184_5"", ""Left"":3,""Up"":-1},{""TexName"":""#spray_184_6"", ""Left"":2,""Up"":-1},{""TexName"":""#spray_184_7"", ""Left"":1,""Up"":-1},{""TexName"":""#spray_184_8"", ""Left"":0,""Up"":-1},{""TexName"":""#spray_184_9"", ""Left"":3,""Up"":-2},{""TexName"":""#spray_184_10"", ""Left"":2,""Up"":-2},{""TexName"":""#spray_184_11"", ""Left"":1,""Up"":-2},{""TexName"":""#spray_184_12"", ""Left"":0,""Up"":-2}]"
185,30,"[{""TexName"":""#spray_185_1"", ""Left"":1,""Up"":0},{""TexName"":""#spray_185_2"", ""Left"":0,""Up"":0},{""TexName"":""#spray_185_3"", ""Left"":1,""Up"":-1},{""TexName"":""#spray_185_4"", ""Left"":0,""Up"":-1}]"
186,30,"[{""TexName"":""#spray_186_1"", ""Left"":1,""Up"":0},{""TexName"":""#spray_186_2"", ""Left"":0,""Up"":0},{""TexName"":""#spray_186_3"", ""Left"":1,""Up"":-1},{""TexName"":""#spray_186_4"", ""Left"":0,""Up"":-1}]"
187,30,"[{""TexName"":""#spray_187_1"", ""Left"":1,""Up"":0},{""TexName"":""#spray_187_2"", ""Left"":0,""Up"":0},{""TexName"":""#spray_187_3"", ""Left"":1,""Up"":-1},{""TexName"":""#spray_187_4"", ""Left"":0,""Up"":-1}]"
188,30,"[{""TexName"":""#spray_188_1"", ""Left"":1,""Up"":0},{""TexName"":""#spray_188_2"", ""Left"":0,""Up"":0},{""TexName"":""#spray_188_3"", ""Left"":1,""Up"":-1},{""TexName"":""#spray_188_4"", ""Left"":0,""Up"":-1}]"
189,30,"[{""TexName"":""#spray_189_1"", ""Left"":1,""Up"":0},{""TexName"":""#spray_189_2"", ""Left"":0,""Up"":0},{""TexName"":""#spray_189_3"", ""Left"":1,""Up"":-1},{""TexName"":""#spray_189_4"", ""Left"":0,""Up"":-1}]"
190,30,"[{""TexName"":""#spray_190_1"", ""Left"":1,""Up"":0},{""TexName"":""#spray_190_2"", ""Left"":0,""Up"":0},{""TexName"":""#spray_190_3"", ""Left"":1,""Up"":-1},{""TexName"":""#spray_190_4"", ""Left"":0,""Up"":-1}]"
191,30,"[{""TexName"":""#spray_191_1"", ""Left"":1,""Up"":0},{""TexName"":""#spray_191_2"", ""Left"":0,""Up"":0},{""TexName"":""#spray_191_3"", ""Left"":1,""Up"":-1},{""TexName"":""#spray_191_4"", ""Left"":0,""Up"":-1}]"
192,30,"[{""TexName"":""#spray_192_1"", ""Left"":1,""Up"":0},{""TexName"":""#spray_192_2"", ""Left"":0,""Up"":0},{""TexName"":""#spray_192_3"", ""Left"":1,""Up"":-1},{""TexName"":""#spray_192_4"", ""Left"":0,""Up"":-1}]"
193,30,"[{""TexName"":""#spray_193_1"", ""Left"":1,""Up"":0},{""TexName"":""#spray_193_2"", ""Left"":0,""Up"":0},{""TexName"":""#spray_193_3"", ""Left"":1,""Up"":-1},{""TexName"":""#spray_193_4"", ""Left"":0,""Up"":-1}]"
194,30,"[{""TexName"":""#spray_194_1"", ""Left"":1,""Up"":0},{""TexName"":""#spray_194_2"", ""Left"":0,""Up"":0},{""TexName"":""#spray_194_3"", ""Left"":1,""Up"":-1},{""TexName"":""#spray_194_4"", ""Left"":0,""Up"":-1}]"
195,30,"[{""TexName"":""#spray_195_1"", ""Left"":1,""Up"":0},{""TexName"":""#spray_195_2"", ""Left"":0,""Up"":0},{""TexName"":""#spray_195_3"", ""Left"":1,""Up"":-1},{""TexName"":""#spray_195_4"", ""Left"":0,""Up"":-1}]"
196,30,"[{""TexName"":""#spray_196_1"", ""Left"":1,""Up"":0},{""TexName"":""#spray_196_2"", ""Left"":0,""Up"":0},{""TexName"":""#spray_196_3"", ""Left"":1,""Up"":-1},{""TexName"":""#spray_196_4"", ""Left"":0,""Up"":-1}]"
197,30,"[{""TexName"":""#spray_197_1"", ""Left"":1,""Up"":0},{""TexName"":""#spray_197_2"", ""Left"":0,""Up"":0},{""TexName"":""#spray_197_3"", ""Left"":1,""Up"":-1},{""TexName"":""#spray_197_4"", ""Left"":0,""Up"":-1}]"
198,30,"[{""TexName"":""#spray_198_1"", ""Left"":1,""Up"":0},{""TexName"":""#spray_198_2"", ""Left"":0,""Up"":0},{""TexName"":""#spray_198_3"", ""Left"":1,""Up"":-1},{""TexName"":""#spray_198_4"", ""Left"":0,""Up"":-1}]"
199,30,"[{""TexName"":""#spray_199_1"", ""Left"":1,""Up"":0},{""TexName"":""#spray_199_2"", ""Left"":0,""Up"":0},{""TexName"":""#spray_199_3"", ""Left"":1,""Up"":-1},{""TexName"":""#spray_199_4"", ""Left"":0,""Up"":-1}]"
200,30,"[{""TexName"":""#spray_200_1"", ""Left"":1,""Up"":0},{""TexName"":""#spray_200_2"", ""Left"":0,""Up"":0},{""TexName"":""#spray_200_3"", ""Left"":1,""Up"":-1},{""TexName"":""#spray_200_4"", ""Left"":0,""Up"":-1}]"
201,30,"[{""TexName"":""#spray_201_1"", ""Left"":1,""Up"":0},{""TexName"":""#spray_201_2"", ""Left"":0,""Up"":0},{""TexName"":""#spray_201_3"", ""Left"":1,""Up"":-1},{""TexName"":""#spray_201_4"", ""Left"":0,""Up"":-1}]"
202,30,"[{""TexName"":""#spray_202_1"", ""Left"":1,""Up"":0},{""TexName"":""#spray_202_2"", ""Left"":0,""Up"":0},{""TexName"":""#spray_202_3"", ""Left"":1,""Up"":-1},{""TexName"":""#spray_202_4"", ""Left"":0,""Up"":-1}]"
203,30,"[{""TexName"":""#spray_203_1"", ""Left"":1,""Up"":0},{""TexName"":""#spray_203_2"", ""Left"":0,""Up"":0},{""TexName"":""#spray_203_3"", ""Left"":1,""Up"":-1},{""TexName"":""#spray_203_4"", ""Left"":0,""Up"":-1}]"
204,30,"[{""TexName"":""#spray_204_1"", ""Left"":1,""Up"":0},{""TexName"":""#spray_204_2"", ""Left"":0,""Up"":0},{""TexName"":""#spray_204_3"", ""Left"":1,""Up"":-1},{""TexName"":""#spray_204_4"", ""Left"":0,""Up"":-1}]"
205,30,"[{""TexName"":""#spray_205_1"", ""Left"":1,""Up"":0},{""TexName"":""#spray_205_2"", ""Left"":0,""Up"":0},{""TexName"":""#spray_205_3"", ""Left"":1,""Up"":-1},{""TexName"":""#spray_205_4"", ""Left"":0,""Up"":-1}]"
206,30,"[{""TexName"":""#spray_206_1"", ""Left"":1,""Up"":0},{""TexName"":""#spray_206_2"", ""Left"":0,""Up"":0},{""TexName"":""#spray_206_3"", ""Left"":1,""Up"":-1},{""TexName"":""#spray_206_4"", ""Left"":0,""Up"":-1}]"
207,30,"[{""TexName"":""#spray_207_1"", ""Left"":1,""Up"":0},{""TexName"":""#spray_207_2"", ""Left"":0,""Up"":0},{""TexName"":""#spray_207_3"", ""Left"":1,""Up"":-1},{""TexName"":""#spray_207_4"", ""Left"":0,""Up"":-1}]"
208,30,"[{""TexName"":""#spray_208_1"", ""Left"":1,""Up"":0},{""TexName"":""#spray_208_2"", ""Left"":0,""Up"":0},{""TexName"":""#spray_208_3"", ""Left"":1,""Up"":-1},{""TexName"":""#spray_208_4"", ""Left"":0,""Up"":-1}]"
209,30,"[{""TexName"":""#spray_209_1"", ""Left"":1,""Up"":0},{""TexName"":""#spray_209_2"", ""Left"":0,""Up"":0},{""TexName"":""#spray_209_3"", ""Left"":1,""Up"":-1},{""TexName"":""#spray_209_4"", ""Left"":0,""Up"":-1}]"
210,30,"[{""TexName"":""#spray_210_1"", ""Left"":1,""Up"":0},{""TexName"":""#spray_210_2"", ""Left"":0,""Up"":0},{""TexName"":""#spray_210_3"", ""Left"":1,""Up"":-1},{""TexName"":""#spray_210_4"", ""Left"":0,""Up"":-1}]"
211,30,"[{""TexName"":""#spray_211_1"", ""Left"":1,""Up"":0},{""TexName"":""#spray_211_2"", ""Left"":0,""Up"":0},{""TexName"":""#spray_211_3"", ""Left"":1,""Up"":-1},{""TexName"":""#spray_211_4"", ""Left"":0,""Up"":-1}]"
212,30,"[{""TexName"":""#spray_212_1"", ""Left"":1,""Up"":0},{""TexName"":""#spray_212_2"", ""Left"":0,""Up"":0},{""TexName"":""#spray_212_3"", ""Left"":1,""Up"":-1},{""TexName"":""#spray_212_4"", ""Left"":0,""Up"":-1}]"
213,30,"[{""TexName"":""#spray_213_1"", ""Left"":1,""Up"":0},{""TexName"":""#spray_213_2"", ""Left"":0,""Up"":0},{""TexName"":""#spray_213_3"", ""Left"":1,""Up"":-1},{""TexName"":""#spray_213_4"", ""Left"":0,""Up"":-1}]"
214,30,"[{""TexName"":""#spray_214_1"", ""Left"":1,""Up"":0},{""TexName"":""#spray_214_2"", ""Left"":0,""Up"":0},{""TexName"":""#spray_214_3"", ""Left"":1,""Up"":-1},{""TexName"":""#spray_214_4"", ""Left"":0,""Up"":-1}]"
215,30,"[{""TexName"":""#spray_215_1"", ""Left"":1,""Up"":0},{""TexName"":""#spray_215_2"", ""Left"":0,""Up"":0},{""TexName"":""#spray_215_3"", ""Left"":1,""Up"":-1},{""TexName"":""#spray_215_4"", ""Left"":0,""Up"":-1}]"
216,30,"[{""TexName"":""#spray_216_1"", ""Left"":1,""Up"":0},{""TexName"":""#spray_216_2"", ""Left"":0,""Up"":0},{""TexName"":""#spray_216_3"", ""Left"":1,""Up"":-1},{""TexName"":""#spray_216_4"", ""Left"":0,""Up"":-1}]"
217,30,"[{""TexName"":""#spray_217_1"", ""Left"":1,""Up"":0},{""TexName"":""#spray_217_2"", ""Left"":0,""Up"":0},{""TexName"":""#spray_217_3"", ""Left"":1,""Up"":-1},{""TexName"":""#spray_217_4"", ""Left"":0,""Up"":-1}]"
218,30,"[{""TexName"":""#spray_218_1"", ""Left"":1,""Up"":0},{""TexName"":""#spray_218_2"", ""Left"":0,""Up"":0},{""TexName"":""#spray_218_3"", ""Left"":1,""Up"":-1},{""TexName"":""#spray_218_4"", ""Left"":0,""Up"":-1}]"
219,30,"[{""TexName"":""#spray_219_1"", ""Left"":1,""Up"":0},{""TexName"":""#spray_219_2"", ""Left"":0,""Up"":0},{""TexName"":""#spray_219_3"", ""Left"":1,""Up"":-1},{""TexName"":""#spray_219_4"", ""Left"":0,""Up"":-1}]"
220,30,"[{""TexName"":""#spray_220_1"", ""Left"":1,""Up"":0},{""TexName"":""#spray_220_2"", ""Left"":0,""Up"":0},{""TexName"":""#spray_220_3"", ""Left"":1,""Up"":-1},{""TexName"":""#spray_220_4"", ""Left"":0,""Up"":-1}]"
221,30,"[{""TexName"":""#spray_221_1"", ""Left"":1,""Up"":0},{""TexName"":""#spray_221_2"", ""Left"":0,""Up"":0},{""TexName"":""#spray_221_3"", ""Left"":1,""Up"":-1},{""TexName"":""#spray_221_4"", ""Left"":0,""Up"":-1}]"
222,30,"[{""TexName"":""#spray_222_1"", ""Left"":1,""Up"":0},{""TexName"":""#spray_222_2"", ""Left"":0,""Up"":0},{""TexName"":""#spray_222_3"", ""Left"":1,""Up"":-1},{""TexName"":""#spray_222_4"", ""Left"":0,""Up"":-1}]"
223,30,"[{""TexName"":""#spray_223_1"", ""Left"":1,""Up"":0},{""TexName"":""#spray_223_2"", ""Left"":0,""Up"":0},{""TexName"":""#spray_223_3"", ""Left"":1,""Up"":-1},{""TexName"":""#spray_223_4"", ""Left"":0,""Up"":-1}]"
224,30,"[{""TexName"":""#spray_224_1"", ""Left"":1,""Up"":0},{""TexName"":""#spray_224_2"", ""Left"":0,""Up"":0},{""TexName"":""#spray_224_3"", ""Left"":1,""Up"":-1},{""TexName"":""#spray_224_4"", ""Left"":0,""Up"":-1}]"
225,30,"[{""TexName"":""#spray_225_1"", ""Left"":1,""Up"":0},{""TexName"":""#spray_225_2"", ""Left"":0,""Up"":0},{""TexName"":""#spray_225_3"", ""Left"":1,""Up"":-1},{""TexName"":""#spray_225_4"", ""Left"":0,""Up"":-1}]"
226,30,"[{""TexName"":""#spray_226_1"", ""Left"":1,""Up"":0},{""TexName"":""#spray_226_2"", ""Left"":0,""Up"":0},{""TexName"":""#spray_226_3"", ""Left"":1,""Up"":-1},{""TexName"":""#spray_226_4"", ""Left"":0,""Up"":-1}]"
227,30,"[{""TexName"":""#spray_227_1"", ""Left"":1,""Up"":0},{""TexName"":""#spray_227_2"", ""Left"":0,""Up"":0},{""TexName"":""#spray_227_3"", ""Left"":1,""Up"":-1},{""TexName"":""#spray_227_4"", ""Left"":0,""Up"":-1}]"
228,30,"[{""TexName"":""#spray_228_1"", ""Left"":1,""Up"":0},{""TexName"":""#spray_228_2"", ""Left"":0,""Up"":0},{""TexName"":""#spray_228_3"", ""Left"":1,""Up"":-1},{""TexName"":""#spray_228_4"", ""Left"":0,""Up"":-1}]"
229,30,"[{""TexName"":""#spray_229_1"", ""Left"":1,""Up"":0},{""TexName"":""#spray_229_2"", ""Left"":0,""Up"":0},{""TexName"":""#spray_229_3"", ""Left"":1,""Up"":-1},{""TexName"":""#spray_229_4"", ""Left"":0,""Up"":-1}]"
230,30,"[{""TexName"":""#spray_230_1"", ""Left"":1,""Up"":0},{""TexName"":""#spray_230_2"", ""Left"":0,""Up"":0},{""TexName"":""#spray_230_3"", ""Left"":1,""Up"":-1},{""TexName"":""#spray_230_4"", ""Left"":0,""Up"":-1}]"
231,30,"[{""TexName"":""#spray_231_1"", ""Left"":1,""Up"":0},{""TexName"":""#spray_231_2"", ""Left"":0,""Up"":0},{""TexName"":""#spray_231_3"", ""Left"":1,""Up"":-1},{""TexName"":""#spray_231_4"", ""Left"":0,""Up"":-1}]"
232,30,"[{""TexName"":""#spray_232_1"", ""Left"":1,""Up"":0},{""TexName"":""#spray_232_2"", ""Left"":0,""Up"":0},{""TexName"":""#spray_232_3"", ""Left"":1,""Up"":-1},{""TexName"":""#spray_232_4"", ""Left"":0,""Up"":-1}]"
233,30,"[{""TexName"":""#spray_233_1"", ""Left"":1,""Up"":0},{""TexName"":""#spray_233_2"", ""Left"":0,""Up"":0},{""TexName"":""#spray_233_3"", ""Left"":1,""Up"":-1},{""TexName"":""#spray_233_4"", ""Left"":0,""Up"":-1}]"
234,30,"[{""TexName"":""#spray_234_1"", ""Left"":1,""Up"":0},{""TexName"":""#spray_234_2"", ""Left"":0,""Up"":0},{""TexName"":""#spray_234_3"", ""Left"":1,""Up"":-1},{""TexName"":""#spray_234_4"", ""Left"":0,""Up"":-1}]"
235,30,"[{""TexName"":""#spray_235_1"", ""Left"":1,""Up"":0},{""TexName"":""#spray_235_2"", ""Left"":0,""Up"":0},{""TexName"":""#spray_235_3"", ""Left"":1,""Up"":-1},{""TexName"":""#spray_235_4"", ""Left"":0,""Up"":-1}]"
236,30,"[{""TexName"":""#spray_236_1"", ""Left"":1,""Up"":0},{""TexName"":""#spray_236_2"", ""Left"":0,""Up"":0},{""TexName"":""#spray_236_3"", ""Left"":1,""Up"":-1},{""TexName"":""#spray_236_4"", ""Left"":0,""Up"":-1}]"
237,30,"[{""TexName"":""#spray_237_1"", ""Left"":1,""Up"":0},{""TexName"":""#spray_237_2"", ""Left"":0,""Up"":0},{""TexName"":""#spray_237_3"", ""Left"":1,""Up"":-1},{""TexName"":""#spray_237_4"", ""Left"":0,""Up"":-1}]"
238,30,"[{""TexName"":""#spray_238_1"", ""Left"":1,""Up"":0},{""TexName"":""#spray_238_2"", ""Left"":0,""Up"":0},{""TexName"":""#spray_238_3"", ""Left"":1,""Up"":-1},{""TexName"":""#spray_238_4"", ""Left"":0,""Up"":-1}]"
239,30,"[{""TexName"":""#spray_239_1"", ""Left"":1,""Up"":0},{""TexName"":""#spray_239_2"", ""Left"":0,""Up"":0},{""TexName"":""#spray_239_3"", ""Left"":1,""Up"":-1},{""TexName"":""#spray_239_4"", ""Left"":0,""Up"":-1}]"
240,30,"[{""TexName"":""#spray_240_1"", ""Left"":1,""Up"":0},{""TexName"":""#spray_240_2"", ""Left"":0,""Up"":0},{""TexName"":""#spray_240_3"", ""Left"":1,""Up"":-1},{""TexName"":""#spray_240_4"", ""Left"":0,""Up"":-1}]"
241,30,"[{""TexName"":""#spray_241_1"", ""Left"":1,""Up"":0},{""TexName"":""#spray_241_2"", ""Left"":0,""Up"":0},{""TexName"":""#spray_241_3"", ""Left"":1,""Up"":-1},{""TexName"":""#spray_241_4"", ""Left"":0,""Up"":-1}]"
242,30,"[{""TexName"":""#spray_242_1"", ""Left"":1,""Up"":0},{""TexName"":""#spray_242_2"", ""Left"":0,""Up"":0},{""TexName"":""#spray_242_3"", ""Left"":1,""Up"":-1},{""TexName"":""#spray_242_4"", ""Left"":0,""Up"":-1}]"
243,30,"[{""TexName"":""#spray_243_1"", ""Left"":1,""Up"":0},{""TexName"":""#spray_243_2"", ""Left"":0,""Up"":0},{""TexName"":""#spray_243_3"", ""Left"":1,""Up"":-1},{""TexName"":""#spray_243_4"", ""Left"":0,""Up"":-1}]"
244,30,"[{""TexName"":""#spray_244_1"", ""Left"":1,""Up"":0},{""TexName"":""#spray_244_2"", ""Left"":0,""Up"":0},{""TexName"":""#spray_244_3"", ""Left"":1,""Up"":-1},{""TexName"":""#spray_244_4"", ""Left"":0,""Up"":-1}]"
245,30,"[{""TexName"":""#spray_245_1"", ""Left"":1,""Up"":0},{""TexName"":""#spray_245_2"", ""Left"":0,""Up"":0},{""TexName"":""#spray_245_3"", ""Left"":1,""Up"":-1},{""TexName"":""#spray_245_4"", ""Left"":0,""Up"":-1}]"
246,30,"[{""TexName"":""#spray_246_1"", ""Left"":1,""Up"":0},{""TexName"":""#spray_246_2"", ""Left"":0,""Up"":0},{""TexName"":""#spray_246_3"", ""Left"":1,""Up"":-1},{""TexName"":""#spray_246_4"", ""Left"":0,""Up"":-1}]"
247,30,"[{""TexName"":""#spray_247_1"", ""Left"":1,""Up"":0},{""TexName"":""#spray_247_2"", ""Left"":0,""Up"":0},{""TexName"":""#spray_247_3"", ""Left"":1,""Up"":-1},{""TexName"":""#spray_247_4"", ""Left"":0,""Up"":-1}]"
248,30,"[{""TexName"":""#spray_248_1"", ""Left"":1,""Up"":0},{""TexName"":""#spray_248_2"", ""Left"":0,""Up"":0},{""TexName"":""#spray_248_3"", ""Left"":1,""Up"":-1},{""TexName"":""#spray_248_4"", ""Left"":0,""Up"":-1}]"
249,30,"[{""TexName"":""#spray_249_1"", ""Left"":1,""Up"":0},{""TexName"":""#spray_249_2"", ""Left"":0,""Up"":0},{""TexName"":""#spray_249_3"", ""Left"":1,""Up"":-1},{""TexName"":""#spray_249_4"", ""Left"":0,""Up"":-1}]"
250,30,"[{""TexName"":""#spray_250_1"", ""Left"":1,""Up"":0},{""TexName"":""#spray_250_2"", ""Left"":0,""Up"":0},{""TexName"":""#spray_250_3"", ""Left"":1,""Up"":-1},{""TexName"":""#spray_250_4"", ""Left"":0,""Up"":-1}]"
251,30,"[{""TexName"":""#spray_251_1"", ""Left"":1,""Up"":0},{""TexName"":""#spray_251_2"", ""Left"":0,""Up"":0},{""TexName"":""#spray_251_3"", ""Left"":1,""Up"":-1},{""TexName"":""#spray_251_4"", ""Left"":0,""Up"":-1}]"
252,30,"[{""TexName"":""#spray_252_1"", ""Left"":1,""Up"":0},{""TexName"":""#spray_252_2"", ""Left"":0,""Up"":0},{""TexName"":""#spray_252_3"", ""Left"":1,""Up"":-1},{""TexName"":""#spray_252_4"", ""Left"":0,""Up"":-1}]"
253,30,"[{""TexName"":""#spray_253_1"", ""Left"":1,""Up"":0},{""TexName"":""#spray_253_2"", ""Left"":0,""Up"":0},{""TexName"":""#spray_253_3"", ""Left"":1,""Up"":-1},{""TexName"":""#spray_253_4"", ""Left"":0,""Up"":-1}]"
254,30,"[{""TexName"":""#spray_254_1"", ""Left"":1,""Up"":0},{""TexName"":""#spray_254_2"", ""Left"":0,""Up"":0},{""TexName"":""#spray_254_3"", ""Left"":1,""Up"":-1},{""TexName"":""#spray_254_4"", ""Left"":0,""Up"":-1}]"
255,30,"[{""TexName"":""#spray_255_1"", ""Left"":1,""Up"":0},{""TexName"":""#spray_255_2"", ""Left"":0,""Up"":0},{""TexName"":""#spray_255_3"", ""Left"":1,""Up"":-1},{""TexName"":""#spray_255_4"", ""Left"":0,""Up"":-1}]"
256,30,"[{""TexName"":""#spray_256_1"", ""Left"":1,""Up"":0},{""TexName"":""#spray_256_2"", ""Left"":0,""Up"":0},{""TexName"":""#spray_256_3"", ""Left"":1,""Up"":-1},{""TexName"":""#spray_256_4"", ""Left"":0,""Up"":-1}]"
257,30,"[{""TexName"":""#spray_257_1"", ""Left"":1,""Up"":0},{""TexName"":""#spray_257_2"", ""Left"":0,""Up"":0},{""TexName"":""#spray_257_3"", ""Left"":1,""Up"":-1},{""TexName"":""#spray_257_4"", ""Left"":0,""Up"":-1}]"
258,30,"[{""TexName"":""#spray_258_1"", ""Left"":1,""Up"":0},{""TexName"":""#spray_258_2"", ""Left"":0,""Up"":0},{""TexName"":""#spray_258_3"", ""Left"":1,""Up"":-1},{""TexName"":""#spray_258_4"", ""Left"":0,""Up"":-1}]"
259,30,"[{""TexName"":""#spray_259_1"", ""Left"":1,""Up"":0},{""TexName"":""#spray_259_2"", ""Left"":0,""Up"":0},{""TexName"":""#spray_259_3"", ""Left"":1,""Up"":-1},{""TexName"":""#spray_259_4"", ""Left"":0,""Up"":-1}]"
260,30,"[{""TexName"":""#spray_260_1"", ""Left"":1,""Up"":0},{""TexName"":""#spray_260_2"", ""Left"":0,""Up"":0},{""TexName"":""#spray_260_3"", ""Left"":1,""Up"":-1},{""TexName"":""#spray_260_4"", ""Left"":0,""Up"":-1}]"
261,30,"[{""TexName"":""#spray_261_1"", ""Left"":1,""Up"":0},{""TexName"":""#spray_261_2"", ""Left"":0,""Up"":0},{""TexName"":""#spray_261_3"", ""Left"":1,""Up"":-1},{""TexName"":""#spray_261_4"", ""Left"":0,""Up"":-1}]"
262,30,"[{""TexName"":""#spray_262_1"", ""Left"":1,""Up"":0},{""TexName"":""#spray_262_2"", ""Left"":0,""Up"":0},{""TexName"":""#spray_262_3"", ""Left"":1,""Up"":-1},{""TexName"":""#spray_262_4"", ""Left"":0,""Up"":-1}]"
263,30,"[{""TexName"":""#spray_263_1"", ""Left"":1,""Up"":0},{""TexName"":""#spray_263_2"", ""Left"":0,""Up"":0},{""TexName"":""#spray_263_3"", ""Left"":1,""Up"":-1},{""TexName"":""#spray_263_4"", ""Left"":0,""Up"":-1}]"
264,30,"[{""TexName"":""#spray_264_1"", ""Left"":1,""Up"":0},{""TexName"":""#spray_264_2"", ""Left"":0,""Up"":0},{""TexName"":""#spray_264_3"", ""Left"":1,""Up"":-1},{""TexName"":""#spray_264_4"", ""Left"":0,""Up"":-1}]"
265,30,"[{""TexName"":""#spray_265_1"", ""Left"":1,""Up"":0},{""TexName"":""#spray_265_2"", ""Left"":0,""Up"":0},{""TexName"":""#spray_265_3"", ""Left"":1,""Up"":-1},{""TexName"":""#spray_265_4"", ""Left"":0,""Up"":-1}]"
266,30,"[{""TexName"":""#spray_266_1"", ""Left"":1,""Up"":0},{""TexName"":""#spray_266_2"", ""Left"":0,""Up"":0},{""TexName"":""#spray_266_3"", ""Left"":1,""Up"":-1},{""TexName"":""#spray_266_4"", ""Left"":0,""Up"":-1}]"
267,30,"[{""TexName"":""#spray_267_1"", ""Left"":1,""Up"":0},{""TexName"":""#spray_267_2"", ""Left"":0,""Up"":0},{""TexName"":""#spray_267_3"", ""Left"":1,""Up"":-1},{""TexName"":""#spray_267_4"", ""Left"":0,""Up"":-1}]"
268,30,"[{""TexName"":""#spray_268_1"", ""Left"":1,""Up"":0},{""TexName"":""#spray_268_2"", ""Left"":0,""Up"":0},{""TexName"":""#spray_268_3"", ""Left"":1,""Up"":-1},{""TexName"":""#spray_268_4"", ""Left"":0,""Up"":-1}]"
269,30,"[{""TexName"":""#spray_269_1"", ""Left"":1,""Up"":0},{""TexName"":""#spray_269_2"", ""Left"":0,""Up"":0},{""TexName"":""#spray_269_3"", ""Left"":1,""Up"":-1},{""TexName"":""#spray_269_4"", ""Left"":0,""Up"":-1}]"
270,30,"[{""TexName"":""#spray_270_1"", ""Left"":1,""Up"":0},{""TexName"":""#spray_270_2"", ""Left"":0,""Up"":0},{""TexName"":""#spray_270_3"", ""Left"":1,""Up"":-1},{""TexName"":""#spray_270_4"", ""Left"":0,""Up"":-1}]"
271,30,"[{""TexName"":""#spray_271_1"", ""Left"":1,""Up"":0},{""TexName"":""#spray_271_2"", ""Left"":0,""Up"":0},{""TexName"":""#spray_271_3"", ""Left"":1,""Up"":-1},{""TexName"":""#spray_271_4"", ""Left"":0,""Up"":-1}]"
272,30,"[{""TexName"":""#spray_272_1"", ""Left"":1,""Up"":0},{""TexName"":""#spray_272_2"", ""Left"":0,""Up"":0},{""TexName"":""#spray_272_3"", ""Left"":1,""Up"":-1},{""TexName"":""#spray_272_4"", ""Left"":0,""Up"":-1}]"
273,30,"[{""TexName"":""#spray_273_1"", ""Left"":1,""Up"":0},{""TexName"":""#spray_273_2"", ""Left"":0,""Up"":0},{""TexName"":""#spray_273_3"", ""Left"":1,""Up"":-1},{""TexName"":""#spray_273_4"", ""Left"":0,""Up"":-1}]"
274,30,"[{""TexName"":""#spray_274_1"", ""Left"":1,""Up"":0},{""TexName"":""#spray_274_2"", ""Left"":0,""Up"":0},{""TexName"":""#spray_274_3"", ""Left"":1,""Up"":-1},{""TexName"":""#spray_274_4"", ""Left"":0,""Up"":-1}]"
275,30,"[{""TexName"":""#spray_275_1"", ""Left"":1,""Up"":0},{""TexName"":""#spray_275_2"", ""Left"":0,""Up"":0},{""TexName"":""#spray_275_3"", ""Left"":1,""Up"":-1},{""TexName"":""#spray_275_4"", ""Left"":0,""Up"":-1}]"
276,30,"[{""TexName"":""#spray_276_1"", ""Left"":1,""Up"":0},{""TexName"":""#spray_276_2"", ""Left"":0,""Up"":0},{""TexName"":""#spray_276_3"", ""Left"":1,""Up"":-1},{""TexName"":""#spray_276_4"", ""Left"":0,""Up"":-1}]"
277,30,"[{""TexName"":""#spray_277_1"", ""Left"":1,""Up"":0},{""TexName"":""#spray_277_2"", ""Left"":0,""Up"":0},{""TexName"":""#spray_277_3"", ""Left"":1,""Up"":-1},{""TexName"":""#spray_277_4"", ""Left"":0,""Up"":-1}]"
278,30,"[{""TexName"":""#spray_278_1"", ""Left"":1,""Up"":0},{""TexName"":""#spray_278_2"", ""Left"":0,""Up"":0},{""TexName"":""#spray_278_3"", ""Left"":1,""Up"":-1},{""TexName"":""#spray_278_4"", ""Left"":0,""Up"":-1}]"
279,30,"[{""TexName"":""#spray_279_1"", ""Left"":1,""Up"":0},{""TexName"":""#spray_279_2"", ""Left"":0,""Up"":0},{""TexName"":""#spray_279_3"", ""Left"":1,""Up"":-1},{""TexName"":""#spray_279_4"", ""Left"":0,""Up"":-1}]"
280,30,"[{""TexName"":""#spray_280_1"", ""Left"":1,""Up"":0},{""TexName"":""#spray_280_2"", ""Left"":0,""Up"":0},{""TexName"":""#spray_280_3"", ""Left"":1,""Up"":-1},{""TexName"":""#spray_280_4"", ""Left"":0,""Up"":-1}]"
281,30,"[{""TexName"":""#spray_281_1"", ""Left"":1,""Up"":0},{""TexName"":""#spray_281_2"", ""Left"":0,""Up"":0},{""TexName"":""#spray_281_3"", ""Left"":1,""Up"":-1},{""TexName"":""#spray_281_4"", ""Left"":0,""Up"":-1}]"
282,30,"[{""TexName"":""#spray_282_1"", ""Left"":1,""Up"":0},{""TexName"":""#spray_282_2"", ""Left"":0,""Up"":0},{""TexName"":""#spray_282_3"", ""Left"":1,""Up"":-1},{""TexName"":""#spray_282_4"", ""Left"":0,""Up"":-1}]"
283,30,"[{""TexName"":""#spray_283_1"", ""Left"":1,""Up"":0},{""TexName"":""#spray_283_2"", ""Left"":0,""Up"":0},{""TexName"":""#spray_283_3"", ""Left"":1,""Up"":-1},{""TexName"":""#spray_283_4"", ""Left"":0,""Up"":-1}]"
284,30,"[{""TexName"":""#spray_284_1"", ""Left"":1,""Up"":0},{""TexName"":""#spray_284_2"", ""Left"":0,""Up"":0},{""TexName"":""#spray_284_3"", ""Left"":1,""Up"":-1},{""TexName"":""#spray_284_4"", ""Left"":0,""Up"":-1}]"
285,30,"[{""TexName"":""#spray_285_1"", ""Left"":1,""Up"":0},{""TexName"":""#spray_285_2"", ""Left"":0,""Up"":0},{""TexName"":""#spray_285_3"", ""Left"":1,""Up"":-1},{""TexName"":""#spray_285_4"", ""Left"":0,""Up"":-1}]"
286,30,"[{""TexName"":""#spray_286_1"", ""Left"":1,""Up"":0},{""TexName"":""#spray_286_2"", ""Left"":0,""Up"":0},{""TexName"":""#spray_286_3"", ""Left"":1,""Up"":-1},{""TexName"":""#spray_286_4"", ""Left"":0,""Up"":-1}]"
287,30,"[{""TexName"":""#spray_287_1"", ""Left"":1,""Up"":0},{""TexName"":""#spray_287_2"", ""Left"":0,""Up"":0},{""TexName"":""#spray_287_3"", ""Left"":1,""Up"":-1},{""TexName"":""#spray_287_4"", ""Left"":0,""Up"":-1}]"
288,30,"[{""TexName"":""#spray_288_1"", ""Left"":1,""Up"":0},{""TexName"":""#spray_288_2"", ""Left"":0,""Up"":0},{""TexName"":""#spray_288_3"", ""Left"":1,""Up"":-1},{""TexName"":""#spray_288_4"", ""Left"":0,""Up"":-1}]"
289,30,"[{""TexName"":""#spray_289_1"", ""Left"":1,""Up"":0},{""TexName"":""#spray_289_2"", ""Left"":0,""Up"":0},{""TexName"":""#spray_289_3"", ""Left"":1,""Up"":-1},{""TexName"":""#spray_289_4"", ""Left"":0,""Up"":-1}]"
