id,备注,中文简体,此表为公共目录stringdef表的子表，根据分配的id填写，必须与公共表格id不冲突
ID,,Desc,
172101,新版商店,优先使用迷你豆,
172117,新版商店,时间从近到远,
172118,新版商店,时间从远到近,
172125,新版商店,该部件无法和试穿中的#cffda0a@1#n同时使用，已自动替换,
172126,新版商店,共搜索到[color=#68FFC1]@1[/color]个结果,
172127,新版商店,未搜索到结果,
172128,新版商店,共搜索到[color=#68FFC1]@1[/color]个结果，部分部件无法和试穿装扮[color=#68FFC1]@2[/color]同时使用,
172129,新版商店,无法和试穿中的[color=#68FFC1]@1[/color]同时使用，坚持试穿会自动替换,
172132,新版商店,发布时间,
172133,新版商店,来源,
172134,新版商店,当前界面中的部件无法和试穿装扮[color=#68FFC1]@1[/color]同时使用，坚持试穿会替换掉[color=#68FFC1]@2[/color]哦,
172135,新版商店,显示[color=#68FFC1]@1[/color]个结果,
172136,新版商店,有商品上新,
172140,新版商店,包含以下物品：,
172141,新版商店,装饰,
172144,新版商店,活动获取，无法购买,
172145,新版商店,礼盒获取，无法购买,
172146,新版商店,其他途径获取，无法购买,
172147,新版商店,碎片充足[color=#ffda0a]@1[/color]，建议单独结算,
172152,新版商店,迷你豆余额不足，是否用[color=#ffda0a]@1[/color]迷你币补足,
172153,新版商店,迷你豆余额不足，当前剩余迷你币无法补足，还差[color=#ffda0a]@1[/color]迷你币，推荐充值[color=#ffda0a]@2[/color]元（@3迷你币）,
172154,新版商店,迷你豆、迷你币余额均不足，总共还查[color=#ffda0a]@1[/color]迷你币，推荐充值[color=#ffda0a]@2[/color]元（@3迷你币）,
172156,新版商店,获得皮肤：,
172162,新版商店,该部件无法和当前正在穿戴的装扮#68FFC1@1#n同时使用，可去仓库搭配,
172163,新版商店,是否保存到仓库外观方案？,
172164,新版商店,快捷应用,
172165,新版商店,应用成功,
172166,新版商店,应用中,
172167,新版商店,首充双倍,
172168,新版商店,会员特权,
172169,新版商店,星工场,
172170,新版商店,上新,
172171,新版商店,充值,
172172,新版商店,角色外观,
172173,新版商店,辅助外观,
172174,新版充值,充值,
172175,新版充值,客服,
172176,新版充值,帮助,
172177,新版充值,大会员,
172178,新版充值,潮玩银享,
172179,新版充值,充值失败,
172180,新版充值,充值成功，请留意到账通知,
172181,新版充值,充值失败，请去APP Shore重新安装游戏,
172182,新版充值,充值失败，请联系客服获得帮助,
172183,新版充值,首充双倍,
172184,新版充值,商店,
172185,新版充值,仓库,
172186,新版充值,会员特权,
172187,新版充值,付款,
172188,新版充值,打开@1扫一扫继续付款,
172189,新版充值,代付,
172190,新版充值,充值/会员,
172191,新版商店,迷你豆商店,
172192,新版商店,根据健康保护规则，您本月充值金额已达[color=#F07543]上限[/color] 可通过以下方式[color=#F07543]调整额度[/color]，请选择:,
172193,新版商店,功能维护中，请选择联系客服,
172801,新版仓库,显示@1个结果,
172802,新版仓库,添加定制装扮,
172803,新版仓库,空位@1,
172804,新版仓库,修改方案名,
172805,新版仓库,开通大会员可解锁,
172806,新版仓库,添加星装扮,
172807,新版仓库,保存搭配方案,
172808,新版仓库,当前未搭配方案,
172809,新版仓库,该方案已有搭配方案，确认替换？,
172810,新版仓库,开通（1个月）迷你大会员,
172811,新版仓库,开通迷你大会员，解锁@1个会员专属预设位。还有更多特权等着你！,
172812,新版仓库,查看更多特权及档位,
172813,新版仓库,立即开通,
172814,新版仓库,编辑方案,
172815,新版仓库,保存到方案名称,
172816,新版仓库,角色骑乘,
172817,新版仓库,角色手持,
172818,新版仓库,拥有：,
172819,新版仓库,还未拥有@1，快去商店挑选吧,
172820,新版仓库,搭配,
172821,新版商店,已达到装扮方案上限，请前往仓库使用,
172822,新版商店,该部件无法搭配当前装扮,
172823,新版商店,购买前阅读[color=#DD992E]《迷你大会员服务协议》[/color],
172824,新版商店,请阅读并勾选大会员服务协议,
172825,新版商店,"迷你大会员服务协议：

1、在迷你大会员有效期内可享受以下服务：
    尊贵身份：
    ①会员身份标识
    ②好友置顶（在好友列表优先排序）
    ③炫酷入场播报
    专属装扮使用权：
    ①个性头像框（可在头像框功能中查看并使用）
    ②个性聊天气泡（可在聊天界面中查看并使用）
    ③会员表情（可在聊天界面中查看并使用）
    ④专属装扮 - 苍鸿（可在商城-装扮中查看并使用）
    ⑤专属装扮 - 云胭（可在商城-装扮中查看并使用）
    专属功能特权
    ①额外获得50格仓库位
    ②额外获得5个定制装扮位
    ③云服房间内发起投票踢人
    ④家园果实成熟时间减少10%
    ⑤家园果实中，每隔48小时必定出现一个金果实

2、有效期计算规则：从开通当日起开始计算，以自然天为结算周期

3、售价及时长说明
      1个月：99迷你币，购买后立即增加31天有效期
      3个月：297迷你币，购买后立即增加93天有效期
      6个月：594迷你币，购买后立即增加186天有效期
      12个月：1188迷你币，购买后立即增加372天有效期

4、当会员有效期≤365天时，可以进行续费操作",
233021,新手创角,冒险家证,
233022,新手创角,你属于哪类冒险家？,
233023,新手创角,亲爱的玩家，在冒险开始之前，需要先登记专属冒险家证！,
233024,新手创角,昵称有不合格词，请重新想一个名字哦~,
233025,新手创角,请输入名字,
233026,新手创角,登记,
233027,新手创角,"@1，冒险家证登记成功啦！
现在自由搭配，定制你的专属装扮吧！",
233028,新手创角,点击“定制完成”后不可修改，搭配好了再点哦！,
233029,新手创角,定制完成,
233030,新手创角,恭喜创角成功！,
233031,新手创角,获得新手装扮（[color=#68FFC1]7天体验卡[/color]）,
233032,新手创角,玩家昵称,
233033,新手创角,开启冒险,
233034,新手创角,定制新手装扮,
233035,新手创角,请选择性别,
233036,新手创角,请选择定制装扮,
233037,新手创角,创建角色失败，请稍后重试,
233038,新手创角,装扮已保存至坑位,
233039,新手创角,定制装扮保存失败,
233040,新手创角,请选择冒险家类型,
233041,新手创角,名字已存在,
233042,新手创角,名字长度不能超过7个字,
233043,新手创角,使用装扮失败,
233044,存档错误提示,记录已失效，可以用id或名字重新搜索作品,
233045,新手创角指引,"@1，欢迎来到迷你世界!
为了让你更了解游戏，请选择对应指引!",
233046,新手创角指引,让我带领你来开始游玩吧！,
233047,新手创角指引, 请选择你喜欢的地图，进行游玩吧！,
233048,新手创角指引,请先选择一种游玩模式创建游戏！,
233049,新手创角指引,请为模式取一个名字，点击开始生成地图！,
233050,新手创角指引,试试移动到光环这儿吧！,
233051,新手创角指引,试试看跳跃！,
233052,新手创角指引,中心瞄点点亮的方块区域，点击可放置方块，来试试看放置你的第一块方块吧！,
233053,新手创角指引,中心瞄点点亮的方块区域，右键可放置方块，来试试看放置你的第一块方块吧！,
233054,新手创角指引,刚刚你放置了你的第一块方块！长按方块可以销毁它，试试看吧,
233055,新手创角指引,刚刚你放置了你的第一块方块！对准按左键可以销毁它，试试看吧,
233056,新手创角指引,点击切换到飞行模式，视角更广创造也更方便哦~,
233057,新手创角指引,双击空格键切换到飞行模式，视角更广创造也更方便哦~,
233058,新手创角指引,打开背包可以获取到各种资源哦！,
233059,新手创角指引,按B键与点击背包可以获取到各种资源哦！,
233060,新手创角指引,将背包中的物品拖到栏中，就可以随身携带放置使用,
233061,新手创角指引,有些方块可使用，将方块拿在手上，点击使用按钮来使用,
233062,新手创角指引,有些方块可使用，将方块拿在手上，点击右键来使用它们,
233063,新手创角指引,你都了解啦，那么开始你的创造吧！,
233067,新手创角指引,现在自由搭配，创建角色即可开启冒险!,
233068,新手创角指引,"非常熟悉沙盒游戏玩法
（跳过新手教程）",
234001,房间水印优化,单人房间状态,
234002,存档备份,"确认使用当前备份地图进行还原？
[color=#EA532F]还原后会覆盖当前地图[/color]",
234003,存档备份,暂无本地备份,
234004,存档备份,暂无云端备份,
234005,存档备份,是否将该地图上传到云端？,
234006,存档备份,还原备份,
234007,存档备份,确认还原,
234008,存档备份,创建本地备份,
234009,存档备份,创建云端备份,
234010,存档备份,备份还原帮助,
234011,存档备份,"[color=#D0773C]自动备份:[/color][color=#514E45]备创作者[b]更新[/b]公开发布地图时，会将线上地图公开版本自动备份一份到备份还原功能的本地列表内。
[/color]
[color=#D0773C]本地备份:[/color][color=#514E45]备份的地图文件存储在本地存储内。
[/color]
[color=#D0773C]云端备份:[/color][color=#514E45]备份的地图文件存储在服务器存储内，可以进行跨设备还原。
[/color]
[color=#D0773C]扩容:[/color][color=#514E45]云端容量有使用限制，可以通过扩容按钮进行扩容。
[/color]
[color=#D0773C]还原按钮:[/color][color=#514E45]点击还原按钮会使用此备份文件，覆盖到当前使用存档。
[/color]
[color=#D0773C]云备份按钮:[/color][color=#514E45]将此备份文件同步到云端备份。
[/color]
[color=#D0773C]删除按钮:[/color][color=#514E45]删除此备份文件。[/color]",
234012,存档备份,备份管理帮助,
234013,存档备份,"[color=#D0773C]地图列表:[/color][color=#514E45]当前有使用备份的所有地图。
[/color]
[color=#D0773C]自动备份:[/color][color=#514E45]创作者更新公开发布地图时，会将线上地图公开版本自动备份一份到备份还原功能的本地列表内。
[/color]
[color=#D0773C]还原按钮:[/color][color=#514E45]点击还原按钮会使用此备份文件，覆盖到当前使用存档。
[/color]
[color=#D0773C]云备份按钮:[/color][color=#514E45]将此备份文件同步到云端备份。
[/color]
[color=#D0773C]删除按钮:[/color][color=#514E45]删除此备份文件。
[/color]",
234014,在线地图备份,下载中,
234015,在线地图备份,解压中,
234016,在线地图备份,创建备份中,
234017,在线地图备份,当前线上版本备份完成,
234018,在线地图备份,线上版本备份失败,
234019,在线地图备份,发布同时备份当前上线版本到本地备份管理库,
234020,存档详情页,游戏类型,
234021,存档详情页,游戏作品,
234022,在线地图备份,当前线上地图备份,
234023,在线地图备份,自动备份,
234024,在线地图备份,不是作者,
234025,在线地图备份,其他备份执行中,
234026,在线地图备份,服务URL空,
234027,在线地图备份,下载地址空,
234028,在线地图备份,MD5校验失败,
234029,在线地图备份,下载失败,
234030,在线地图备份,解压失败,
234031,在线地图备份,压缩失败,
234032,在线地图备份,读取地图失败,
234033,在线地图备份,文件夹创建失败,
234034,在线地图备份,压缩校验失败,
234035,云服调试,云服调试版本,
234036,云服调试,需要先在studio上传云服调试数据,
234050,搜索动态,玩家、地图、动态,
234051,搜索动态,输入关键字搜索动态,
234060,跳转材质界面,材质包未解锁，请到资源工坊中解锁,
234080,通用提示,正在加载中，请稍后再试...,
234081,通用提示,已保存到系统相册,
234082,通用提示,已保存到桌面,
234083,通用提示,保存本地,
234084,通用提示,聊天,
234085,通用提示,请输入搜索关键字,
234086,通用提示,热搜作者,
234087,通用提示,近期热门,
234088,通用提示,请输入介绍。,
234089,通用提示,请输入名称最多%s个字(必填),
234090,通用提示,请输入介绍(必填)。,
234091,通用提示,未发布,
234092,通用提示,暂时无法发布大于1G的作品，请您优化地图后再试,
234093,通用提示,猜你喜欢,
234094,通用提示,清空列表,
234095,通用提示,导入,
234096,通用提示,提交订单,
234097,通用提示,前往,
234098,通用提示,发布作品,
234099,通用提示,导入完成,
234100,通用提示,链接失效,
234101,通用提示,创建房间失败，使用单机启动,
234102,通用提示,该地图未公开发布，无法打开作品详情页,
234103,通用提示,云服模式地图无法开设个人云服房间，请选择其它地图,
234104,通用提示,开设个人云服房间失败,
234105,通用提示,注意：非云服房间、沙盒服务器房间、迷你云服房间三种房间内的游戏数据不互通！,
234106,通用提示,作者未开启此功能,
234107,通用提示,请选择地图,
234108,通用提示,帮助说明,
234109,通用提示,（适度娱乐，理性消费）,
234110,通用提示,房间即将在%s后到期关闭,
234111,通用提示,道具%s不足，还需要%s个,
234112,通用提示,神秘玩家,
234113,通用提示,购买道具,
234114,通用提示,仍然创建,
234115,通用提示,图片压缩失败,
234116,通用提示,未保存,
234117,通用提示,最近玩家,
234118,通用提示,这里空空如也~,
234119,通用提示,活动时间,
234120,通用提示,活动奖励,
234121,通用提示,房员管理,
234122,通用提示,备份文件解压失败，失败文件：,
234123,通用提示,运行,
234124,通用提示,维护,
234125,通用提示,关闭,
234126,通用提示,权限,
234127,通用提示,状态,
234128,通用提示,分享给好友,
234129,通用提示,分享给群组,
234130,通用提示,协作,
234131,通用提示,无,
234132,通用提示,移除记录,
234133,通用提示,操作太频繁了，请稍后再试,
234134,通用提示,我收藏的,
234135,通用提示,删除之后此地图将不在游戏库内展示，可以在studio上重新发布或云服调试来恢复展示状态,
234136,通用提示,地图名修改成功,
234137,通用提示,请选择要上传/下架的地图,
234138,通用提示,确定取消本次游戏加载吗？,
234139,通用提示,我再想想,
234140,通用提示,确认取消,
234141,通用提示,发布时间,
234142,通用提示,更新时间,
234143,通用提示,数据异常，请重新打开页面,
234144,通用提示,图片上传失败，请稍后再试,
234145,通用提示,下架商品,
234146,通用提示,确认下架,
234147,通用提示,操作成功,
234148,通用提示,撤销,
234149,通用提示,付费,
234150,分发,公开,
234151,分发,私人,
234152,分发,云服游戏选择,
234153,分发,创建私人房间,
234154,分发,私人云服房间时长剩余,
234155,分发,房间即将在%s后关闭,
234156,分发,离开地图将关闭私人云服房间，结束本次体验,
234157,分发,离开地图将踢出其他玩家，关闭私人云服房间，结束本次体验,
234158,分发,退出游戏会和其他队员一起返回组队主页哦~,
234159,分发,每消耗%s张房间卡可创建%s私人房间,
234160,创建私人云服帮助文案,"1.创建私人云服房间需要消耗%CostNum%张道具%CostName%。
2.私人云服房间的房主权限归创建者所有，房主退出后，房间关闭。
3.房间最多存在3小时，超时则自动关闭，请注意时效。
4.房间人数默认最多6人，具体以进入游戏后实际人数为准。
5.如果因意外掉线等原因退出地图，房间会保留一段时间，在这段时间内可以重新进入房间，如果房主长时间不回来，房间会关闭。",
234161,分发,%s的私人房间,
234162,分发,私人房间,
234163,分发,%s的服务器,
234164,分发,迷你云服房间,
234165,项目管理,[项目]副本管理,
234166,项目管理,创建副本,
234167,项目管理,最后编辑,
234168,项目管理,改名,
234169,项目管理,请输入修改后的名称,
234170,项目管理,项目,
234171,项目管理,关联地图数据详情,
234172,项目管理,主地图,
234173,项目管理,副本地图,
234174,项目管理,项目审核详情,
234175,项目管理,项目审核未通过,
234176,项目管理,主地图审核未通过,
234177,项目管理,副本审核未通过,
234178,项目管理,"本地图转换为项目地图后可添加副本，但每次发布审核时玩家暂时无法游玩
(项目只能上传为[color=#FF0000]不支持单人模式[/color]的云服游戏地图)",
234179,项目管理,"项目中[color=#FF0000]包含的副本将一并删除[/color]，是否删除？
（本地未备份存档，删除将无法恢复）",
234180,项目管理,当前最多只可配置 %s 个副本,
234181,项目管理,副本,
234182,项目管理,项目发布,
234183,项目管理,可在游戏内，通过传送门和触发器关联副本地图,
234184,项目管理,快去右上角创建副本地图吧,
234185,项目管理,需要勾选发布主地图,
234186,创作中心,我要创作,
234187,创作中心,常用服务,
234188,创作中心,服务平台,
234189,创作中心,赛事大厅,
234190,创作中心,反馈建议,
234191,创作中心,工具资讯,
234192,创作中心,创作动态,
234193,创作中心,7日数据,
234194,创作中心,获赞数,
234195,创作中心,评论数,
234196,创作中心,游玩数,
234197,创作中心,成为见习创作者后可见,
234198,创作中心,官方教程,
234199,私人云服,已到期,
234200,沙盒服务器,沙盒服务器,
234201,沙盒服务器,沙盒服务器说明,
234202,沙盒服务器,"玩家可以租用自己的服务器，将本地自己专属玩法的地图上传到服务器上开设服务器房间，即使房主不在线也可以和小伙伴们进行联机冒险。
[color=#ff0000]注意：
房主与管理员有义务维护房间良好环境，避免房间出现违法违规的情况，如有恶意违规行为官方有权对房间进行封禁。
服务器房间只能使用非云服游戏地图，数据是独立存储在服务器房间内，与普通联机、迷你云服房间的数据是不互通的。[/color]",
234203,沙盒服务器,服务器管理,
234204,沙盒服务器,服务器管理帮助,
234205,沙盒服务器,"[b]基础设置说明
[/b]
[color=#FFA500]1.名称介绍：[/color]在外显场景中显示，需要审核后才会其它玩家才会看到。
[color=#FFA500]2.密码：[/color]设置密码后,玩家需要输入正确的密码才能进入云服(服主、超管和管理,进入云服不需要输入密码)。
[color=#FFA500]3.权限：[/color]
好友可进入：只有是服主好友的玩家才能进入此云服;
白名单可进入：只有在此云服白名单内的玩家才能进入此云服
注：【好友可进入】【白名单可进入】都勾选则好友与日白名单都可进入云服,若都不勾选则所有玩家都可以进入此云服。
[color=#FFA500]4.保存：[/color]对以上基础内容编辑修改后需要点击保存,才能设置成功。

[b]玩家设置说明
[/b]
[color=#FFA500]1.玩家：[/color]玩家列表记录进入过此云服的玩家，并显示玩家最后登录时间或正在游戏中(点击玩家右侧的【设置】按钮可对玩家进行设置权限等功能)
[color=#FFA500]2.白名单：[/color]在云服管理-基础-权限中勾选【白名单可进入】时,只有在白名单内的玩家才能进入此云服。
[color=#FFA500]3.黑名单：[/color]黑名单内的玩家不能进入此云服。
[color=#FFA500]4.管理者：[/color]服主能将玩家设为管理者(管理者分两种：超级管理员!与管理员),服主外的管理者只能在云服内使用自己的权限(具体拥有的权限请点击【超级管理员】、【管理员】查看)。
[color=#FFA500]5.搜索框：[/color]输入迷你号点击搜索,该迷你号玩家将显示在列表中,可对其进行设置。

[b]备份说明
[/b]
[color=#FFA500]1.当前在用存档：[/color]
置顶的存档位是云服当前在用存档。
点击设置按钮可进行存档备份,即在此存档列表下新增一个备份存档(备份需要关闭云服后进行)
[color=#FFA500]2.备份的存档：[/color]
备份的存档共有4个(不包括当前在用存档),创建云服时会将上传的地图自动备份一个备份存档。其余备份存档需要服主手动备份。
点击设置按钮可进行还原、下载、重命名和删除。还原：将此备份存档覆盖当前在用存档(还原操作需要关闭云服后进行);下载：将此备份存档下载到服主本地：重命名：修改此备份存档的名称;删除：将此备份存档在列表中删除。

[b]状态设置说明
[/b]
[color=#FFA500]1.云服状态：[/color]
分为开启与关闭状态（点击开关按钮进行状态切换）。
开启：云服正常运行，玩家可进入;
关闭：云服停止运行，所有玩家无法进入。云服在关闭状态下，能进行以下操作：存档备份、备份还原、升级云服和重置云服。
[color=#FFA500]2.维护状态：[/color]
分为正常与维护状态(当云服在开启状态下，维护状态才能调整)。
正常：云服对外开放，符合条件的玩家就能进入（条件指：基础设置中的密码、好友可进、白名单可进，以及黑名单）;
维护：云服不对外开放，已在云服的其他玩家会被踢出云服房间，只有服主与超级管理员可进入，在房间内邀请其他玩家才能进入云服。
[color=#FFA500]3.云服公告：[/color]服主与超级管理员可发布公告，云服每天可发布3次公告。(不勾选“仅提示一次”，则每次进入云服都会弹出此公告;勾选后公告只出现一次，再次进入云服不提示。)",
234206,沙盒服务器,备份列表,
234207,沙盒服务器,重命名,
234208,沙盒服务器,当前备份正在下载中，请耐心等候,
234209,沙盒服务器,其他备份正在下载中，请完成后再执行此操作,
234210,沙盒服务器,沙盒服务器备份解压失败,
234211,沙盒服务器,沙盒服务器备份转换失败,
234212,沙盒服务器,沙盒服务器备份下载失败,
234213,沙盒服务器,沙盒服务器备份下载成功，已下载到个人的存档或对应地图存档的云服备份中。,
234214,沙盒服务器,下载进度,
234215,沙盒服务器,上传进度,
234216,沙盒服务器,未选择地图,
234217,沙盒服务器,当前沙盒服务器正在上传地图，请耐心等候,
234218,沙盒服务器,有沙盒服务器正在上传地图，请完成后再执行此操作,
234219,沙盒服务器,可容纳%s人,
234220,沙盒服务器,服务器号,
234221,沙盒服务器,服务器,
234222,沙盒服务器," 1、添加黑名单
 2、将玩家踢出房间
 3、修改公告
 4、将玩家禁言
 5、游戏权限管理",
234223,沙盒服务器,服务器数量,
234224,沙盒服务器,游戏权限管理,
234225,沙盒服务器,权限说明,
234226,沙盒服务器,请输入服务器名,
234227,沙盒服务器,请输入服务器简介,
234228,沙盒服务器,请输入服务器密码,
234229,沙盒服务器,沙盒服务器已到期，请续费。,
234230,沙盒服务器,沙盒服务器已到期,
234231,沙盒服务器,沙盒服务器已关闭,
234232,沙盒服务器,沙盒服务器正在维护,
234233,沙盒服务器,"沙盒服务器创建成功。
  立刻开启服务器？
  （开启后才能进入云服游玩）",
234234,沙盒服务器,已使用空间：@1/@2,
234235,沙盒服务器,还没有服务器，快去整一个吧~,
234236,沙盒服务器,游戏地图暂时不支持此功能,
234237,沙盒服务器,确认清空白名单列表？,
234238,沙盒服务器,确认清空黑名单列表？,
234239,沙盒服务器,确认清空超级管理员列表？,
234240,沙盒服务器,确认清空管理列表？,
234241,沙盒服务器,是否将[color=#0aaa1a]%s[/color]踢出房间并拉入服务器黑名单？,
234242,沙盒服务器,我要拉黑,
234243,沙盒服务器,仅踢出房间,
234244,沙盒服务器,请使用%s以下的地图开设服务器,
234245,沙盒服务器,服务器已被封禁，无法执行任何操作,
234246,沙盒服务器,请等待审核完成之后再修改,
234247,沙盒服务器,当前房间已违规，请手动重置服务器,
234248,沙盒服务器,我的服务器,
234249,沙盒服务器,购买服务器,
234250,沙盒服务器,我玩过的,
234251,沙盒服务器,服务器类型,
234252,沙盒服务器,仅好友与白名单,
234253,沙盒服务器,仅好友,
234254,沙盒服务器,仅白名单,
234255,沙盒服务器,密码,
234256,沙盒服务器,公开,
234257,沙盒服务器,该服务器涉嫌违规，暂时无法查看,
234258,沙盒服务器,这个服务器太棒了，我想分享它,
234259,沙盒服务器,重置服务器,
234260,沙盒服务器,关闭服务器,
234261,沙盒服务器,开启服务器,
234262,沙盒服务器,上传地图,
234263,沙盒服务器,选择的服务器包含违规服务器，无法执行此操作,
234264,沙盒服务器,发布公告,
234265,沙盒服务器,公告仅提示一次,
234266,沙盒服务器,"1、提交申诉前，请确保此云服的地图与信息无违规内容，并请必须认真阅读
2、提交后，等待申诉通过云服才能正常使用。
3、若申诉不通过，将返回待修改状态。",
234267,沙盒服务器,“内容发布须知”,
234268,沙盒服务器,仅服主可以发起招募,
234269,沙盒服务器,发起招募需要将房间转为公开，将会移除服务器的仅好友、仅白名单和密码限制,
234270,沙盒服务器,移除并招募,
234271,沙盒服务器,服主很懒，还没有写介绍,
234272,沙盒服务器,批量重置完成,
234273,沙盒服务器,批量开启完成,
234274,沙盒服务器,批量关闭完成,
234275,沙盒服务器,成功数量：%s，失败数量：%s,
234276,沙盒服务器,请勾选需要批量处理的服务器,
234277,沙盒服务器,没有可以开启的服务器,
234278,沙盒服务器,没有可以关闭的服务器,
234279,沙盒服务器,将#cff0000@1#n个服务器进行关闭，关闭将踢出服务器中所有玩家！,
234280,沙盒服务器,没有可以重置的服务器,
234281,沙盒服务器,将#cff0000@1#n个服务器进行服务器重置。服务器重置会#cff0000不可逆#n地清除当前所有存档备份以及服务器设置等信息，请务必谨慎操作！,
234282,沙盒服务器,没有可以上传地图的服务器,
234283,沙盒服务器,"违规服务器将转为#cDA5B0A待修改#n状态。
待修改状态下，你可以对服务器的地图与信息进行修改。确认无违规内容，可提交申诉，申诉通过后违规状态才会解除。
或者您可以选重置服务器。",
234284,沙盒服务器,选择执行方式,
234285,沙盒服务器,购买服务器,
234286,沙盒服务器,选择服务器类型,
234287,沙盒服务器,选择时长,
234288,沙盒服务器,选择购买数量,
234289,沙盒服务器,已选择,
234290,沙盒服务器,购买时长,
234291,沙盒服务器,单价,
234292,沙盒服务器,费用总计,
234293,沙盒服务器,最多容纳%s人,
234294,沙盒服务器,续费升级服务器,
234295,沙盒服务器,续费人,
234296,沙盒服务器,续费天数,
234297,沙盒服务器,续费日期,
234298,沙盒服务器,服务器的续费名单,
234299,沙盒服务器,续费名单,
234300,房间名,云服房间,
234301,地图房间列表,%s等 在玩,
234302,地图房间列表,%s 在玩,
234303,切换房间,换房间,
234304,切换房间,当前地图无法换房间,
234305,切换房间,已经是房主，不能创建,
234306,地图房间列表,正在此房间,
234307,房间邀请,邀请你一起玩,
234308,房间邀请,发现一个好玩的地图，快来一起吧,
234309,地图整体创建,副本,
234310,地图整体创建,即将进入下架审核流程，在审核通过之前，作品仍然处于发布状态。,
234311,地图整体创建,删除项目下副图后才能删除项目,
234312,地图整体创建,精选地图暂不允许下架，请先与平台进行联系,
234313,沙盒服务器,发现服务器,
234314,沙盒服务器,请填写服务器名称和介绍,
234315,私人云服,私人房间续费,
234316,私人云服,续费时长,
234317,私人云服,当前私人房间有效期为,
234318,私人云服,续费后私人房间有效期为,
234319,私人云服,房间即将在%s后结束，如需继续游戏请提醒房主续时,
234320,私人云服,房间即将在%s后结束，如需继续游戏请用房间卡续时,
234350,新资源详情,详情,
234351,新资源详情,讨论,
234352,整合包更新,更新整合包中，请勿关闭当前页面避免造成存档丢失。,
234400,新资源商店,资源文件详情,
234401,新资源商店,了解生产教程,
234402,新资源商店,前往生产模组,
234403,新资源商店,"如何将资源上架？
1.将自己生产的模组在模组库处同步上传到云端。
2.点击发布资源按钮，选择发布模组，然后就可以选择已上云并审核通过的模组了。
3.更新模组本体也需要在模组库处将修改好的模组同步上传到云端。",
234404,新资源商店,该资源已经发布过请选择其它资源。,
234405,新资源商店,请输入名称最多7个字(必填),
234406,新资源商店,请简单介绍你的资源(必填)。,
234407,新资源商店,名称不能为空,
234408,新资源商店,简介不能为空,
234409,新资源商店,名称和简介不能为空,
234410,新资源商店,请输入价格,
234411,新资源商店,发布达到上限，您可以尝试下架不必要的资源商品或者提示升级解锁发布权限,
234412,新资源商店,图片数量达到上限,
234413,新资源商店,请设置封面图,
234414,新资源商店,游戏内玩法截图不能少于%s张,
234415,新资源商店,选择合适的标签，让作品被更多人看到。,
234416,新资源商店,价格不能为空,
234417,新资源商店,标签不能为空,
234418,新资源商店,由于您的作品出现%s违规，发布审核结果为不通过，请您修改后重新提交,
234419,新资源商店,由于您的作品出现%s违规，已被封禁,
234420,新资源商店,作品正在审核中，审核通过后作品会在沙盒工坊正常展示,
234421,新资源商店,作品发布成功,
234422,新资源商店,提交成功，审核通过后会在沙盒工坊正常展示,
234423,新资源商店,"确定要删除作品吗?
删除作品后会删除该作品的所有数据,但是不影响已购买玩家使用。再次发布将会变成一个新的商品资源。",
234424,新资源商店,通过模组为地图添加有趣玩法,
234425,新资源商店,模组库,
234426,新资源商店,创造模式暂不支持导入模组，加速支持中~,
234427,新资源商店,当前玩法暂不支持导入模组~,
234428,新资源商店,可编辑,
234429,新资源商店,不可编辑,
234430,新资源商店,可发布,
234431,新资源商店,不可发布,
234432,新资源商店,本模组允许玩家进行本地修改,
234433,新资源商店,本模组允许玩家导入到地图后随地图发布,
234434,新资源商店,价格范围最低%s，最高%s,
234435,新资源商店,发布数量已达到上限，提升平台等级解锁更高的发布上限,
234436,新资源商店,获取该资源云端的最新版本进行更新。,
234437,新资源商店,"玩家根据你设定的价格获取永久试用权限。
上架的资源作品选择迷你币或者迷你豆付费获取后，将无法改回免费。",
234438,新资源商店,添加到创建新世界界面成功。,
234439,新资源商店,该资源商品涉嫌违规，已被封禁,
234440,新资源商店,我很喜欢这个资源，我想将它分享到,
234441,新资源商店,商品内容出现违规暂无法使用，等待作者更新,
234442,新资源商店,该资源商品审核未通过，暂时无法执行此操作,
234443,新资源商店,"由于您的作品出现%s导致封禁
你可以选择下架或者联系官方进行申诉",
234444,新资源商店,下架作品,
234445,新资源商店,截图,
234446,新资源商店,更新资源请更新介绍,
234447,新资源商店,作品包含不开源的模组%s，请移除后发布,
234448,新资源商店,模组已下载，可在模组库中查看并使用,
234449,新资源商店,商品目前已下架，暂无法打开详情页,
234450,新资源商店,完全开源,
234451,新资源商店,本模组允许修改并支持跟随地图发布和作为新模组进行发布,
234452,新资源商店,"你确认要下架作品吗?
下架商品对自己和已购买的玩家可见,保留统计数据。下架后可以重新上架。",
234453,新资源商店,作品已重新上架,
234454,新资源商店,删除作品,
234455,新资源商店,联机模式无法执行此操作,
234456,新资源商店,更新的模组需要重新导入地图才会生效,
234457,新资源商店,开启后，玩家可以通过观看广告解锁商品,
234458,新资源商店,上架的资源作品选择迷你币或者迷你豆付费获取后，将无法改回免费。,
234459,新资源商店,购买解锁后才可以进行点赞点踩,
234460,新资源商店,仅展示支持导入模组的地图,
234461,新资源商店,您不能对自己发布的资源商品进行收藏操作,
234462,新资源商店,玩家根据你设定的价格获取永久试用权限。,
234463,新资源商店,本次广告完成，剩余广告%s次,
234464,新资源商店,资源商品发布配置有更新，请重新打开发布界面,
234465,新资源商店,资源商品发布配置有更新，请重新启动游戏,
234466,新资源商店,该资源还未发布为商品,
234467,新资源商店,审核状态,
234468,新资源商店,模型包,
234469,新资源商店,图片包,
234470,新资源商店,音频包,
234471,新资源商店,资源包,
234472,新资源商店,*列表展示创作工具3.0已上云的模组,
234473,新资源商店,*列表展示创作工具3.0已上云的资源包,
234474,新资源商店,"[color=#514E45]如何将资源上架?
[/color]
[color=#D0773C]1.打包资源
[/color]
[color=#514E45]将自己制作的模型、道具、生物、物品等资源打包成资源包，完成后系统会自动同步到云端资源库。
[/color]
[color=#D0773C]2.发布资源包
[/color]
[color=#514E45]在「资源包发布列表」中会显示已同步的云端资源包，点击卡片内的「发布」按钮即可提交。
[/color]
[color=#D0773C]3.管理资源信息
[/color]
[color=#514E45]发布后可通过「管理」修改资源包的商品信息（如名称、描述、价格等），但[b]暂不支持更新资源包本体[/b]。
[/color]",
234475,新资源商店,前往生产资源包,
234476,新资源商店,资源包已下载，需要进入3.0开发者模式资源库中查看并使用,
234477,新资源商店,资源商品下载成功,
234478,新资源商店,"沙盒工坊内的资源包仅适用于创作工具3.0
下载后可以到创作工具3.0的资源库-云资源处查看",
234479,新资源商店,作品审核不通过，请您修改商品信息后再提交,
234480,新资源商店,模组已下载，请在自己的地图内导入&使用,
234481,新资源商店,模组更新完毕，请问您是否要现在重新导入到地图内？,
234482,新资源商店,更新提示,
234483,新资源商店,个模组待更新,
234679,沙盒服务器,声明,
234680,沙盒服务器,本内容由玩家自主设计，纯属虚构，无不良引导，切勿在现实生活中模仿,
234600,沙盒服务器,购买请求正在执行中，请勿重复提交,
234601,沙盒服务器,请选择要购买的沙盒服务器类型、时长、数量,
234602,沙盒服务器,沙盒服务器购买成功,
234603,沙盒服务器,选择天数,
234604,沙盒服务器,为此服务器续费,
234605,沙盒服务器,续费请求正在执行中，请勿重复提交,
234606,沙盒服务器,续费成功,
234607,沙盒服务器,不能对自己的沙盒服务器进行续费,
234608,沙盒服务器,续费后为,
234609,沙盒服务器,续费,
234610,沙盒服务器,重置提醒,
234611,沙盒服务器,"重置存档操作不可逆
重置后将清除当前存档以及备份
服务器权限以及基础设置不变",
234612,沙盒服务器,开始重置,
234613,沙盒服务器,选择地图导入,
234614,沙盒服务器,导入好友,
234615,沙盒服务器,导入家族,
234616,沙盒服务器,导入其他服务器,
234617,沙盒服务器,选择导入类型,
234618,沙盒服务器,选择家族,
234619,沙盒服务器,该家族已在白名单中,
234620,沙盒服务器,家族,
234621,沙盒服务器,同意[color=#6FA8EB][url='RentServerAgreement']《迷你服务器协议》[/url][/color],
234622,沙盒服务器,请先勾选同意《迷你服务器协议》,
234623,沙盒服务器,升级/续费成功,
234624,沙盒服务器,"关闭服务器将踢出服务器中所有玩家！
  此时有#cef2d2d@1#n位玩家在运行的服务器中游戏。",
234625,沙盒服务器,您将花费#c0aaa1a@1×@2#n#r对@3服务器续期:#cfa7a0f@4#n天#r（适度娱乐理性消费）,
234626,沙盒服务器,批量续费,
234627,沙盒服务器,已达到购买数量上限,
234628,沙盒服务器,升级不可选择低于当前等级的服务器,
234629,沙盒服务器,%s人服,
234630,沙盒服务器,"服务器处于非公开的运行状态
为确保您续费后能够正常游玩，建议您为服务器续费前联系服主开启服务器或给予您有效权限。",
234631,沙盒服务器,续费提醒,
234632,沙盒服务器,确认续费,
234633,沙盒服务器,您的服务器当前为仅好友可加入，是否要改为仅好友和仅白名单并且将本家族加入白名单？,
234634,沙盒服务器,您的服务器当前为仅白名单可加入，是否要将本家族加入白名单？,
234635,沙盒服务器,您的服务器使用了密码，是否要移除？,
234636,沙盒服务器,服务器权限,
234637,沙盒服务器,平台等级达到%s级后才可以给服务器续费。,
234638,沙盒服务器,"你可以给喜欢的服务器进行续费增加有效时长，为服务器添柴拾火。
续费最低需要需要支付1天时长，根据不同的服务器等级需要支付的房间卡会有所差别。",
234639,地图支持购买,"玩家根据你设定的价格获取永久试用权限。
上架的地图作品选择迷你币或者迷你豆付费获取后，将无法改回免费。",
234640,地图支持购买,解锁地图失败。,
234641,地图支持购买,该地图为免费地图，无需购买。,
234642,地图支持购买,您将花费#c0aaa1a@1×@2#n来解锁地图#cfa7a0f@3#n，请确认。#r（适度娱乐理性消费）,
234643,地图支持购买,获取付费地图下载地址失败,
234644,地图支持购买,未解锁作品无法发表讨论、无法点赞点踩。,
234645,地图支持购买,付费地图无法开设沙盒服务器,
234646,地图支持购买,该玩家游戏中的是付费地图，请先购买解锁地图后才能进入房间,
234647,地图支持购买,云服付费地图不允许组队开房,
234648,地图支持购买,付费地图只有房主允许进行邀请或招募,
234649,地图支持购买,请先购买解锁地图后才能进入房间，您需要购买解锁该地图吗？,
234650,地图支持购买,云服付费地图不允许邀请或招募,
234651,地图支持购买,该地图为付费作品，需要解锁后才可游戏,
234652,地图支持购买,确认要下架作品吗？下架后该内容无法被用户搜索与购买。但已经获取到的玩家用户仍能正常使用。下架后可以重新上架。,
234653,地图支持购买,作品处于下架状态，更新发布后会自动上架。,
234654,地图支持购买,作者已下架作品，请联系作者上架后再进入。,
234655,地图支持购买,"确定删除此存档吗？
 #cef2d2d（删除存档后，服务器数据会被清除将无法恢复）",
234656,沙盒服务器,升级服务器需要暂时关闭服务器，升级完成后自动开启。,
234657,游戏记录,总游戏时长/分钟,
234658,游戏记录,累计游戏次数,
234659,游戏记录,与好友同玩次数,
234660,游戏记录,同房玩家,
234661,游戏记录,查看同房玩家>,
234662,游戏记录,本次游戏时长,
234663,游戏记录,我的游戏记录,
234664,游戏记录,同玩玩家,
234665,游戏记录,我在本图的游玩记录,
234666,游戏记录,首次记录,
234667,游戏记录,游戏记录说明,
234668,游戏记录,"游戏记录从1.58.0版本开始计算游戏
游戏时长需要1分钟以上才会计算
游戏记录上限500条超过部分会被新记录覆盖",
234669,游戏记录,已玩,
234670,游戏记录,已删除的地图,
234671,游戏记录,一起玩时长,
234672,游戏记录,累计游玩时长,
234673,游戏记录,我本次游戏时间,
1000645,国内合规,迷你世界ICP备案号：粤ICP备15114487-10A,
1000646,国内合规,算法备案号：网信算备440305173762702230015号,
9312514,悦享赛事,确定将签名提交审核？,
9312515,悦享赛事,请写下你的赛事签名......,
9312516,悦享赛事,请随机你的赛事签名,
9312517,悦享赛事,确定提交该签名?,
9312518,悦享赛事,确定提交,
9312519,悦享赛事,该用户还没有设置签名哦,
18000,悦享卡飞行棋,飞行棋,
18001,悦享卡飞行棋,获取骰子,
18002,悦享卡飞行棋,幸运奖池,
18003,悦享卡飞行棋,圈数奖励,
18004,悦享卡飞行棋,完成第%d圈奖励,
18005,悦享卡飞行棋,迷你豆兑换,
18006,悦享卡飞行棋,迷你币兑换,
18007,悦享卡飞行棋,悦享积分兑换,
18008,悦享卡飞行棋,每邀请1位好友玩飞行棋可得[color=#994B28](%d/%d)[/color],
18009,悦享卡飞行棋,满级开放,
18010,悦享卡飞行棋,限购[color=#FF0000]%d[/color]次,
18011,悦享卡飞行棋,[color=#5CCCB6]%s[/color] 邀请你参与悦享幸运飞行棋,有机会领取以下奖励哦！
18012,悦享卡飞行棋,摇骰子次数不够,
18013,悦享卡飞行棋,恭喜获得直达格奖励,
18014,悦享卡飞行棋,第%d圈,
18015,悦享卡飞行棋,已抽中,
18016,悦享卡飞行棋,所需货币不足,
18017,悦享卡飞行棋,限购次数为0,
18018,悦享卡飞行棋,你有[color=#994B28][size=24]1张悦享任务券[/size][/color]尚未使用，是否对这个任务进行使用,
18019,悦享卡飞行棋,"幸运奖池玩法：
1.有问号的棋格为幸运格，当走至幸运格上时即触发幸运奖池的抽取。
2.走至幸运奖池每次可抽取到一个奖励，已抽到的奖励不能被重复抽取，因此每次走至幸运格将会随机必得其他未抽中的奖励，直到抽完所有奖励。
3.抽完所有幸运奖池内奖励后则抽奖结束，走至幸运格无法再触发幸运抽奖。",
18020,悦享卡飞行棋,#cfa7a0f@1#n 邀请你参与悦享卡飞行棋,
18021,悦享卡飞行棋,"1.投掷的骰子步数纯随机，投掷出来的数均为1/6的概率
2.圈数奖励不是必得，圈数奖励根据骰子行走的最终步数获得",
18022,悦享卡飞行棋,圈数奖励说明,
9312800,移动兑换,高级礼券,
172900,新版商店,限售,
172901,新版仓库,体验,
9312520,悦享赛事,修改太频繁，请稍后重试,
9320000,虚空之夜活动,保留9320000-9320100,
9320001,虚空之夜活动,虚空币,
9320002,虚空之夜活动,成功领取,
9320003,虚空之夜活动,虚空币，仅可用于活动内兑换奖励,
9320004,虚空之夜活动,战斗升级,
9320005,虚空之夜活动,万物变异,
9320006,虚空之夜活动,虚空侵袭,
9320007,虚空之夜活动,> 点击任意弹窗外位置关闭 <,
9320008,虚空之夜活动,房间人数已满，请选择其他房间,
9320009,虚空之夜活动,全新冒险,
9320010,虚空之夜活动,冒险存档,
9320011,虚空之夜活动,多人游戏,
9320012,虚空之夜活动,暂无冒险存档,
9320013,虚空之夜活动,快速体验>,
9320014,虚空之夜活动,暂无可加入的冒险地图房间，\n自己创建一个吧!,
19000,瓜分迷你币,每收集一张福卡抽到迷你币的概率增加%d%%（最高提升到70%%）,
19001,瓜分迷你币,瓜分成功,
19002,瓜分迷你币,您未收集到福卡，不能参与瓜分大奖。,
19003,瓜分迷你币,完成前置任务，次日才能开启后置任务,
19004,瓜分迷你币,开奖倒计时：%d小时%d分%d秒,
19005,瓜分迷你币,第%d天,
19006,瓜分迷你币,恭喜%s抽中了%s,
19007,瓜分迷你币,本轮抽奖已结束！,
20001,个人中心,开启[color=#ff8a18]自定义头像[/color]功能点击头像进行修改,
1112516,聚合,迷你号@1因渠道限制登录失败，请前往@2下载迷你世界或创建新号进入游戏！,
1112517,聚合,完善账号信息，可用于账号找回，保障你的账号安全。可用来登录的信息无法直接解绑，如需解绑，使用,
1112518,聚合,@1未绑定迷你号，请选择绑定已有迷你号或者创建新迷你号！！！,
1112519,聚合,注销提交成功，[color=#FF0000]注销提交@1后将删除该账号的所有数据[/color]。请注意，在此期间，若使用该迷你号登录迷你世界，则视为您撤销该迷你号的注销申请。,
1112520,聚合,@1月,
1112521,聚合,@1年,
1112522,聚合,为了保证账号安全，需收集您的姓名及身份证号用于账号注销验证：,
1112523,聚合,尾号为@1,
1112524,聚合,为了保证账号安全，请完成@1的@2验证：,
1112525,聚合,账号恢复,
1112526,聚合,为了账号安全，[color=#ff9a36]请完成@1的@2验证[/color]，请注意，完成验证后将撤销账号注销，恢复正常使用。,
1112527,聚合,为了账号安全，[color=#ff9a36]需收集您的姓名及身份证号用于账号验证[/color]，请注意，完成验证后将撤销账号注销，恢复正常使用。,
1112528,聚合,为了账号安全，[color=#ff9a36]请完成账号绑定信息验证[/color]，请注意，完成验证后将撤销账号注销，恢复正常使用。,
1112529,聚合,该迷你号于[color=#ff9a36]@1[/color]提交注销。若要继续登录将撤销对该迷你号的注销。,
1112530,聚合,继续登录,
1112531,聚合,登录已过期，请重新登录，如忘记密码可尝试使用下方找回账号功能或联系客服,
1112532,聚合,你的账号被封禁至@1，如有疑问可联系迷你世界客服咨询。,
1112533,聚合,该手机号未绑定迷你账号，继续找回其他账号，还是使用该手机号登录进入游戏。,
1112534,聚合,继续找回,
1112535,聚合,开头为@1,
1112536,聚合,使用该手机号登录,
1112537,聚合,该手机号上次登录过@1，但未绑定迷你号，是继续尝试其他方式找回号还是使用该手机号注册迷你号进入游戏?,
1112538,聚合,上次登录应用,
1112539,聚合,未绑定迷你号,
1112540,聚合,该手机号上次登录过@1，但未绑定迷你号，可以使用该手机号登录并创建迷你号进入游戏。,
1112541,聚合,受到迷你守护监管，您即将在@1后停止游戏，请及时保存游戏进度！,
1112542,聚合,您可前往《迷你守护》小程序进行了解,
1112543,聚合,请输入完整@1,
1112544,聚合,请输入@1的新密码：,
1112545,聚合,请输入@1的新密码，并设置自定义帐号名，更方便记住：,
1112546,聚合,后续可使用帐号名+密码的方式登录并创建迷你号进入游戏，请注意账号信息保密，谨防密码泄露。,
1112547,聚合,后续可使用迷你号+密码或帐号名+密码的方式登录，请注意账号信息保密，谨防密码泄露。,
1112548,聚合,后续可使用迷你号+密码的方式登录，请注意账号信息保密，谨防密码泄露。,
1112549,聚合,登录认证失败，请重新登录。如遇无法登录情况可以进行账号找回或联系人工客服求助。,
1112550,聚合,账号与渠道绑定，不支持删除,
1112551,聚合,账号未设置密码，不支持删除,
1112552,聚合,账号所在目录无读写权限，不支持删除,
1112553,聚合,请输入要找回密码的迷你号/账号,
1112554,聚合,使用手机等其他方式找回账号,
1112555,聚合,迷你号@1绑定了@2尾号的手机，请先完成验证：,
1112556,聚合,迷你号@1绑定了@2邮箱，请先完成验证：,
1112557,聚合,迷你号@1未绑定任何信息，请使用账号申诉找回账号,
1112558,聚合,账号@1绑定了@2尾号的手机，请先完成验证：,
1112559,聚合,账号@1绑定了@2邮箱，请先完成验证：,
1112560,聚合,账号@1未绑定任何信息，请使用账号申诉找回账号,
1112561,聚合,华为账号,
1112562,聚合,通过解绑华为账号，重启迷你世界可以重新唤起华为账号登录-转移原华为渠道包的账号资产，完整继承之前的游戏进度,
1112563,聚合,解绑成功后将为你重启迷你世界，可以重新使用华为账号登录，是否确认解绑?,
1112564,聚合,您输入的账号查询失败，请重新输入正确的账号或联系人工客服找回！,
1112565,聚合,输入的手机号不正确,
1112566,聚合,验证次数达到上限,
1112567,聚合,上传日志并联系客服,
1112568,聚合,"是否同意上传游戏日志？
确认后，系统将查询本地文件并上传",
1112569,聚合,上传人数较多，请稍后重试，若遇到无法登陆问题可联系客服,
1112570,聚合,上次次数过多，请明天再试,
1112571,聚合,日志编号,
1112572,聚合,日志上传,
1112573,聚合,游戏停服维护中，暂时无法登录，停服详情可查看停服公告！,
1112574,聚合,停服公告,
1112575,聚合,请输入@1的@2,
1112576,聚合,验证成功！,
1112577,聚合,登录已过期，请使用华为账号重新登录！,
599500,实名认证,认证失败，请仔细核对证件！,
599501,实名认证,今天仅剩 @1 次认证机会，完成认证之前您将被纳入未成年防沉迷系统！,
599502,实名认证,实名验证中！,
599503,实名认证,人脸识别失败，请检查提交的信息并重新输入！,
599504,实名认证,该功能仅在迷你世界手机App中开放！,
599505,实名认证,迷你世界实名认证,
599506,实名认证,为每一位探险家提供阳光般的守护,
599507,实名认证,您的Windows系统版本需要升级，否则可能无法正常体验游戏，如有疑问可联系[color=#DDB981]<html><a href='1'>迷你世界客服</a></html>[/color]咨询。,
599508,实名认证,亲爱的冒险家，根据国家规定游戏前必须完成实名认证，未实名账号不能进行游戏，是否继续完成实名认证？,
600002,实名认证,亲爱的冒险家，根据国家游戏防沉迷规定，18岁以下的未成年人仅能在法定节日和每周五，周六，周日20:00-21:00玩游戏,
600003,实名认证,想探索更多创造的奥秘，可以#L#cfa7a0f前往《迷你星工场》#n，百款神秘地图，任你创作改编,
600004,实名认证,想与好友畅聊生活、学习建筑技巧、探索未知新世界，赶紧#L#cfa7a0f前往《迷你基地》#n，此刻快乐不限时！,
600005,实名认证,点击查看我的实名注册信息,
600006,实名认证,身份证号,
600007,实名认证,该身份今日验证次数达到上限！,
600008,实名认证,认证通过！,
600009,实名认证,您可以正常进行游戏啦！
9314000,动态,请选择至少一个抽奖条件,
9314001,动态,最多选@1个,
9314002,动态,请先取消奖品再重新设置中奖人数,
9314003,动态,单次中奖人数上限@1人,
9314004,动态,不可设置大于@1天的抽奖,
9314005,动态,单次抽奖金额上限@1迷你币,
9314006,动态,本周@1次抽奖次数已用光,
9314007,动态,请选择单份奖励的奖品额度！,
9314008,动态,中奖人数需与奖品份数相等，请先取消奖品,
9314009,动态,抽奖动态在开奖之前不支持删除。,
9314010,动态,确认添加,
9314011,动态,抽奖条件：,
9314012,动态,中奖人数错误,
9314013,动态,请添加奖品,
9314014,动态,截止时间要在当前时间的@1分钟后,
9314015,动态,超过单次抽奖金额上限,
9314016,动态,待开奖,
9314017,动态,   [color=#DDB981]<html><a href='1'>抽奖说明>></a></html>[/color],
9314018,动态,抽奖说明,
9314019,动态,"本次抽奖奖品：[color=#FA7A0F]@1[/color]
将在点击发布动态后，扣除账号[color=#FA7A0F]@2[/color]迷你币！",
9314020,动态,确认添加,
9314021,动态,奖池：@1@2*@3人,
9314022,动态,作者已修改可见权限，查看失败,
9314023,动态,中奖人数：,
9314024,动态,已报名：,
9314025,动态,已报名，请去完成抽奖条件,
9314026,动态,你已报名%s发布的抽奖活动，请完成动态要求的抽奖条件，才有可能中奖。,
9314027,动态,[color=#FD4C55]恭喜你，中奖了！[/color]奖品已经发放至仓库，请及时查收。,
9314028,动态,很抱歉，你未中奖。,
9314029,动态,你发起的抽奖活动已开奖，快来看看吧。,
9314030,动态,你的抽奖动态审核未通过，迷你币已退回账号。,
9314031,动态,你的活动已开奖，因符合条件的人数不足，奖品对应迷你币退回账号。,
9314032,动态,评论了你的动态 “@1”,
9314033,动态,回复了你的评论 “@1”,
9314034,动态,在动态@了你,
9314035,动态,在评论@了你,
9314036,动态,动态互动,
9314037,动态,@我,
9314038,动态,动态转赞评数据,
9314039,动态,点击报名,
9314040,动态,点击报名后完成全部条件可自动参与抽奖！,
9314041,动态,碎片自选礼包,
9314042,动态,中奖人数：@1人,
9314043,动态,参与条件：@1,
9314044,动态,开奖时间：@1年@2月@3日 @4:@5,
9314045,动态,开奖状态：[color=#7BBE3A]已开奖[/color],
9314046,动态,开奖状态：[color=#DD992E]待开奖[/color],
9314047,动态,参与条件完成进度,
9314048,动态,查看抽奖动态,
9314049,动态,去完成,
9314050,动态,未报名,
9314051,动态,查看,
9314052,动态,请先选择地图,
9314053,动态,抽奖需公开，请先设置抽奖动态为所有人可见。,
9314054,动态,已报名,
9314055,动态,暂不满足使用条件：账号注册时间需＞@1天,
9314056,动态,检测到账号存在安全风险，暂无法使用抽奖功能。,
9314057,动态,暂不满足使用条件：单月抽奖总金额需＜@1迷你币,
9314058,动态,暂不满足使用条件：单月抽奖发起次数已超过@1次,
9314059,动态,抽奖包含评论条件，请前往个人中心-设置打开动态的所有人回复权限。,
9314060,动态,保存图片需要授权相册访问权限，请到个人中心-设置开启。,
9314061,动态,开发者者地图累计玩家少于1000人。,
9314062,动态,需要使用到存储权限，用来保存文件到本地,
9314063,动态,保存到桌面,
9314064,动态,保存到相册,
9314065,动态,抽奖活动详情,
9314066,动态,添加条件(@1),
9314067,动态,抽奖动态需要公开所有人可见,
9314068,动态,抽奖含动态评论条件，禁止关闭评论权限,
9314069,动态,刚刚发布了一条@你的动态,
9314070,动态,抽奖含动态评论条件，未开奖,
9314071,动态,"评论内容大于400字,无法发送",
9314072,动态,选择话题数量不能超过@1个,
9314073,动态,@1详情[color=#719FD8](进行中)[/color],
9314074,动态,@1详情[color=#646464](已结束)[/color],
9314075,动态,抽奖,
9314076,动态,投票,
9314077,动态,[color=#F96888]好评[/color],
9314078,动态,[color=#514E45]差评[/color],
9314079,动态,文本内含不可用词汇，请删除后重试！,
9314080,动态,时尚无界，搭配有道！,
9314081,动态,展现你的搭配天赋，让每一件单品在你的巧手下焕发生机！,
9314082,动态,动态搭配活动火热进行中,
9314083,动态,已开奖,
9314084,动态,未开奖,
9314085,动态,选择分类，找到同好,
9314086,动态,内容分类,
9314087,动态,已选分类,
9314088,动态,（推荐和关注不支持更改，其余分类可拖动改变顺序）,
9314089,动态,可选分类,
9314090,动态,等待冒险家投稿动态内容~,
9314091,动态,不属于以上分类,
9314092,动态,发讨论,
9314093,动态,讨论量,
9314094,动态,互动量,
9314095,动态,你已添加@1，@2功能不能同时使用,
9314096,动态,确认删除已编辑好的@1组件吗？,
9314097,动态,部分可见,
9314098,动态,个人主页隐藏,
9314099,动态,是否要保存草稿？,
9314100,动态,是否要覆盖最早一条草稿\n,
9314101,动态,你已经编辑了动态内容，是否要保存草稿?,
9314102,动态,草稿箱,
9314103,动态,草稿箱(@1/@2),
9314104,动态,草稿在应用卸载时会被删除，请及时发布,
9314105,动态,上传@1大小超过限制，请控制在@2以内,
9314106,动态,是否确认删除该动态！,
9314107,动态,动态已设置隐藏，并取消了置顶！,
9314108,动态,输入问题，请以问号结尾,
9314109,动态,添加问题描述(请勿发布违规内容，禁止传播诱导类信息和社交软件相关信息,
9314110,动态,已输入问题，确认要取消问答并清空内容吗？,
9314111,动态,邀请回答,
9314112,动态,还没有回答，静待大牛出现,
9314113,动态,回答,
9314114,动态,存草稿,
9314115,动态,仅好友粉丝可见,
9314116,动态,推荐回答,
9314117,动态,提问：@1,
9314118,动态,写回答,
9314119,动态,设为最佳,
9314120,动态,最佳回答,
9314121,动态,取消最佳,
9314122,动态,邀请你回答,
9314123,动态,回答了你的问题：@1,
9314124,动态,你的回答,
9314125,动态,被设为最佳,
9314126,动态,更换封面,
9314127,动态,共@1条回答,
9314128,动态,草稿保存成功！,
9314129,动态,邀请已发出！,
9314130,动态,全部公开,
9314131,动态,是否确认删除草稿？,
9314132,动态,回答问题需要全部公开,
9314133,动态,原@1已@2,
9314134,动态,@1@@2,
9314135,动态,转发,
9314136,动态,仅预览,
9314137,动态,动态问答消息,
9314138,动态,是否确认添加@1，将替换已选择的@2,
9314139,动态,视频封面截取失败，请更换视频或者重新选择视频,
9314140,动态,上传失败，请检查上传文件@1！,
9314141,动态,添加本地图片,
9314142,动态,选择图片,
9314143,动态,（未上云的相片将会在动态发布时同步上传云端）,
9314144,动态,选择模板,
9314145,动态,（未上云的模板将会在动态发布时同步上传云端）,
9314146,动态,拍摄模板(拍同款),
9314147,动态,图片数量已达上限,
700001,个性化动作,已选中目标玩家,
700002,个性化动作,其他玩家正在发起邀请，请稍后再试,
700003,个性化动作,需点击其他玩家才能发起互动动作！,
700004,个性化动作,接受方位置发生移动！,
700005,个性化动作,对方当前状态无法接受邀请！,
700006,个性化动作,等待对方响应中,
700007,个性化动作,正在播放互动动作，请稍后再试,
700008,个性化动作,对方移动超出播放范围，动作邀请取消,
700009,个性化动作,已到达常用动作设置上限！,
700010,个性化动作,最少设置数量为1,
700011,个性化动作,地图内变身动作,
700012,个性化动作,暂未获取多人动作，请前往商城购买,
700013,个性化动作,检索无结果,
700014,个性化动作,邀请你一起播放@1,
700015,个性化动作,邀请[color=#45B7D8]@1[/color]播放[color=#DD992E]@2[/color],
700016,个性化动作,@1s后自动取消,
700017,个性化动作,@1秒后才能发起邀请,
700018,个性化动作,您尚未拥有[color=#45B7D8]@1[/color]正在播放的[color=#DD992E]@2[/color]，因此无法参与该动作播放，是否前往获取?,
700019,个性化动作,当前玩家状态无法播放动作,
700020,个性化动作,当前地图不支持播放多人互动动作,
700021,个性化动作,个人中心设置为多人时才可以使用多人动作哦,
700022,个性化动作,个人中心展示的另一位玩家外观不满足动作播放条件，需穿着@1,
700023,个性化动作,变身状态无法参与动作,
700024,个性化动作,在坐骑上无法参与动作,
700025,个性化动作,变身状态下无法播放互动动作,
700026,个性化动作,地图内无法切换默认动作,
700027,个性化动作,非坐骑状态才能发起互动动作,
700028,个性化动作,"暂未设置互动组合，
可在仓库-动作里设置",
700029,个性化动作,互动搭配槽位保存失败,
700030,个性化动作,快捷栏槽位保存失败,
172902,新版商店,赠送内容,
172903,新版商店,购买礼包其他内容即可获取,
174000,建筑工升职记,称号领取成功,
9310022,消息中心,作品互动,
9310023,消息中心,评论了你的作品：@1,
9310024,消息中心,赞了你的作品：@1,
9310025,消息中心,收藏了你的作品：@1,
9310026,消息中心,投块了你的作品：@1,
9310027,消息中心,是否确认清除全部未读消息？,
9310028,消息中心,动态抽奖消息,
9310029,消息中心,动态投票消息,
9310030,消息中心,动态助手,
9310031,消息中心,礼物消息,
9310032,消息中心,创作者助手,
9310033,消息中心,运营活动,
9310034,消息中心,回复的评论已被删除,
9310035,消息中心,创作者助手,
9310036,消息中心,一键已读,
9310037,消息中心,一键领取,
9310038,消息中心,删除已读,
9310039,消息中心,暂无消息,
9310040,消息中心,详情,
9310041,消息中心,立刻前往,
9310042,消息中心,查看原因,
9310043,消息中心,去查看,
9310044,消息中心,是否确认已读全部信息？,
9310045,消息中心,待领取,
9310046,消息中心,查看全文,
9310047,消息中心,主持人,
9310048,消息中心,请勿发布违规内容，禁止传播诱导类信息和社交软件等联系方式！,
9310049,消息中心,赞了你的模板：@1,
9310050,消息中心,收藏了你的模板：@1,
141030,跨图传送功能,宇宙,
141031,跨图传送功能,未知宇宙,
141032,跨图传送功能,未知,
141033,跨图传送功能,[size=28]宇宙穿越[/size]\n只要在冒险存档内将星站升级到二级星站，就可以实现游戏内传送到其它有建造二级星站的冒险地图上的功能。\n同时你可以使用【星链货运终端】实现跨地图的道具传送。\n（星链货运终端制作方式：[color=#DCA05D]星站能源碎片x2+钛合金x2[/color]）\n部分宇宙需要经过存档主同意或者输入房间密码才能降落以及使用货运终端。\n[color=#C82826]Tips：使用迷你云服开设冒险存档，房主不在线小伙伴们也能传送过来哦。\n \n[/color][size=28]宇宙传送列表[/size]\n可探索宇宙：展示当前所有允许降落在线并有建造二级传送舱的冒险玩法房间。\n到访过的宇宙：展示我曾经穿越过的冒险房间（历史100个记录）。,
141034,跨图传送功能,可探索的宇宙,
141035,跨图传送功能,历史访问宇宙,
141036,跨图传送功能,我的宇宙,
141037,跨图传送功能,房主不允许降落,
141038,跨图传送功能,设置他人通过二级星站降落权限。,
141039,跨图传送功能,设置他人使用宇宙传送的权限，不影响存档主的使用。,
141040,跨图传送功能,设置他人对星链货运终端的使用权限，不影响存档主的使用。,
141041,跨图传送功能,请耐心等待审核结果，方可再次修改简介信息,
141042,跨图传送功能,(审核中，审核通过自动生效),
141043,跨图传送功能,(审核通过),
141044,跨图传送功能,(审核不通过，该简介涉及@1内容，请重新填写),
141045,跨图传送功能,当前宇宙不在线，请访问其它宇宙,
141051,新版评论,累计游玩@1,
141200,收藏夹功能,收藏夹,
141201,收藏夹功能,我的收藏夹,
141202,收藏夹功能,个内容,
150001,个人中心V2,装扮皮肤,
150002,个人中心V2,装扮形象卡,
150003,个人中心V2,买同款,
150004,个人中心V2,还没有拍档,
150005,个人中心V2,前往添加,
150006,个人中心V2,该用户设置了隐私权限，不可查看,
150007,个人中心V2,未发布动态,
150008,个人中心V2,暂未解锁,
150009,个人中心V2,暂未收到礼物,
150010,个人中心V2,暂无拍档,
150011,个人中心V2,暂未获取,
150012,个人中心V2,总下载,
150013,个人中心V2,总游玩,
150014,个人中心V2,获赞,
150015,个人中心V2,暂时没有作品,
150016,个人中心V2,已收到的礼物:,
150017,个人中心V2,暂时没有收到礼物,
150018,个人中心V2,魅力值,
150019,个人中心V2,发布作品,
150020,个人中心V2,个性装扮,
150021,个人中心V2,暂未获得装扮,
150022,个人中心V2,获得新背景：@1背景！,
150023,个人中心V2,隐私权限,
150024,个人中心V2,装扮权限,
150025,个人中心V2,定制权限,
150026,个人中心V2,坐骑权限,
150027,个人中心V2,收藏列表,
150028,个人中心V2,收藏数量,
150029,个人中心V2,勋章列表,
150030,个人中心V2,头像框查看,
150031,个人中心V2,头像框数量,
150032,个人中心V2,武器权限,
150033,个人中心V2,称号列表,
150034,个人中心V2,称号数量,
150035,个人中心V2,礼物列表,
150036,个人中心V2,访客,
150037,个人中心V2,获赞量,
150038,个人中心V2,记录访客踪迹,
150039,个人中心V2,勋章数量,
150040,个人中心V2,设置了隐私权限不可见,
150041,个人中心V2,关闭后访问他人个人中心不会加入访客统计，但点赞会重新纳入统计,
150042,个人中心V2,魅力,
150043,个人中心V2,推荐语还在审核中，请审核结束后再进行修改,
150044,个人中心V2,迷你印迹,
150045,个人中心V2,%s张相片,
150046,个人中心V2,幻灯片,
150047,个人中心V2,平铺,
150048,个人中心V2,共%s个%s,
150049,个人中心V2,照片墙,
9314201,称号管理,通过悦享赛事解锁,
9314202,称号管理,需开通迷你大会员，使用自定义头像功能,
9314203,称号管理,该称号成就需先获取装扮,
9314204,称号管理,前往赛事,
9314205,称号管理,是否打开活动界面，前往解锁,
9314206,称号管理,获得新称号：@1！,
160001,迷你点商城,刷新时间：#c72F4D2@1#n,
150101,坐骑&宠物召唤,获得更多坐骑,
150102,坐骑&宠物召唤,获得更多宠物,
150103,坐骑&宠物召唤,冷却：@1s,
210001,表情包,【您收到一条动态表情，请升级到最新版本查看】,
210002,表情包,管理表情,
210003,表情包,添加表情,
210004,表情包,@1表情暂不支持此场景！,
210005,表情包,是否购买[color=#FA7A0F]@1[/color]表情包！,
210006,表情包,表情包限制期限已过，请前往添加获取！,
210007,表情包,@1表情包过期，请前往添加获取！,
210008,表情包,【动态表情】,
211000,表情包,预留210001 - 211000，请勿使用,
8000035,消息聊天,你的游戏版本较低，请更新游戏后查看,
150201,活动86,匹配PK对手,
150202,活动86,"排行榜匹配介绍:
①每日随机100人进行排行争夺
②与好友同时点击匹配，同榜单概率提高
③匹配中可以退出活动，系统后台继续进行匹配
④排行榜统计时间为匹配成功开始计算，匹配成功之前的钓鱼积分不统计",
150203,活动86,"是否确认匹配，无法中途取消匹配？退出活动
正常匹配，匹配成功开始统计积分！",
150204,活动86,"今日@1排行榜匹配成功!
从现在开始,个人击杀僵尸数量将记录到排行
榜统计范围内!请快去击杀僵尸冲榜吧",
150205,活动86,"每日首玩@1地图会自动开启@2日排行榜。
可在榜单查看和自己同时刻竟技的日排名。
今日已匹配成功!",
150206,活动86,"每日首玩@1地图会自动开启@2日排行榜。
目前处于匹配中，匹配成功开始计算击杀个
可在榜单查看和自己同时刻竞技的日排名。",
150207,活动86,排名已结束，@1排名赛5点开始,
150208,活动86,排行榜每5分钟刷新一次，奖励每天0点重置,
150209,活动86,击杀数,
150210,活动86,匹配时间,
150211,活动86,前往地图匹配,
150212,活动86,往期排名奖励,
150213,活动86,暂无积分,
150214,活动86,未参加,
150215,活动86,只统计匹配成功后的击杀个数,
150216,活动86,今日匹配已结束,
150217,活动86,共击杀,
150218,活动86,排名奖励预览,
150219,活动86,每日玩僵尸生存地图，击杀僵尸，获得排名奖励,
150220,活动86,查看历史成绩,
150221,活动86,匹配中…,
150222,活动86,来源(地图ID),
150223,活动86,暂未获得排期奖励,
150224,活动86,每日@1-@2点,
150225,活动86,无参与积分，无排行奖励,
150226,活动86,击杀个数统计时间,
152200,活动87与活动85,前往求生,
152201,活动87,任务暂未开启,
152210,活动87,基础奖励,
152211,活动87,悦享卡专属福利,
152212,活动87,当前任务为空,
152213,活动87,任务列表,
152214,活动87,累计战令经验：@1,
152401,礼物赠送,限时售卖,
152402,礼物赠送,仅在@1-@2期间限时售卖，购买时间结束后，未赠送完的礼物仍然可进行赠送,
152403,礼物赠送,不在售卖时间内,
152404,礼物赠送,不能赠送给自己,
152405,礼物赠送,#c0a7fef「@1」#n送给你#c0aaa1a@2*「@3」#n，魅力值#c0aaa1a+@4#n,
152410,活动94,解锁奖励：,
152411,活动94,恭喜获得关键词：@1,
152412,活动94,线索@1：@2,
152413,活动94,线索@1,
152414,活动94,点击解锁,
152415,活动94,@1月@2日解锁,
152421,活动99,下架倒计时：@1天@2小时,
152422,活动99,拥有@1件可领取,
152423,活动99,已拥有：@1/@2,
152424,活动99,折,
152425,活动99,刷新折扣,
152426,活动99,获取折扣,
152427,活动99,免费@1/@2,
152428,活动99,请先获取折扣后再购买！,
151001,活动中心-周周有惊喜,签到@1次,
151002,活动中心-周周有惊喜,邀请好友助力补签,
151003,活动中心-周周有惊喜,帮签奖励记录,
151004,活动中心-周周有惊喜,帮签奖励,
151005,活动中心-周周有惊喜,(过期周的签到奖励可通过邀请好友助力补签),
151006,活动中心-周周有惊喜,成功帮忙好友完成签到即可领取奖励,
151007,活动中心-周周有惊喜,好友帮签记录,
151008,活动中心-周周有惊喜,我正在参加[周周有惊喜]，请帮我助力补签免费领定制皮肤。完成助力你也可以领取助力奖励哟!,
151009,活动中心-周周有惊喜,查看活动,
151010,活动中心-周周有惊喜,助力补签,
151011,活动中心-周周有惊喜,助力成功,
151012,活动中心-周周有惊喜,好友已被其他好友助力成功!,
151013,活动中心-周周有惊喜,今日无助力补签次数!,
151014,活动中心-周周有惊喜,活动期间你已给此好友助力补签过!无法再次助力补签!,
151015,活动中心-周周有惊喜,助力失败,
151016,活动中心-周周有惊喜,可补签,
151017,活动中心-周周有惊喜,今日已补签,
151018,活动中心-周周有惊喜,邀请好友补签,
151019,活动中心-周周有惊喜,签到[color=#FFA658]4周[/color]兑换“天际巡航者”,
151021,活动中心-周周有惊喜,今日签到,
151022,活动中心-周周有惊喜,今日已签到,
151023,活动中心-周周有惊喜,每日可得[color=#27AF0C]@1/1[/color],
151024,活动中心-周周有惊喜,周周有惊喜，签到免费领“天际巡航者”,
151025,活动中心-周周有惊喜,自己无法助力自己！,
151026,活动中心-周周有惊喜,(@1开启补签机制),
151027,活动中心-周周有惊喜,暂无好友，请先添加好友再来助力吧,
151100,活动中心-59,饲料数量不足~,
152600,活动37,破土，冲突再起,
152601,活动37,第1步：了解前方战况,
152602,活动37,第2步：领取物资,
152603,活动37,第3步：领取装备,
152604,活动37,第4步：让我们一起出发！,
152605,活动37,前往战区,
152606,活动37,更多福利,
152250,活动89,限购1次,
152251,活动89,必得,
152252,活动89,赠送,
152253,活动89,1折,
152254,活动89,1元购买,
152255,活动89,已购买,
152256,活动89,参与召唤得限定外观,
152257,活动89,活动时间:,
152258,活动89,每日糖果,
152259,活动89,一元礼包,
152260,活动89,召唤记录,
152261,活动89,召唤[color=#FD98FF][size=28]9[/size][/color]次必得,
152262,活动89,每轮必得以下一项奖励,
152263,活动89,目前轮次：,
152264,活动89,每轮召唤所需消耗随轮次递增,
152265,活动89,参与召唤有几率,
152266,活动89,获得下轮召唤5折,
152267,活动89,下轮获得5折,
152268,活动89,几率翻倍,
152269,活动89,获得糖果,
152270,活动89,本轮召唤5折,
152271,活动89,已结束,
152272,活动89,召唤,
152273,活动89,获得糖果，下次召唤消耗5折,
152274,活动89,明天记得也来领取糖果祝福哦！,
152275,活动108,亲爱的冒险家，您已经拥有【@1】，将直接迈入金属变体环节！,
152276,活动108,已完成最终进化,
153001,地图详情,本内容由玩家自主设计，纯属虚构，无不良引导，切勿在现实生活中模仿,
153002,地图详情,声明,
154001,活动42,直减,
154002,活动42,原价购买,
154003,活动42,去做任务,
154004,活动42,"当前为原价！
[color=#994B28]做任务[/color]最高可[color=#994B28]减少@1迷你币[/color]！",
155001,活动97,全服@1称号奖励,
156001,好友模块升级,邀请新用户,
156002,好友模块升级,设置交友宣言,
156003,好友模块升级,只看在线,
156004,好友模块升级,在线好友@1/@2,
156005,好友模块升级,我的好友,
156006,好友模块升级,师徒,
156007,好友模块升级,好友默认排序,
156008,好友模块升级,默契度从高到低,
156009,好友模块升级,登录从近到远,
156010,好友模块升级,登录从远到近,
156011,好友模块升级,跟TA玩,
156012,好友模块升级,解除拍档,
156013,好友模块升级,是否取消解除申请,
156014,好友模块升级,是否确认申请解除拍档？确认后将向对方发送申请，7天内拍档同意后解除，如对方在规定时间未操作，则自动解除。,
156015,好友模块升级,删除好友会自动解除拍档关系，并清空亲密度，是否确认删除好友？,
156016,好友模块升级,您申请的解除拍档关系被拒绝了，是否立即强制解除拍档关系？,
156017,好友模块升级,立即解除,
156018,好友模块升级,重新申请,
156019,好友模块升级,想解除#cFA7A0F%s,
156020,好友模块升级,解除成功,
156021,好友模块升级,申请成功,
156022,好友模块升级,支持迷你号和昵称查找,
156023,好友模块升级,开发中,
156024,好友模块升级,搜索到@1个结果,
156025,好友模块升级,已撤回,
156026,好友模块升级,拒绝解除成功,
156027,好友模块升级,强制解除成功,
156028,好友模块升级,撤回强制解除成功,
156029,好友模块升级,想申请成为#cFA7A0F%s,
156030,好友模块升级,你的拍档关系【@1】已达到上限，无法建立,
156031,好友模块升级,对方已有@1，可尝试申请其他拍档类型,
156032,家族,家族,
156033,家族,仅家族可见,
156034,家族,已设@1,
156101,最佳拍档,获得基础关系图标，可在拍档、好友、个人中心等界面中查看,
156102,最佳拍档,获得基础关系称呼：闺蜜、兄弟、姐弟、兄妹、知己、挚友、最佳拍档,
156103,最佳拍档,进入好友所在的房间时，ta将收到专属播报通知，第一时间知道您的进房信息,
156104,最佳拍档,解锁更多关系称呼，详情可在拍档关系面板中进行查看和更换。,
156105,最佳拍档,个人中心可展示双人同框形象，可在个人中心设置装扮形象卡中设置,
156106,最佳拍档,解锁更多关系称呼，详情可在拍档关系面板中进行查看和更换。,
156107,最佳拍档,可在礼物系统赠送好友，增加默契度。与每位好友只能领取一次，转换关系和降级再升级均不可二次领取。,
156108,最佳拍档,关系图标升级，无需额外设置，可在拍档、好友、个人中心等界面中查看,
156109,最佳拍档,"一、默契度获得#L2#1. 每日获得默契度的值具有一个总上限20分，超过20分后不计入获得。
2. 与好友进行一起游玩游戏，每共同游玩3分钟双方各获得1分，每日双方获得上限为10分。
3. 与好友单独聊天，双方聊天条数达到2条时双方各获得1分（需要双方都有发消息，邀请与分享消息不计入），每日双方获得的上限为2分。
4. 与好友分享地图，好友间分享地图1次地图获得1分，每日双方获得的上限为2分。
5. 向好友赠送免费的小红花礼物，好友间互相赠送免费小红花礼物每赠送1次获得2分，每日上限为6分。
6. 赠送商城道具，根据好友间互赠的道具价值获得默契度，道具价值每满20迷你币获得1分，每日双方获得的上限为10分。#L1#二、最佳拍档#L2#1. 默契度达到100点时，您可以和好友申请建立挚友、知己、姐妹、兄弟、姐弟、兄妹、最佳拍档在内的拍档关系。
2. 一旦建立关系后，无法更改其他关系类型，除非解除此关系后重新申请建立。
3. 每位冒险家只能拥有一位最佳拍档，请谨慎选择。#L1#三、权益#L2#1. 建立亲密关系后提升亲密度达到一定值后可以获得对应的权益，等级越高解锁越多权益。
2. 权益会跟随关系的解除而消失。#L1#四、默契度扣除#L2#1. 解除关系不扣除默契度。
2. 删除好友双方默契度清零，关系解除。
3. 双方持续30天未互动，从31天开始每日降低默契度7分，建立关系的好友默契度最低会降到100分，未建立关系的好友默契度会降到0，直至重新互动。",
156110,最佳拍档,想申请变更#cFA7A0F%s#n为#cFA7A0F%s,
156111,最佳拍档,变更拍档关系冷却中，请@1后重试！,
156112,最佳拍档,拍档位人数已满，请先扩充拍档位,
156113,最佳拍档,你已发送过变更申请，请等待对方处理后再操作,
156114,最佳拍档,已存在变更申请，请进入申请列表完成处理,
156115,最佳拍档,新建立的拍档关系，7天后才允许变更，剩余@1,
156116,最佳拍档,拍档关系已被解除或申请有效期到期,
156117,最佳拍档,拍档位人数已满，无法变更关系,
156118,队伍聊天,温馨提示：共同维护健康游戏环境，请勿模仿游戏内任何虚拟行为。严禁制作违法、不良内容，违者将依法追究法律责任。,
156119,聊天,清空聊天记录,
156120,聊天,确定要删除与%s的聊天记录吗？,
156121,聊天,取消上线通知,
156209,赠礼大厅,赠礼大厅,
156210,赠礼大厅,*注册未满@1天，不能赠送礼物,
156211,赠礼大厅,*注册未满@1天，不能索要礼物,
156212,赠礼大厅,不可赠送,
156213,赠礼大厅,不可索要,
156214,赠礼大厅,赠送,
156215,赠礼大厅,谢谢TA,
156216,赠礼大厅,回个礼,
156217,赠礼大厅,感谢你赠送的礼物：@1,
156218,赠礼大厅,"我已经收到你赠送的礼物：@1
祝福你：@2",
156219,赠礼大厅,索要,
156220,赠礼大厅,礼物已通过邮件赠送给@1等@2名玩家，邮件可能存在延迟，可提醒好友重新登录后查收,
156221,赠礼大厅,礼物已通过邮件赠送给@1，邮件可能存在延迟，可提醒好友重新登录后查收,
156222,赠礼大厅,您的索要申请已成功发给@1等@2名玩家，邮件可能存在延迟，可提醒好友重新登录后查收,
156223,赠礼大厅,您的索要申请已成功发给@1，邮件可能存在延迟，可提醒好友重新登录后查收,
156224,赠礼大厅,已选@1人,
156225,赠礼大厅,您将花费#c0aaa1a迷你币X@1#n来购买#cfa7a0f@2#n@3份，请确认。#r（适度娱乐理性消费）,
156226,赠礼大厅-赠送祝福语,愿快乐与你相伴,
156227,赠礼大厅-赠送祝福语,天天有惊喜，快乐无边,
156228,赠礼大厅-赠送祝福语,运气爆表，事事顺心,
156229,赠礼大厅-索要祝福语,你的礼物会成为最美的回忆，有一个@1就更好了,
156230,赠礼大厅-索要祝福语,一直有一个心愿希望能实现，想要一个@1,
156231,赠礼大厅-索要祝福语,今天是很重要的一天，希望能有一个@1来纪念,
156232,赠礼大厅,#cfa7a0f@1#n #c0aaa1a@2x@3#n@4份#r,
156233,赠礼大厅,您将花费#c0aaa1a@1×@2#n来购买#cfa7a0f@3#n@4份，请确认。#r（适度娱乐理性消费）,
156234,赠礼大厅,"充值赠送、藏品集市、抢红包获得的迷你币不能用于%s。当前可用于%s的迷你币余额 : 
[color=#FA7A0F]%s[/color]",
156235,赠礼大厅,发红包,
156241,首充引导,点击主界面头像可以进入个人中心，个人中心会展示荣誉进度,
156242,首充引导,追光计划会收集主题装扮，达成收集进度可以获得超多奖励,
156243,首充引导,限时优惠,
157001,版本情报,更新报告单,
157002,版本情报,了解,
161001,迷你赛季,领取见面礼,
161002,迷你赛季,了解迷你季,
161003,迷你赛季,完成以下任务即可立马开启迷你季,
161004,迷你赛季,回流玩家参加迷你季有额外加成哟！,
161005,迷你赛季,待开启,
161006,迷你赛季,解锁赛季,
161007,迷你赛季,玩法上新,
161008,迷你赛季,了解迷你季,
161009,迷你赛季,完成回流指引任务后解锁迷你赛季,
161010,迷你赛季,完成新手引导任务后解锁迷你赛季,
161011,迷你赛季,迷你赛季首页引导,
161012,迷你赛季,完成新手福利，即可领取1套永久个性装扮,
161013,迷你赛季,To冒险者:,
161014,迷你赛季,"感恩我们再次相逢,在你离开的时间里,游戏又发生了不少变化,准备好一起开启
全新冒险了吗?
领下这份【回归见面礼】,我们立即启程!",
161015,迷你赛季,前往迷你手册,
162000,排行榜系统,预留162001-162999,
162001,排行榜系统,迷你排行榜,
162002,排行榜系统,总榜,
162003,排行榜系统,点击跳转至@1,
162004,排行榜系统,第@1名 @2,
162005,排行榜系统,截图失败,
162006,排行榜系统,把排行榜分享到,
162007,排行榜系统,@1第@2名,
162008,排行榜系统,集结全「迷你世界」的优质内容、家族、创作者！综合数据公正排行——无论你是内容作者还是团队领袖，这里都是展示实力的舞台！榜单动态刷新，快来用实力冲击榜首，让你的内容、你的名字闪耀全服巅峰！冲榜热潮已开启，下一个全平台之星就是你！,
162009,排行榜系统,排名提升@1名,
162010,排行榜系统,排行榜系统配置拉取失败,
162011,排行榜系统,排行榜系统暂未开启,
162012,排行榜系统,更新过,
162999,排行榜系统,预留162001-162999,
163000,地图发布,你是否要删除此截图?,
163001,地图发布,你是否要删除此加载图?,
163002,地图发布,加载页,
163003,作品发布,请输入介绍，丰富详细的作品介绍，更容易吸引玩家游玩哦~,
163004,联机房间-原招募大厅,更新状态,
163005,联机房间-原招募大厅,沙盒房,
163006,联机房间-原招募大厅,联机房,
163007,联机房间-原招募大厅,服务器,
163008,联机房间-原招募大厅,这里是联机房间，发现已经创建得沙盒房间、队伍、服务器,
163009,联机房间-原招募大厅,原[color=#62C7FF]迷你小镇[/color]，可在游戏库或者联机大厅studio专区继续体验,
163010,联机房间-原招募大厅,沙盒联机,
163011,联机房间-原招募大厅,当前地图未审核，无法招募，需先上传地图,
163012,联机房间-原招募大厅,上传审核,
163013,联机房间-原招募大厅,已完成房间招募，小伙伴们马上就来咯,
163014,联机房间-原招募大厅,地图上传失败，可能地图太大或网络原因，建议更换其他地图发起招募,
163015,联机房间-原招募大厅,创建沙盒房间,
163016,联机房间-原招募大厅,创建服务器,
163017,联机房间-原招募大厅,新冒险地图,
163018,联机房间-原招募大厅,仅支持沙盒地图,
163019,联机房间-原招募大厅,已完成房间招募，小伙伴们马上就来咯,
163020,联机房间-原招募大厅,地图上传失败，可能地图太大或网络原因，建议更换其他地图发起招募,
163021,联机房间-原招募大厅,联机房间,
163022,联机房间-原招募大厅,新冒险,
163023,联机房间-原招募大厅,新创造,
163024,联机房间-原招募大厅,确定离开队伍吗?,
163025,联机房间-原招募大厅,若是临时有事，可最小化队伍场景回到首页。确定离开队伍吗？,
163026,联机房间-原招募大厅,离开后队长将转移或解散队伍。,
163027,联机房间-原招募大厅,离开队伍,
163028,联机房间-原招募大厅,最小化,
163029,联机房间-原招募大厅,留下,
163030,联机房间-原招募大厅,你已准备，队长很快会开始游戏，是否取消准备并最小化队伍界面?,
163031,联机房间-原招募大厅,当前不在地图中，无法发送位置信息,
163032,联机房间-原招募大厅,组队界面暂不支持播放双人动作,
163033,联机房间-原招募大厅,你不是队长，无法执行此操作,
163034,联机房间-原招募大厅,%s的麦克风已被队长禁用,
163035,联机房间-原招募大厅,队长禁言了%s,
163036,联机房间-原招募大厅,%s的麦克风已被队长解禁,
163037,联机房间-原招募大厅,队长解除了%s的禁言,
163038,联机房间-原招募大厅,你的麦克风已被队长禁用,
163039,联机房间-原招募大厅,你已被队长禁用了组队聊天,
163040,联机房间-原招募大厅,你的麦克风已被队长禁用,
163041,联机房间-原招募大厅,你的麦克风已被队长解禁,
163042,联机房间-原招募大厅,队长禁用了你的队伍聊天功能,
163043,联机房间-原招募大厅,队长解除了你的队伍聊天功能禁用,
163044,联机房间-原招募大厅,已通知队友回来准备,
163045,联机房间-原招募大厅,其他队员正在语音沟通，打开麦克风与队员一起畅快聊天吧,
163046,联机房间-原招募大厅,其他队员正在语音沟通，打开外放听听他们在聊什么吧,
163047,联机房间-原招募大厅,队长,
163048,联机房间-原招募大厅,当前队伍人数大于地图人数限制,
163049,联机房间-原招募大厅,当前队伍人数大于要设置的人数上限,
163050,联机房间-原招募大厅,队长退出了房间,
163051,联机房间-原招募大厅,队伍已创建成功，点击队伍方块进入组队界面,
163052,联机房间-原招募大厅,队员已全部准备好了,
163053,联机房间-原招募大厅,是否确认禁用该玩家麦克风？,
163054,联机房间-原招募大厅,当有队员未准备时，可使用召集功能,
163055,联机房间-原招募大厅,队伍房间创建失败，请换个地图或者重新尝试,
163056,联机房间-原招募大厅,该队伍已解散,
163057,联机房间-原招募大厅,该队伍已被队长转为私密队伍,
163058,联机房间-原招募大厅,正在创建房间，请稍后再试,
163059,联机房间-实时语音,仅组队和语音房可进行设置,
164001,新拍照系统,拍照打卡
164002,新拍照系统,内容分享至聊天需要先上传云端，是否上传？,
164003,新拍照系统,上传模版,
164004,MultimediaAlbum,创建失败,
164005,MultimediaAlbum,编辑失败,
164006,MultimediaAlbum,收藏数量超过最大限制，无法收藏,
164007,MultimediaAlbum,取消收藏失败,
164008,MultimediaAlbum,点赞失败,
164009,MultimediaAlbum,取消点赞失败,
164010,MultimediaAlbum,账号已切换，上传已中断,
164011,MultimediaAlbum,媒体数据不存在,
164012,MultimediaAlbum,当前仅支持照片和模板上传,
164013,MultimediaAlbum,文件已经在云端，无需上传,
164014,MultimediaAlbum,云端数据未初始化完成，请稍后再试,
164015,MultimediaAlbum,有文件正在上传，请稍后再试,
164016,MultimediaAlbum,创建上传文件失败,
164017,MultimediaAlbum,上传失败，请稍后再试,
164018,MultimediaAlbum,添加到个人中心成功,
164019,MultimediaAlbum,添加到个人中心失败,
164020,MultimediaAlbum,从个人中心移除成功,
164021,MultimediaAlbum,从个人中心移除失败,
164022,MultimediaAlbum,置顶失败,
164023,MultimediaAlbum,取消置顶失败,
164024,MultimediaAlbum,已上云数量:,
164025,MultimediaAlbum,是否确认将%s从云端下架？,
164026,MultimediaAlbum,"<p class=""ql-align-center"">[color=#ffa500]选中%s张%s[/color]</p>",
164027,MultimediaAlbum,是否将%s上传到云端,
164028,MultimediaAlbum,%s将从本地&云端中删除，删除后将无法恢复，是否确认删除？,
164029,MultimediaAlbum,是否从个人中心移除？,
164030,MultimediaAlbum,是否设置到个人中心展示？,
164031,MultimediaAlbum,下架云端,
164032,MultimediaAlbum,上传云端,
164033,MultimediaAlbum,移出个人中心,
164034,MultimediaAlbum,个人中心展示,
164035,MultimediaAlbum,云端容量已达极限，请清理上云内容后再重新上传,
164036,MultimediaAlbum,收藏数量已达上限,
164037,MultimediaAlbum,当前模板没有穿搭数据,
164038,MultimediaAlbum,正在下架...,
164039,MultimediaAlbum,"下架完毕，总数: %d, 成功: %d",
164040,MultimediaAlbum,下架成功,
164041,MultimediaAlbum,正在删除...,
164042,MultimediaAlbum,"删除完毕，总数: %d, 成功: %d",
164043,MultimediaAlbum,正在上传...,
164044,MultimediaAlbum,"上传完毕，总数: %d, 成功: %d",
164045,MultimediaAlbum,"%s
%d个媒体需要上传，是否上传？",
164046,MultimediaAlbum," 第%d个, %.2f%%",
164047,MultimediaAlbum,新建模板,
164048,MultimediaAlbum,编辑模板,
164049,MultimediaAlbum,介绍字数超过限制,
164050,MultimediaAlbum,模板编辑成功,
164051,MultimediaAlbum,模板创建成功,
164052,MultimediaAlbum,我同意[color=#fa7a0f][url=]用户协议[/url][/color]与[color=#fa7a0f][url=]内容发布须知[/url][/color],
164053,MultimediaAlbum,*封面尺寸%sx%s,
164054,MultimediaAlbum,是否设置为置顶？,
164055,MultimediaAlbum,是否取消置顶？,
164056,MultimediaAlbum,批量分享，待开发,
164057,MultimediaAlbum,创建模板,
164058,MultimediaAlbum,编辑封面,
164059,MultimediaAlbum,游戏模型,
164060,MultimediaAlbum,展示状态,
164061,MultimediaAlbum,再拍一个,
164062,MultimediaAlbum,拍摄时间倒序排列,
164063,MultimediaAlbum,拍摄时间正序排列,
164064,MultimediaAlbum,筛选-云相片,
164065,MultimediaAlbum,筛选-本地相片,
164066,MultimediaAlbum,创建当前镜头模板,
164067,MultimediaAlbum,前往相册选择,
164068,MultimediaAlbum,我的相册,
164069,CameraTemplatesInGameFrame,换同款,
164070,CameraTemplatesInGameFrame,前往打卡,
164071,CameraTemplatesInGameFrame,自制,
164072,CameraTemplatesInGameFrame,拍照,
164073,MultimediaAlbum,当前资源未上云，无法更新云数据,
164074,MultimediaAlbum,不是自制模板无法创建模板,
164075,MultimediaAlbum,不是自己的模板资源，无法创建模板,
164076,MultimediaAlbum,相片创建模板,
164077,MultimediaAlbum,视频创建模板,
164078,MultimediaAlbum,只展示可创建模板的相片，使用模板或已创建模板的相片不在此展示,
164079,MultimediaAlbum,只展示可创建模板的视频，使用模板或已创建模板的视频不在此展示,
164080,MultimediaAlbum,"购买的道具id:%d:{消耗货币类型:%d,消耗币数量:%d},",
164081,MultimediaAlbum,购买%s定制部件需要先获得%s,
164082,MultimediaAlbum,"购买的道具id:%d:{消耗货币类型:%d,是否使用使用优惠券:%d,消耗币数量:%d},",
164083,MultimediaAlbum,碎片不足，推荐迷你币购买,
164084,MultimediaAlbum,错误码,
164085,MultimediaAlbum,"未拥有原始装扮,无法购买",
164086,MultimediaAlbum,"其他途径获取,无法购买",
164087,MultimediaAlbum,%s定制部件,
164088,MultimediaAlbum,"碎片充足（%d/%d）, 建议单独结算",
164089,MultimediaAlbum,碎片购买,
164090,MultimediaAlbum,不使用优惠券,
164091,MultimediaAlbum,上云成功,
164092,MultimediaAlbum,上云失败,
164093,MultimediaAlbum,更新云端数据失败,
164094,MultimediaAlbum,下架云端数据失败,
164095,MultimediaAlbum,确认选择,
164096,MultimediaAlbum,模板管理,
164097,MultimediaAlbum,拍照模板,
164098,MultimediaAlbum,视频模板,
164099,MultimediaAlbum,批量删除,
164100,MultimediaAlbum,使用同款模板,
164101,MultimediaAlbum,拍摄地,
164102,MultimediaAlbum,拍摄装扮,
164103,MultimediaAlbum,模板详情,
164104,MultimediaAlbum,%s人使用过,
164105,MultimediaAlbum,审核中无法从云端删除,
164106,MultimediaAlbum,从云端下载失败,
164107,MultimediaAlbum,审核中,
164108,MultimediaAlbum,审核通过,
164109,MultimediaAlbum,审核未通过,
164110,MultimediaAlbum,已封禁,
164111,MultimediaAlbum,相片,
164112,MultimediaAlbum,视频,
164113,MultimediaAlbum,模板,
164114,MultimediaAlbum,正在使用模板,
164115,MultimediaAlbum,模板加载中,
164116,MultimediaAlbum,模板加载失败,
164117,MultimediaAlbum,模板正在加载中，请稍后再试...,
164118,MultimediaAlbum,当前模板未保存拍摄地点数据,
164119,MultimediaAlbum,该模板是在%s进行拍摄的，您是否也想到同一场景进行拍摄?,
164120,MultimediaAlbum,直接拍摄,
164121,MultimediaAlbum,确认前往,
164122,MultimediaAlbum,跳转到其他地图,
164123,MultimediaAlbum,拍摄地图未公开发布，无法前往拍摄,
164124,MultimediaAlbum,当前地图作者不允许玩家直接到打卡点，请自行前往,
164125,MultimediaAlbum,拍同款模板包含(%s件)物品,
164126,MultimediaAlbum,只换已拥有,
164127,MultimediaAlbum,一键使用模板,
164128,MultimediaAlbum,模板添加到收藏列表，请到相机我的列表进行查看,
164129,MultimediaAlbum,模板添加到收藏列表，正在进入地图,
164130,MultimediaAlbum,已下架,
164131,MultimediaAlbum,拍摄于,
164132,MultimediaAlbum,已展示,
164133,MultimediaAlbum,已上云,
164134,MultimediaAlbum,容量情况,
164135,MultimediaAlbum,官方模板,
164136,MultimediaAlbum,内容设置到个人中心需要先上传云端，是否上传？,
164137,MultimediaAlbum,内容发布动态需要先上传云端，是否上传？,
164138,MultimediaAlbum,已选择%s张%s,
164139,MultimediaAlbum,图片正在加载，请稍后再试...,
164140,MultimediaAlbum,视频文件未能加载成功,
164141,MultimediaAlbum,模版名称：最多%s个字,
164142,MultimediaAlbum,模版简介：上限%s个字,
164143,MultimediaAlbum,勾选后应用模版时可使用当前动作、装扮和地点拍摄到一模一样的内容,
164144,MultimediaAlbum,设置为公开发布后你的模版将会上云并进入拍同款大厅流通,
164145,MultimediaAlbum,拍同款,
164146,MultimediaAlbum,模板已下架,
164147,MultimediaAlbum,模板未审核通过,
164148,MultimediaAlbum,模板正在审核中,
164149,MultimediaAlbum,操作时间倒序排列,
164150,MultimediaAlbum,操作时间正序排列,
164151,MultimediaAlbum,筛选-视频模版,
164152,MultimediaAlbum,筛选-相片模版,
164153,MultimediaAlbum,筛选-公开模板,
164154,MultimediaAlbum,媒体文件已不存在,
164155,MultimediaAlbum,视频文件丢失，无法播放,
164156,MultimediaAlbum,已选择%s个%s,
164157,MultimediaAlbum,页签共%s个模板，已选择%s个,
164158,MultimediaAlbum,已有模板,
164159,MultimediaAlbum,拍摄于,
164160,MultimediaAlbum,正在使用其他模板，无法创建当前镜头模板,
164161,MultimediaAlbum,模板类型,
164162,MultimediaAlbum,相机属性: 完整参数,
164163,MultimediaAlbum,"当前模版没有固定穿戴
你可以使用自己的穿搭自由搭配",
164164,MultimediaAlbum,正在审核中，暂时无法编辑,
164165,MultimediaAlbum,模板已封禁，无法编辑,
164166,MultimediaAlbum,仅支持发布%s张图片，删除多出的图片后再发布,
164167,MultimediaAlbum,已使用本地容量:%s，本地剩余容量：%s,
164168,MultimediaAlbum,(未上云的相片/模板在应用卸载后会被删除，请及时上云),
164169,MultimediaAlbum,已选择%s个%s,
164170,MultimediaAlbum,选择数量已达上限,
164171,MultimediaAlbum,相册本地容量已达%s，请及时上云和整理本地相册,
164172,MultimediaAlbum,使用模板,
164173,MultimediaAlbum,容量预警,
164174,MultimediaAlbum,无法执行此操作,
164175,MultimediaAlbum,uin或模板ID,
164176,MultimediaAlbum,"暂未收藏拍摄模板
可以通过推荐或搜索找到喜欢的模板",
164177,MultimediaAlbum,视频模板选择成功，点击录像按钮开启应用,
164178,MultimediaAlbum,你没有%s动作,
164179,MultimediaAlbum,平台等级大于0才能上传到云端,
164180,MultimediaAlbum,平台等级大于0才能进行公开发布,
164181,MultimediaAlbum,内容已下架，无法查看,
164182,MultimediaAlbum,"仅展示公开且审核通过的模版,可前往相册-模版操作公开",
164183,MultimediaAlbum,内容正在审核中，无法查看,
164184,MultimediaAlbum,内容审核未通过，无法执行此操作,
164185,MultimediaAlbum,包含违规内容，无法执行此操作,
164186,MultimediaAlbum,手动取消上传,
164187,MultimediaAlbum,文件损坏:校验出错,
164188,MultimediaAlbum,"%s违规,仅可执行删除操作",
164189,MultimediaAlbum,"即将进入地图[%s],确认前往？",
164190,MultimediaAlbum,拍摄模板使用,
164191,MultimediaAlbum,"模板已收藏到模板列表，你是否现在要进入地图使用模板？",
164192,MultimediaAlbum,稍后再用,
164193,MultimediaAlbum,选择地图,
